-33,-97,NOMm2igbkIuqki1M3w4IitbVQf8=,A6mf8M0k42UIPSd/rxnxaXKHpJI=
-34,-97,NOMm2igbkIuqki1M3w4IitbVQf8=,A6mf8M0k42UIPSd/rxnxaXKHpJI=
-35,-97,NOMm2igbkIuqki1M3w4IitbVQf8=,A6mf8M0k42UIPSd/rxnxaXKHpJI=
-38,-97,NOMm2igbkIuqki1M3w4IitbVQf8=,A6mf8M0k42UIPSd/rxnxaXKHpJI=
-36,-97,NOMm2igbkIuqki1M3w4IitbVQf8=,A6mf8M0k42UIPSd/rxnxaXKHpJI=
-37,-97,NOMm2igbkIuqki1M3w4IitbVQf8=,A6mf8M0k42UIPSd/rxnxaXKHpJI=
-33,-98,NOMm2igbkIuqki1M3w4IitbVQf8=,A6mf8M0k42UIPSd/rxnxaXKHpJI=
-43,-112,NOMm2igbkIuqki1M3w4IitbVQf8=,A6mf8M0k42UIPSd/rxnxaXKHpJI=
-44,-112,NOMm2igbkIuqki1M3w4IitbVQf8=,A6mf8M0k42UIPSd/rxnxaXKHpJI=
-39,-97,NOMm2igbkIuqki1M3w4IitbVQf8=,A6mf8M0k42UIPSd/rxnxaXKHpJI=
-47,-112,NOMm2igbkIuqki1M3w4IitbVQf8=,A6mf8M0k42UIPSd/rxnxaXKHpJI=
-34,-98,NOMm2igbkIuqki1M3w4IitbVQf8=,A6mf8M0k42UIPSd/rxnxaXKHpJI=
-44,-111,NOMm2igbkIuqki1M3w4IitbVQf8=,A6mf8M0k42UIPSd/rxnxaXKHpJI=
-43,-111,NOMm2igbkIuqki1M3w4IitbVQf8=,A6mf8M0k42UIPSd/rxnxaXKHpJI=
-47,-109,NOMm2igbkIuqki1M3w4IitbVQf8=,A6mf8M0k42UIPSd/rxnxaXKHpJI=
-43,-109,NOMm2igbkIuqki1M3w4IitbVQf8=,A6mf8M0k42UIPSd/rxnxaXKHpJI=
-45,-110,NOMm2igbkIuqki1M3w4IitbVQf8=,A6mf8M0k42UIPSd/rxnxaXKHpJI=
-45,-112,NOMm2igbkIuqki1M3w4IitbVQf8=,A6mf8M0k42UIPSd/rxnxaXKHpJI=
-41,-109,NOMm2igbkIuqki1M3w4IitbVQf8=,A6mf8M0k42UIPSd/rxnxaXKHpJI=
-42,-109,NOMm2igbkIuqki1M3w4IitbVQf8=,A6mf8M0k42UIPSd/rxnxaXKHpJI=
-42,-110,NOMm2igbkIuqki1M3w4IitbVQf8=,A6mf8M0k42UIPSd/rxnxaXKHpJI=
-44,-109,NOMm2igbkIuqki1M3w4IitbVQf8=,A6mf8M0k42UIPSd/rxnxaXKHpJI=
-46,-109,NOMm2igbkIuqki1M3w4IitbVQf8=,A6mf8M0k42UIPSd/rxnxaXKHpJI=
-45,-109,NOMm2igbkIuqki1M3w4IitbVQf8=,A6mf8M0k42UIPSd/rxnxaXKHpJI=
-36,-98,NOMm2igbkIuqki1M3w4IitbVQf8=,A6mf8M0k42UIPSd/rxnxaXKHpJI=
-44,-110,NOMm2igbkIuqki1M3w4IitbVQf8=,A6mf8M0k42UIPSd/rxnxaXKHpJI=
-43,-110,NOMm2igbkIuqki1M3w4IitbVQf8=,A6mf8M0k42UIPSd/rxnxaXKHpJI=
-37,-98,NOMm2igbkIuqki1M3w4IitbVQf8=,A6mf8M0k42UIPSd/rxnxaXKHpJI=
-35,-98,NOMm2igbkIuqki1M3w4IitbVQf8=,A6mf8M0k42UIPSd/rxnxaXKHpJI=
-40,-109,NOMm2igbkIuqki1M3w4IitbVQf8=,A6mf8M0k42UIPSd/rxnxaXKHpJI=
-45,-97,NOMm2igbkIuqki1M3w4IitbVQf8=,A6mf8M0k42UIPSd/rxnxaXKHpJI=
-45,-111,NOMm2igbkIuqki1M3w4IitbVQf8=,A6mf8M0k42UIPSd/rxnxaXKHpJI=
-38,-98,NOMm2igbkIuqki1M3w4IitbVQf8=,A6mf8M0k42UIPSd/rxnxaXKHpJI=
-40,-97,NOMm2igbkIuqki1M3w4IitbVQf8=,A6mf8M0k42UIPSd/rxnxaXKHpJI=
-46,-110,NOMm2igbkIuqki1M3w4IitbVQf8=,A6mf8M0k42UIPSd/rxnxaXKHpJI=
-39,-109,NOMm2igbkIuqki1M3w4IitbVQf8=,A6mf8M0k42UIPSd/rxnxaXKHpJI=
-36,-99,NOMm2igbkIuqki1M3w4IitbVQf8=,A6mf8M0k42UIPSd/rxnxaXKHpJI=
-42,-97,NOMm2igbkIuqki1M3w4IitbVQf8=,A6mf8M0k42UIPSd/rxnxaXKHpJI=
-33,-99,NOMm2igbkIuqki1M3w4IitbVQf8=,A6mf8M0k42UIPSd/rxnxaXKHpJI=
-38,-109,NOMm2igbkIuqki1M3w4IitbVQf8=,A6mf8M0k42UIPSd/rxnxaXKHpJI=
-41,-97,NOMm2igbkIuqki1M3w4IitbVQf8=,A6mf8M0k42UIPSd/rxnxaXKHpJI=
-35,-99,NOMm2igbkIuqki1M3w4IitbVQf8=,A6mf8M0k42UIPSd/rxnxaXKHpJI=
-46,-97,NOMm2igbkIuqki1M3w4IitbVQf8=,A6mf8M0k42UIPSd/rxnxaXKHpJI=
-48,-97,NOMm2igbkIuqki1M3w4IitbVQf8=,A6mf8M0k42UIPSd/rxnxaXKHpJI=
-42,-99,NOMm2igbkIuqki1M3w4IitbVQf8=,A6mf8M0k42UIPSd/rxnxaXKHpJI=
-37,-109,NOMm2igbkIuqki1M3w4IitbVQf8=,A6mf8M0k42UIPSd/rxnxaXKHpJI=
-46,-111,NOMm2igbkIuqki1M3w4IitbVQf8=,A6mf8M0k42UIPSd/rxnxaXKHpJI=
-47,-110,NOMm2igbkIuqki1M3w4IitbVQf8=,A6mf8M0k42UIPSd/rxnxaXKHpJI=
-40,-99,NOMm2igbkIuqki1M3w4IitbVQf8=,A6mf8M0k42UIPSd/rxnxaXKHpJI=
-34,-100,NOMm2igbkIuqki1M3w4IitbVQf8=,A6mf8M0k42UIPSd/rxnxaXKHpJI=
-44,-97,NOMm2igbkIuqki1M3w4IitbVQf8=,A6mf8M0k42UIPSd/rxnxaXKHpJI=
-33,-100,NOMm2igbkIuqki1M3w4IitbVQf8=,A6mf8M0k42UIPSd/rxnxaXKHpJI=
-40,-98,NOMm2igbkIuqki1M3w4IitbVQf8=,A6mf8M0k42UIPSd/rxnxaXKHpJI=
-43,-97,NOMm2igbkIuqki1M3w4IitbVQf8=,A6mf8M0k42UIPSd/rxnxaXKHpJI=
-47,-98,NOMm2igbkIuqki1M3w4IitbVQf8=,A6mf8M0k42UIPSd/rxnxaXKHpJI=
-47,-97,NOMm2igbkIuqki1M3w4IitbVQf8=,A6mf8M0k42UIPSd/rxnxaXKHpJI=
-34,-99,NOMm2igbkIuqki1M3w4IitbVQf8=,A6mf8M0k42UIPSd/rxnxaXKHpJI=
-43,-98,NOMm2igbkIuqki1M3w4IitbVQf8=,A6mf8M0k42UIPSd/rxnxaXKHpJI=
-36,-100,NOMm2igbkIuqki1M3w4IitbVQf8=,A6mf8M0k42UIPSd/rxnxaXKHpJI=
-38,-99,NOMm2igbkIuqki1M3w4IitbVQf8=,A6mf8M0k42UIPSd/rxnxaXKHpJI=
-44,-100,NOMm2igbkIuqki1M3w4IitbVQf8=,A6mf8M0k42UIPSd/rxnxaXKHpJI=
-48,-98,NOMm2igbkIuqki1M3w4IitbVQf8=,A6mf8M0k42UIPSd/rxnxaXKHpJI=
-39,-99,NOMm2igbkIuqki1M3w4IitbVQf8=,A6mf8M0k42UIPSd/rxnxaXKHpJI=
-45,-98,NOMm2igbkIuqki1M3w4IitbVQf8=,A6mf8M0k42UIPSd/rxnxaXKHpJI=
-44,-99,NOMm2igbkIuqki1M3w4IitbVQf8=,A6mf8M0k42UIPSd/rxnxaXKHpJI=
-44,-98,NOMm2igbkIuqki1M3w4IitbVQf8=,A6mf8M0k42UIPSd/rxnxaXKHpJI=
-46,-98,NOMm2igbkIuqki1M3w4IitbVQf8=,A6mf8M0k42UIPSd/rxnxaXKHpJI=
-48,-111,NOMm2igbkIuqki1M3w4IitbVQf8=,A6mf8M0k42UIPSd/rxnxaXKHpJI=
-47,-111,NOMm2igbkIuqki1M3w4IitbVQf8=,A6mf8M0k42UIPSd/rxnxaXKHpJI=
-48,-109,NOMm2igbkIuqki1M3w4IitbVQf8=,A6mf8M0k42UIPSd/rxnxaXKHpJI=
-46,-112,NOMm2igbkIuqki1M3w4IitbVQf8=,A6mf8M0k42UIPSd/rxnxaXKHpJI=
-48,-110,NOMm2igbkIuqki1M3w4IitbVQf8=,A6mf8M0k42UIPSd/rxnxaXKHpJI=
-35,-100,NOMm2igbkIuqki1M3w4IitbVQf8=,A6mf8M0k42UIPSd/rxnxaXKHpJI=
-39,-98,NOMm2igbkIuqki1M3w4IitbVQf8=,A6mf8M0k42UIPSd/rxnxaXKHpJI=
-37,-99,NOMm2igbkIuqki1M3w4IitbVQf8=,A6mf8M0k42UIPSd/rxnxaXKHpJI=
-48,-99,NOMm2igbkIuqki1M3w4IitbVQf8=,A6mf8M0k42UIPSd/rxnxaXKHpJI=
-42,-98,NOMm2igbkIuqki1M3w4IitbVQf8=,A6mf8M0k42UIPSd/rxnxaXKHpJI=
-41,-98,NOMm2igbkIuqki1M3w4IitbVQf8=,A6mf8M0k42UIPSd/rxnxaXKHpJI=
-41,-99,NOMm2igbkIuqki1M3w4IitbVQf8=,A6mf8M0k42UIPSd/rxnxaXKHpJI=
-38,-100,NOMm2igbkIuqki1M3w4IitbVQf8=,A6mf8M0k42UIPSd/rxnxaXKHpJI=
-45,-99,NOMm2igbkIuqki1M3w4IitbVQf8=,A6mf8M0k42UIPSd/rxnxaXKHpJI=
-39,-100,NOMm2igbkIuqki1M3w4IitbVQf8=,A6mf8M0k42UIPSd/rxnxaXKHpJI=
-43,-99,NOMm2igbkIuqki1M3w4IitbVQf8=,A6mf8M0k42UIPSd/rxnxaXKHpJI=
-38,-101,NOMm2igbkIuqki1M3w4IitbVQf8=,A6mf8M0k42UIPSd/rxnxaXKHpJI=
-43,-101,NOMm2igbkIuqki1M3w4IitbVQf8=,A6mf8M0k42UIPSd/rxnxaXKHpJI=
-36,-101,NOMm2igbkIuqki1M3w4IitbVQf8=,A6mf8M0k42UIPSd/rxnxaXKHpJI=
-40,-101,NOMm2igbkIuqki1M3w4IitbVQf8=,A6mf8M0k42UIPSd/rxnxaXKHpJI=
-44,-101,NOMm2igbkIuqki1M3w4IitbVQf8=,A6mf8M0k42UIPSd/rxnxaXKHpJI=
-45,-101,NOMm2igbkIuqki1M3w4IitbVQf8=,A6mf8M0k42UIPSd/rxnxaXKHpJI=
-42,-100,NOMm2igbkIuqki1M3w4IitbVQf8=,A6mf8M0k42UIPSd/rxnxaXKHpJI=
-35,-101,NOMm2igbkIuqki1M3w4IitbVQf8=,A6mf8M0k42UIPSd/rxnxaXKHpJI=
-48,-101,NOMm2igbkIuqki1M3w4IitbVQf8=,A6mf8M0k42UIPSd/rxnxaXKHpJI=
-34,-101,NOMm2igbkIuqki1M3w4IitbVQf8=,A6mf8M0k42UIPSd/rxnxaXKHpJI=
-39,-101,NOMm2igbkIuqki1M3w4IitbVQf8=,A6mf8M0k42UIPSd/rxnxaXKHpJI=
-45,-100,NOMm2igbkIuqki1M3w4IitbVQf8=,A6mf8M0k42UIPSd/rxnxaXKHpJI=
-46,-99,NOMm2igbkIuqki1M3w4IitbVQf8=,A6mf8M0k42UIPSd/rxnxaXKHpJI=
-43,-100,NOMm2igbkIuqki1M3w4IitbVQf8=,A6mf8M0k42UIPSd/rxnxaXKHpJI=
-40,-100,NOMm2igbkIuqki1M3w4IitbVQf8=,A6mf8M0k42UIPSd/rxnxaXKHpJI=
-33,-111,NOMm2igbkIuqki1M3w4IitbVQf8=,A6mf8M0k42UIPSd/rxnxaXKHpJI=
-38,-102,NOMm2igbkIuqki1M3w4IitbVQf8=,A6mf8M0k42UIPSd/rxnxaXKHpJI=
-33,-101,NOMm2igbkIuqki1M3w4IitbVQf8=,A6mf8M0k42UIPSd/rxnxaXKHpJI=
-37,-101,NOMm2igbkIuqki1M3w4IitbVQf8=,A6mf8M0k42UIPSd/rxnxaXKHpJI=
-39,-102,NOMm2igbkIuqki1M3w4IitbVQf8=,A6mf8M0k42UIPSd/rxnxaXKHpJI=
-37,-102,NOMm2igbkIuqki1M3w4IitbVQf8=,A6mf8M0k42UIPSd/rxnxaXKHpJI=
-35,-112,NOMm2igbkIuqki1M3w4IitbVQf8=,A6mf8M0k42UIPSd/rxnxaXKHpJI=
-36,-102,NOMm2igbkIuqki1M3w4IitbVQf8=,A6mf8M0k42UIPSd/rxnxaXKHpJI=
-44,-102,NOMm2igbkIuqki1M3w4IitbVQf8=,A6mf8M0k42UIPSd/rxnxaXKHpJI=
-45,-102,NOMm2igbkIuqki1M3w4IitbVQf8=,A6mf8M0k42UIPSd/rxnxaXKHpJI=
-46,-102,NOMm2igbkIuqki1M3w4IitbVQf8=,A6mf8M0k42UIPSd/rxnxaXKHpJI=
-34,-102,NOMm2igbkIuqki1M3w4IitbVQf8=,A6mf8M0k42UIPSd/rxnxaXKHpJI=
-36,-112,NOMm2igbkIuqki1M3w4IitbVQf8=,A6mf8M0k42UIPSd/rxnxaXKHpJI=
-48,-102,NOMm2igbkIuqki1M3w4IitbVQf8=,A6mf8M0k42UIPSd/rxnxaXKHpJI=
-36,-111,NOMm2igbkIuqki1M3w4IitbVQf8=,A6mf8M0k42UIPSd/rxnxaXKHpJI=
-34,-103,NOMm2igbkIuqki1M3w4IitbVQf8=,A6mf8M0k42UIPSd/rxnxaXKHpJI=
-40,-102,NOMm2igbkIuqki1M3w4IitbVQf8=,A6mf8M0k42UIPSd/rxnxaXKHpJI=
-33,-102,NOMm2igbkIuqki1M3w4IitbVQf8=,A6mf8M0k42UIPSd/rxnxaXKHpJI=
-37,-103,NOMm2igbkIuqki1M3w4IitbVQf8=,A6mf8M0k42UIPSd/rxnxaXKHpJI=
-42,-102,NOMm2igbkIuqki1M3w4IitbVQf8=,A6mf8M0k42UIPSd/rxnxaXKHpJI=
-35,-102,NOMm2igbkIuqki1M3w4IitbVQf8=,A6mf8M0k42UIPSd/rxnxaXKHpJI=
-35,-103,NOMm2igbkIuqki1M3w4IitbVQf8=,A6mf8M0k42UIPSd/rxnxaXKHpJI=
-36,-103,NOMm2igbkIuqki1M3w4IitbVQf8=,A6mf8M0k42UIPSd/rxnxaXKHpJI=
-42,-101,NOMm2igbkIuqki1M3w4IitbVQf8=,A6mf8M0k42UIPSd/rxnxaXKHpJI=
-41,-102,NOMm2igbkIuqki1M3w4IitbVQf8=,A6mf8M0k42UIPSd/rxnxaXKHpJI=
-44,-103,NOMm2igbkIuqki1M3w4IitbVQf8=,A6mf8M0k42UIPSd/rxnxaXKHpJI=
-46,-103,NOMm2igbkIuqki1M3w4IitbVQf8=,A6mf8M0k42UIPSd/rxnxaXKHpJI=
-40,-103,NOMm2igbkIuqki1M3w4IitbVQf8=,A6mf8M0k42UIPSd/rxnxaXKHpJI=
-39,-103,NOMm2igbkIuqki1M3w4IitbVQf8=,A6mf8M0k42UIPSd/rxnxaXKHpJI=
-37,-112,NOMm2igbkIuqki1M3w4IitbVQf8=,A6mf8M0k42UIPSd/rxnxaXKHpJI=
-47,-103,NOMm2igbkIuqki1M3w4IitbVQf8=,A6mf8M0k42UIPSd/rxnxaXKHpJI=
-45,-103,NOMm2igbkIuqki1M3w4IitbVQf8=,A6mf8M0k42UIPSd/rxnxaXKHpJI=
-47,-102,NOMm2igbkIuqki1M3w4IitbVQf8=,A6mf8M0k42UIPSd/rxnxaXKHpJI=
-33,-103,NOMm2igbkIuqki1M3w4IitbVQf8=,A6mf8M0k42UIPSd/rxnxaXKHpJI=
-38,-103,NOMm2igbkIuqki1M3w4IitbVQf8=,A6mf8M0k42UIPSd/rxnxaXKHpJI=
-41,-103,NOMm2igbkIuqki1M3w4IitbVQf8=,A6mf8M0k42UIPSd/rxnxaXKHpJI=
-43,-102,NOMm2igbkIuqki1M3w4IitbVQf8=,A6mf8M0k42UIPSd/rxnxaXKHpJI=
-37,-111,NOMm2igbkIuqki1M3w4IitbVQf8=,A6mf8M0k42UIPSd/rxnxaXKHpJI=
-35,-104,NOMm2igbkIuqki1M3w4IitbVQf8=,A6mf8M0k42UIPSd/rxnxaXKHpJI=
-48,-103,NOMm2igbkIuqki1M3w4IitbVQf8=,A6mf8M0k42UIPSd/rxnxaXKHpJI=
-36,-104,NOMm2igbkIuqki1M3w4IitbVQf8=,A6mf8M0k42UIPSd/rxnxaXKHpJI=
-47,-99,NOMm2igbkIuqki1M3w4IitbVQf8=,A6mf8M0k42UIPSd/rxnxaXKHpJI=
-34,-104,NOMm2igbkIuqki1M3w4IitbVQf8=,A6mf8M0k42UIPSd/rxnxaXKHpJI=
-42,-103,NOMm2igbkIuqki1M3w4IitbVQf8=,A6mf8M0k42UIPSd/rxnxaXKHpJI=
-43,-104,NOMm2igbkIuqki1M3w4IitbVQf8=,A6mf8M0k42UIPSd/rxnxaXKHpJI=
-44,-104,NOMm2igbkIuqki1M3w4IitbVQf8=,A6mf8M0k42UIPSd/rxnxaXKHpJI=
-33,-104,NOMm2igbkIuqki1M3w4IitbVQf8=,A6mf8M0k42UIPSd/rxnxaXKHpJI=
-38,-104,NOMm2igbkIuqki1M3w4IitbVQf8=,A6mf8M0k42UIPSd/rxnxaXKHpJI=
-39,-104,NOMm2igbkIuqki1M3w4IitbVQf8=,A6mf8M0k42UIPSd/rxnxaXKHpJI=
-45,-104,NOMm2igbkIuqki1M3w4IitbVQf8=,A6mf8M0k42UIPSd/rxnxaXKHpJI=
-42,-104,NOMm2igbkIuqki1M3w4IitbVQf8=,A6mf8M0k42UIPSd/rxnxaXKHpJI=
-46,-104,NOMm2igbkIuqki1M3w4IitbVQf8=,A6mf8M0k42UIPSd/rxnxaXKHpJI=
-47,-104,NOMm2igbkIuqki1M3w4IitbVQf8=,A6mf8M0k42UIPSd/rxnxaXKHpJI=
-38,-112,NOMm2igbkIuqki1M3w4IitbVQf8=,A6mf8M0k42UIPSd/rxnxaXKHpJI=
-40,-104,NOMm2igbkIuqki1M3w4IitbVQf8=,A6mf8M0k42UIPSd/rxnxaXKHpJI=
-33,-105,NOMm2igbkIuqki1M3w4IitbVQf8=,A6mf8M0k42UIPSd/rxnxaXKHpJI=
-43,-103,NOMm2igbkIuqki1M3w4IitbVQf8=,A6mf8M0k42UIPSd/rxnxaXKHpJI=
-38,-111,NOMm2igbkIuqki1M3w4IitbVQf8=,A6mf8M0k42UIPSd/rxnxaXKHpJI=
-34,-105,NOMm2igbkIuqki1M3w4IitbVQf8=,A6mf8M0k42UIPSd/rxnxaXKHpJI=
-35,-105,NOMm2igbkIuqki1M3w4IitbVQf8=,A6mf8M0k42UIPSd/rxnxaXKHpJI=
-36,-105,NOMm2igbkIuqki1M3w4IitbVQf8=,A6mf8M0k42UIPSd/rxnxaXKHpJI=
-41,-100,NOMm2igbkIuqki1M3w4IitbVQf8=,A6mf8M0k42UIPSd/rxnxaXKHpJI=
-43,-105,NOMm2igbkIuqki1M3w4IitbVQf8=,A6mf8M0k42UIPSd/rxnxaXKHpJI=
-48,-104,NOMm2igbkIuqki1M3w4IitbVQf8=,A6mf8M0k42UIPSd/rxnxaXKHpJI=
-37,-105,NOMm2igbkIuqki1M3w4IitbVQf8=,A6mf8M0k42UIPSd/rxnxaXKHpJI=
-37,-104,NOMm2igbkIuqki1M3w4IitbVQf8=,A6mf8M0k42UIPSd/rxnxaXKHpJI=
-34,-111,NOMm2igbkIuqki1M3w4IitbVQf8=,A6mf8M0k42UIPSd/rxnxaXKHpJI=
-44,-105,NOMm2igbkIuqki1M3w4IitbVQf8=,A6mf8M0k42UIPSd/rxnxaXKHpJI=
-46,-105,NOMm2igbkIuqki1M3w4IitbVQf8=,A6mf8M0k42UIPSd/rxnxaXKHpJI=
-47,-105,NOMm2igbkIuqki1M3w4IitbVQf8=,A6mf8M0k42UIPSd/rxnxaXKHpJI=
-41,-105,NOMm2igbkIuqki1M3w4IitbVQf8=,A6mf8M0k42UIPSd/rxnxaXKHpJI=
-37,-100,NOMm2igbkIuqki1M3w4IitbVQf8=,A6mf8M0k42UIPSd/rxnxaXKHpJI=
-48,-105,NOMm2igbkIuqki1M3w4IitbVQf8=,A6mf8M0k42UIPSd/rxnxaXKHpJI=
-45,-105,NOMm2igbkIuqki1M3w4IitbVQf8=,A6mf8M0k42UIPSd/rxnxaXKHpJI=
-40,-105,NOMm2igbkIuqki1M3w4IitbVQf8=,A6mf8M0k42UIPSd/rxnxaXKHpJI=
-38,-110,NOMm2igbkIuqki1M3w4IitbVQf8=,A6mf8M0k42UIPSd/rxnxaXKHpJI=
-42,-105,NOMm2igbkIuqki1M3w4IitbVQf8=,A6mf8M0k42UIPSd/rxnxaXKHpJI=
-48,-100,NOMm2igbkIuqki1M3w4IitbVQf8=,A6mf8M0k42UIPSd/rxnxaXKHpJI=
-39,-111,NOMm2igbkIuqki1M3w4IitbVQf8=,A6mf8M0k42UIPSd/rxnxaXKHpJI=
-39,-105,NOMm2igbkIuqki1M3w4IitbVQf8=,A6mf8M0k42UIPSd/rxnxaXKHpJI=
-37,-106,NOMm2igbkIuqki1M3w4IitbVQf8=,A6mf8M0k42UIPSd/rxnxaXKHpJI=
-38,-105,NOMm2igbkIuqki1M3w4IitbVQf8=,A6mf8M0k42UIPSd/rxnxaXKHpJI=
-36,-109,NOMm2igbkIuqki1M3w4IitbVQf8=,A6mf8M0k42UIPSd/rxnxaXKHpJI=
-41,-106,NOMm2igbkIuqki1M3w4IitbVQf8=,A6mf8M0k42UIPSd/rxnxaXKHpJI=
-42,-106,NOMm2igbkIuqki1M3w4IitbVQf8=,A6mf8M0k42UIPSd/rxnxaXKHpJI=
-33,-110,NOMm2igbkIuqki1M3w4IitbVQf8=,A6mf8M0k42UIPSd/rxnxaXKHpJI=
-36,-106,NOMm2igbkIuqki1M3w4IitbVQf8=,A6mf8M0k42UIPSd/rxnxaXKHpJI=
-34,-106,NOMm2igbkIuqki1M3w4IitbVQf8=,A6mf8M0k42UIPSd/rxnxaXKHpJI=
-44,-106,NOMm2igbkIuqki1M3w4IitbVQf8=,A6mf8M0k42UIPSd/rxnxaXKHpJI=
-45,-106,NOMm2igbkIuqki1M3w4IitbVQf8=,A6mf8M0k42UIPSd/rxnxaXKHpJI=
-46,-106,NOMm2igbkIuqki1M3w4IitbVQf8=,A6mf8M0k42UIPSd/rxnxaXKHpJI=
-46,-101,NOMm2igbkIuqki1M3w4IitbVQf8=,A6mf8M0k42UIPSd/rxnxaXKHpJI=
-39,-112,NOMm2igbkIuqki1M3w4IitbVQf8=,A6mf8M0k42UIPSd/rxnxaXKHpJI=
-47,-106,NOMm2igbkIuqki1M3w4IitbVQf8=,A6mf8M0k42UIPSd/rxnxaXKHpJI=
-33,-112,NOMm2igbkIuqki1M3w4IitbVQf8=,A6mf8M0k42UIPSd/rxnxaXKHpJI=
-40,-112,NOMm2igbkIuqki1M3w4IitbVQf8=,A6mf8M0k42UIPSd/rxnxaXKHpJI=
-47,-101,NOMm2igbkIuqki1M3w4IitbVQf8=,A6mf8M0k42UIPSd/rxnxaXKHpJI=
-48,-106,NOMm2igbkIuqki1M3w4IitbVQf8=,A6mf8M0k42UIPSd/rxnxaXKHpJI=
-40,-106,NOMm2igbkIuqki1M3w4IitbVQf8=,A6mf8M0k42UIPSd/rxnxaXKHpJI=
-35,-106,NOMm2igbkIuqki1M3w4IitbVQf8=,A6mf8M0k42UIPSd/rxnxaXKHpJI=
-39,-110,NOMm2igbkIuqki1M3w4IitbVQf8=,A6mf8M0k42UIPSd/rxnxaXKHpJI=
-33,-107,NOMm2igbkIuqki1M3w4IitbVQf8=,A6mf8M0k42UIPSd/rxnxaXKHpJI=
-34,-112,NOMm2igbkIuqki1M3w4IitbVQf8=,A6mf8M0k42UIPSd/rxnxaXKHpJI=
-34,-107,NOMm2igbkIuqki1M3w4IitbVQf8=,A6mf8M0k42UIPSd/rxnxaXKHpJI=
-41,-101,NOMm2igbkIuqki1M3w4IitbVQf8=,A6mf8M0k42UIPSd/rxnxaXKHpJI=
-41,-107,NOMm2igbkIuqki1M3w4IitbVQf8=,A6mf8M0k42UIPSd/rxnxaXKHpJI=
-41,-112,NOMm2igbkIuqki1M3w4IitbVQf8=,A6mf8M0k42UIPSd/rxnxaXKHpJI=
-40,-107,NOMm2igbkIuqki1M3w4IitbVQf8=,A6mf8M0k42UIPSd/rxnxaXKHpJI=
-46,-107,NOMm2igbkIuqki1M3w4IitbVQf8=,A6mf8M0k42UIPSd/rxnxaXKHpJI=
-42,-107,NOMm2igbkIuqki1M3w4IitbVQf8=,A6mf8M0k42UIPSd/rxnxaXKHpJI=
-40,-110,NOMm2igbkIuqki1M3w4IitbVQf8=,A6mf8M0k42UIPSd/rxnxaXKHpJI=
-43,-106,NOMm2igbkIuqki1M3w4IitbVQf8=,A6mf8M0k42UIPSd/rxnxaXKHpJI=
-47,-107,NOMm2igbkIuqki1M3w4IitbVQf8=,A6mf8M0k42UIPSd/rxnxaXKHpJI=
-40,-111,NOMm2igbkIuqki1M3w4IitbVQf8=,A6mf8M0k42UIPSd/rxnxaXKHpJI=
-33,-108,NOMm2igbkIuqki1M3w4IitbVQf8=,A6mf8M0k42UIPSd/rxnxaXKHpJI=
-44,-107,NOMm2igbkIuqki1M3w4IitbVQf8=,A6mf8M0k42UIPSd/rxnxaXKHpJI=
-41,-111,NOMm2igbkIuqki1M3w4IitbVQf8=,A6mf8M0k42UIPSd/rxnxaXKHpJI=
-45,-107,NOMm2igbkIuqki1M3w4IitbVQf8=,A6mf8M0k42UIPSd/rxnxaXKHpJI=
-43,-107,NOMm2igbkIuqki1M3w4IitbVQf8=,A6mf8M0k42UIPSd/rxnxaXKHpJI=
-35,-108,NOMm2igbkIuqki1M3w4IitbVQf8=,A6mf8M0k42UIPSd/rxnxaXKHpJI=
-39,-108,NOMm2igbkIuqki1M3w4IitbVQf8=,A6mf8M0k42UIPSd/rxnxaXKHpJI=
-40,-108,NOMm2igbkIuqki1M3w4IitbVQf8=,A6mf8M0k42UIPSd/rxnxaXKHpJI=
-48,-112,NOMm2igbkIuqki1M3w4IitbVQf8=,A6mf8M0k42UIPSd/rxnxaXKHpJI=
-48,-107,NOMm2igbkIuqki1M3w4IitbVQf8=,A6mf8M0k42UIPSd/rxnxaXKHpJI=
-41,-108,NOMm2igbkIuqki1M3w4IitbVQf8=,A6mf8M0k42UIPSd/rxnxaXKHpJI=
-46,-100,NOMm2igbkIuqki1M3w4IitbVQf8=,A6mf8M0k42UIPSd/rxnxaXKHpJI=
-45,-108,NOMm2igbkIuqki1M3w4IitbVQf8=,A6mf8M0k42UIPSd/rxnxaXKHpJI=
-44,-108,NOMm2igbkIuqki1M3w4IitbVQf8=,A6mf8M0k42UIPSd/rxnxaXKHpJI=
-43,-108,NOMm2igbkIuqki1M3w4IitbVQf8=,A6mf8M0k42UIPSd/rxnxaXKHpJI=
-46,-108,NOMm2igbkIuqki1M3w4IitbVQf8=,A6mf8M0k42UIPSd/rxnxaXKHpJI=
-47,-108,NOMm2igbkIuqki1M3w4IitbVQf8=,A6mf8M0k42UIPSd/rxnxaXKHpJI=
-42,-108,NOMm2igbkIuqki1M3w4IitbVQf8=,A6mf8M0k42UIPSd/rxnxaXKHpJI=
-41,-110,NOMm2igbkIuqki1M3w4IitbVQf8=,A6mf8M0k42UIPSd/rxnxaXKHpJI=
-42,-112,NOMm2igbkIuqki1M3w4IitbVQf8=,A6mf8M0k42UIPSd/rxnxaXKHpJI=
-48,-108,NOMm2igbkIuqki1M3w4IitbVQf8=,A6mf8M0k42UIPSd/rxnxaXKHpJI=
-33,-109,NOMm2igbkIuqki1M3w4IitbVQf8=,A6mf8M0k42UIPSd/rxnxaXKHpJI=
-42,-111,NOMm2igbkIuqki1M3w4IitbVQf8=,A6mf8M0k42UIPSd/rxnxaXKHpJI=
-34,-109,NOMm2igbkIuqki1M3w4IitbVQf8=,A6mf8M0k42UIPSd/rxnxaXKHpJI=
-35,-111,NOMm2igbkIuqki1M3w4IitbVQf8=,A6mf8M0k42UIPSd/rxnxaXKHpJI=
-47,-100,NOMm2igbkIuqki1M3w4IitbVQf8=,A6mf8M0k42UIPSd/rxnxaXKHpJI=
-36,-110,NOMm2igbkIuqki1M3w4IitbVQf8=,A6mf8M0k42UIPSd/rxnxaXKHpJI=
-34,-110,NOMm2igbkIuqki1M3w4IitbVQf8=,A6mf8M0k42UIPSd/rxnxaXKHpJI=
-37,-110,NOMm2igbkIuqki1M3w4IitbVQf8=,A6mf8M0k42UIPSd/rxnxaXKHpJI=
-35,-110,NOMm2igbkIuqki1M3w4IitbVQf8=,A6mf8M0k42UIPSd/rxnxaXKHpJI=
-41,-104,NOMm2igbkIuqki1M3w4IitbVQf8=,A6mf8M0k42UIPSd/rxnxaXKHpJI=
-33,-106,NOMm2igbkIuqki1M3w4IitbVQf8=,A6mf8M0k42UIPSd/rxnxaXKHpJI=
-35,-107,NOMm2igbkIuqki1M3w4IitbVQf8=,A6mf8M0k42UIPSd/rxnxaXKHpJI=
-37,-108,NOMm2igbkIuqki1M3w4IitbVQf8=,A6mf8M0k42UIPSd/rxnxaXKHpJI=
-34,-108,NOMm2igbkIuqki1M3w4IitbVQf8=,A6mf8M0k42UIPSd/rxnxaXKHpJI=
-39,-106,NOMm2igbkIuqki1M3w4IitbVQf8=,A6mf8M0k42UIPSd/rxnxaXKHpJI=
-38,-108,NOMm2igbkIuqki1M3w4IitbVQf8=,A6mf8M0k42UIPSd/rxnxaXKHpJI=
-38,-107,NOMm2igbkIuqki1M3w4IitbVQf8=,A6mf8M0k42UIPSd/rxnxaXKHpJI=
-38,-106,NOMm2igbkIuqki1M3w4IitbVQf8=,A6mf8M0k42UIPSd/rxnxaXKHpJI=
-36,-107,NOMm2igbkIuqki1M3w4IitbVQf8=,A6mf8M0k42UIPSd/rxnxaXKHpJI=
-35,-109,NOMm2igbkIuqki1M3w4IitbVQf8=,A6mf8M0k42UIPSd/rxnxaXKHpJI=
-36,-108,NOMm2igbkIuqki1M3w4IitbVQf8=,A6mf8M0k42UIPSd/rxnxaXKHpJI=
-39,-107,NOMm2igbkIuqki1M3w4IitbVQf8=,A6mf8M0k42UIPSd/rxnxaXKHpJI=
-37,-107,NOMm2igbkIuqki1M3w4IitbVQf8=,A6mf8M0k42UIPSd/rxnxaXKHpJI=
-35,-113,NOMm2igbkIuqki1M3w4IitbVQf8=,zC/m09IN7MpSmqU5eujuVtL/bo4=
-42,-113,NOMm2igbkIuqki1M3w4IitbVQf8=,zC/m09IN7MpSmqU5eujuVtL/bo4=
-34,-113,NOMm2igbkIuqki1M3w4IitbVQf8=,zC/m09IN7MpSmqU5eujuVtL/bo4=
-36,-113,NOMm2igbkIuqki1M3w4IitbVQf8=,zC/m09IN7MpSmqU5eujuVtL/bo4=
-40,-113,NOMm2igbkIuqki1M3w4IitbVQf8=,zC/m09IN7MpSmqU5eujuVtL/bo4=
-41,-113,NOMm2igbkIuqki1M3w4IitbVQf8=,zC/m09IN7MpSmqU5eujuVtL/bo4=
-43,-113,NOMm2igbkIuqki1M3w4IitbVQf8=,zC/m09IN7MpSmqU5eujuVtL/bo4=
-38,-113,NOMm2igbkIuqki1M3w4IitbVQf8=,zC/m09IN7MpSmqU5eujuVtL/bo4=
-37,-113,NOMm2igbkIuqki1M3w4IitbVQf8=,zC/m09IN7MpSmqU5eujuVtL/bo4=
-45,-113,NOMm2igbkIuqki1M3w4IitbVQf8=,zC/m09IN7MpSmqU5eujuVtL/bo4=
-44,-113,NOMm2igbkIuqki1M3w4IitbVQf8=,zC/m09IN7MpSmqU5eujuVtL/bo4=
-46,-113,NOMm2igbkIuqki1M3w4IitbVQf8=,zC/m09IN7MpSmqU5eujuVtL/bo4=
-35,-114,NOMm2igbkIuqki1M3w4IitbVQf8=,zC/m09IN7MpSmqU5eujuVtL/bo4=
-34,-114,NOMm2igbkIuqki1M3w4IitbVQf8=,zC/m09IN7MpSmqU5eujuVtL/bo4=
-39,-113,NOMm2igbkIuqki1M3w4IitbVQf8=,zC/m09IN7MpSmqU5eujuVtL/bo4=
-39,-114,NOMm2igbkIuqki1M3w4IitbVQf8=,zC/m09IN7MpSmqU5eujuVtL/bo4=
-36,-114,NOMm2igbkIuqki1M3w4IitbVQf8=,zC/m09IN7MpSmqU5eujuVtL/bo4=
-37,-114,NOMm2igbkIuqki1M3w4IitbVQf8=,zC/m09IN7MpSmqU5eujuVtL/bo4=
-41,-114,NOMm2igbkIuqki1M3w4IitbVQf8=,zC/m09IN7MpSmqU5eujuVtL/bo4=
-48,-113,NOMm2igbkIuqki1M3w4IitbVQf8=,zC/m09IN7MpSmqU5eujuVtL/bo4=
-47,-113,NOMm2igbkIuqki1M3w4IitbVQf8=,zC/m09IN7MpSmqU5eujuVtL/bo4=
-43,-114,NOMm2igbkIuqki1M3w4IitbVQf8=,zC/m09IN7MpSmqU5eujuVtL/bo4=
-42,-114,NOMm2igbkIuqki1M3w4IitbVQf8=,zC/m09IN7MpSmqU5eujuVtL/bo4=
-38,-114,NOMm2igbkIuqki1M3w4IitbVQf8=,zC/m09IN7MpSmqU5eujuVtL/bo4=
-45,-114,NOMm2igbkIuqki1M3w4IitbVQf8=,zC/m09IN7MpSmqU5eujuVtL/bo4=
-47,-125,NOMm2igbkIuqki1M3w4IitbVQf8=,zC/m09IN7MpSmqU5eujuVtL/bo4=
-47,-114,NOMm2igbkIuqki1M3w4IitbVQf8=,zC/m09IN7MpSmqU5eujuVtL/bo4=
-44,-127,NOMm2igbkIuqki1M3w4IitbVQf8=,zC/m09IN7MpSmqU5eujuVtL/bo4=
-46,-125,NOMm2igbkIuqki1M3w4IitbVQf8=,zC/m09IN7MpSmqU5eujuVtL/bo4=
-45,-125,NOMm2igbkIuqki1M3w4IitbVQf8=,zC/m09IN7MpSmqU5eujuVtL/bo4=
-45,-128,NOMm2igbkIuqki1M3w4IitbVQf8=,zC/m09IN7MpSmqU5eujuVtL/bo4=
-42,-126,NOMm2igbkIuqki1M3w4IitbVQf8=,zC/m09IN7MpSmqU5eujuVtL/bo4=
-41,-125,NOMm2igbkIuqki1M3w4IitbVQf8=,zC/m09IN7MpSmqU5eujuVtL/bo4=
-48,-114,NOMm2igbkIuqki1M3w4IitbVQf8=,zC/m09IN7MpSmqU5eujuVtL/bo4=
-47,-128,NOMm2igbkIuqki1M3w4IitbVQf8=,zC/m09IN7MpSmqU5eujuVtL/bo4=
-44,-114,NOMm2igbkIuqki1M3w4IitbVQf8=,zC/m09IN7MpSmqU5eujuVtL/bo4=
-44,-125,NOMm2igbkIuqki1M3w4IitbVQf8=,zC/m09IN7MpSmqU5eujuVtL/bo4=
-43,-128,NOMm2igbkIuqki1M3w4IitbVQf8=,zC/m09IN7MpSmqU5eujuVtL/bo4=
-42,-125,NOMm2igbkIuqki1M3w4IitbVQf8=,zC/m09IN7MpSmqU5eujuVtL/bo4=
-45,-126,NOMm2igbkIuqki1M3w4IitbVQf8=,zC/m09IN7MpSmqU5eujuVtL/bo4=
-43,-127,NOMm2igbkIuqki1M3w4IitbVQf8=,zC/m09IN7MpSmqU5eujuVtL/bo4=
-45,-127,NOMm2igbkIuqki1M3w4IitbVQf8=,zC/m09IN7MpSmqU5eujuVtL/bo4=
-46,-126,NOMm2igbkIuqki1M3w4IitbVQf8=,zC/m09IN7MpSmqU5eujuVtL/bo4=
-40,-114,NOMm2igbkIuqki1M3w4IitbVQf8=,zC/m09IN7MpSmqU5eujuVtL/bo4=
-43,-126,NOMm2igbkIuqki1M3w4IitbVQf8=,zC/m09IN7MpSmqU5eujuVtL/bo4=
-46,-114,NOMm2igbkIuqki1M3w4IitbVQf8=,zC/m09IN7MpSmqU5eujuVtL/bo4=
-34,-115,NOMm2igbkIuqki1M3w4IitbVQf8=,zC/m09IN7MpSmqU5eujuVtL/bo4=
-44,-126,NOMm2igbkIuqki1M3w4IitbVQf8=,zC/m09IN7MpSmqU5eujuVtL/bo4=
-36,-115,NOMm2igbkIuqki1M3w4IitbVQf8=,zC/m09IN7MpSmqU5eujuVtL/bo4=
-44,-128,NOMm2igbkIuqki1M3w4IitbVQf8=,zC/m09IN7MpSmqU5eujuVtL/bo4=
-41,-115,NOMm2igbkIuqki1M3w4IitbVQf8=,zC/m09IN7MpSmqU5eujuVtL/bo4=
-37,-115,NOMm2igbkIuqki1M3w4IitbVQf8=,zC/m09IN7MpSmqU5eujuVtL/bo4=
-40,-115,NOMm2igbkIuqki1M3w4IitbVQf8=,zC/m09IN7MpSmqU5eujuVtL/bo4=
-40,-125,NOMm2igbkIuqki1M3w4IitbVQf8=,zC/m09IN7MpSmqU5eujuVtL/bo4=
-39,-115,NOMm2igbkIuqki1M3w4IitbVQf8=,zC/m09IN7MpSmqU5eujuVtL/bo4=
-35,-115,NOMm2igbkIuqki1M3w4IitbVQf8=,zC/m09IN7MpSmqU5eujuVtL/bo4=
-42,-115,NOMm2igbkIuqki1M3w4IitbVQf8=,zC/m09IN7MpSmqU5eujuVtL/bo4=
-38,-115,NOMm2igbkIuqki1M3w4IitbVQf8=,zC/m09IN7MpSmqU5eujuVtL/bo4=
-44,-115,NOMm2igbkIuqki1M3w4IitbVQf8=,zC/m09IN7MpSmqU5eujuVtL/bo4=
-46,-127,NOMm2igbkIuqki1M3w4IitbVQf8=,zC/m09IN7MpSmqU5eujuVtL/bo4=
-33,-116,NOMm2igbkIuqki1M3w4IitbVQf8=,zC/m09IN7MpSmqU5eujuVtL/bo4=
-33,-126,NOMm2igbkIuqki1M3w4IitbVQf8=,zC/m09IN7MpSmqU5eujuVtL/bo4=
-34,-116,NOMm2igbkIuqki1M3w4IitbVQf8=,zC/m09IN7MpSmqU5eujuVtL/bo4=
-48,-127,NOMm2igbkIuqki1M3w4IitbVQf8=,zC/m09IN7MpSmqU5eujuVtL/bo4=
-43,-115,NOMm2igbkIuqki1M3w4IitbVQf8=,zC/m09IN7MpSmqU5eujuVtL/bo4=
-34,-128,NOMm2igbkIuqki1M3w4IitbVQf8=,zC/m09IN7MpSmqU5eujuVtL/bo4=
-46,-128,NOMm2igbkIuqki1M3w4IitbVQf8=,zC/m09IN7MpSmqU5eujuVtL/bo4=
-46,-115,NOMm2igbkIuqki1M3w4IitbVQf8=,zC/m09IN7MpSmqU5eujuVtL/bo4=
-41,-116,NOMm2igbkIuqki1M3w4IitbVQf8=,zC/m09IN7MpSmqU5eujuVtL/bo4=
-48,-125,NOMm2igbkIuqki1M3w4IitbVQf8=,zC/m09IN7MpSmqU5eujuVtL/bo4=
-33,-128,NOMm2igbkIuqki1M3w4IitbVQf8=,zC/m09IN7MpSmqU5eujuVtL/bo4=
-47,-127,NOMm2igbkIuqki1M3w4IitbVQf8=,zC/m09IN7MpSmqU5eujuVtL/bo4=
-36,-116,NOMm2igbkIuqki1M3w4IitbVQf8=,zC/m09IN7MpSmqU5eujuVtL/bo4=
-33,-127,NOMm2igbkIuqki1M3w4IitbVQf8=,zC/m09IN7MpSmqU5eujuVtL/bo4=
-42,-116,NOMm2igbkIuqki1M3w4IitbVQf8=,zC/m09IN7MpSmqU5eujuVtL/bo4=
-35,-116,NOMm2igbkIuqki1M3w4IitbVQf8=,zC/m09IN7MpSmqU5eujuVtL/bo4=
-34,-127,NOMm2igbkIuqki1M3w4IitbVQf8=,zC/m09IN7MpSmqU5eujuVtL/bo4=
-48,-126,NOMm2igbkIuqki1M3w4IitbVQf8=,zC/m09IN7MpSmqU5eujuVtL/bo4=
-37,-116,NOMm2igbkIuqki1M3w4IitbVQf8=,zC/m09IN7MpSmqU5eujuVtL/bo4=
-39,-116,NOMm2igbkIuqki1M3w4IitbVQf8=,zC/m09IN7MpSmqU5eujuVtL/bo4=
-45,-115,NOMm2igbkIuqki1M3w4IitbVQf8=,zC/m09IN7MpSmqU5eujuVtL/bo4=
-47,-126,NOMm2igbkIuqki1M3w4IitbVQf8=,zC/m09IN7MpSmqU5eujuVtL/bo4=
-47,-115,NOMm2igbkIuqki1M3w4IitbVQf8=,zC/m09IN7MpSmqU5eujuVtL/bo4=
-44,-116,NOMm2igbkIuqki1M3w4IitbVQf8=,zC/m09IN7MpSmqU5eujuVtL/bo4=
-46,-116,NOMm2igbkIuqki1M3w4IitbVQf8=,zC/m09IN7MpSmqU5eujuVtL/bo4=
-48,-115,NOMm2igbkIuqki1M3w4IitbVQf8=,zC/m09IN7MpSmqU5eujuVtL/bo4=
-38,-116,NOMm2igbkIuqki1M3w4IitbVQf8=,zC/m09IN7MpSmqU5eujuVtL/bo4=
-46,-118,NOMm2igbkIuqki1M3w4IitbVQf8=,zC/m09IN7MpSmqU5eujuVtL/bo4=
-43,-116,NOMm2igbkIuqki1M3w4IitbVQf8=,zC/m09IN7MpSmqU5eujuVtL/bo4=
-42,-118,NOMm2igbkIuqki1M3w4IitbVQf8=,zC/m09IN7MpSmqU5eujuVtL/bo4=
-48,-116,NOMm2igbkIuqki1M3w4IitbVQf8=,zC/m09IN7MpSmqU5eujuVtL/bo4=
-47,-116,NOMm2igbkIuqki1M3w4IitbVQf8=,zC/m09IN7MpSmqU5eujuVtL/bo4=
-41,-117,NOMm2igbkIuqki1M3w4IitbVQf8=,zC/m09IN7MpSmqU5eujuVtL/bo4=
-39,-125,NOMm2igbkIuqki1M3w4IitbVQf8=,zC/m09IN7MpSmqU5eujuVtL/bo4=
-35,-126,NOMm2igbkIuqki1M3w4IitbVQf8=,zC/m09IN7MpSmqU5eujuVtL/bo4=
-43,-125,NOMm2igbkIuqki1M3w4IitbVQf8=,zC/m09IN7MpSmqU5eujuVtL/bo4=
-39,-118,NOMm2igbkIuqki1M3w4IitbVQf8=,zC/m09IN7MpSmqU5eujuVtL/bo4=
-35,-117,NOMm2igbkIuqki1M3w4IitbVQf8=,zC/m09IN7MpSmqU5eujuVtL/bo4=
-36,-118,NOMm2igbkIuqki1M3w4IitbVQf8=,zC/m09IN7MpSmqU5eujuVtL/bo4=
-33,-117,NOMm2igbkIuqki1M3w4IitbVQf8=,zC/m09IN7MpSmqU5eujuVtL/bo4=
-45,-118,NOMm2igbkIuqki1M3w4IitbVQf8=,zC/m09IN7MpSmqU5eujuVtL/bo4=
-34,-117,NOMm2igbkIuqki1M3w4IitbVQf8=,zC/m09IN7MpSmqU5eujuVtL/bo4=
-38,-118,NOMm2igbkIuqki1M3w4IitbVQf8=,zC/m09IN7MpSmqU5eujuVtL/bo4=
-40,-118,NOMm2igbkIuqki1M3w4IitbVQf8=,zC/m09IN7MpSmqU5eujuVtL/bo4=
-40,-116,NOMm2igbkIuqki1M3w4IitbVQf8=,zC/m09IN7MpSmqU5eujuVtL/bo4=
-45,-116,NOMm2igbkIuqki1M3w4IitbVQf8=,zC/m09IN7MpSmqU5eujuVtL/bo4=
-41,-118,NOMm2igbkIuqki1M3w4IitbVQf8=,zC/m09IN7MpSmqU5eujuVtL/bo4=
-43,-118,NOMm2igbkIuqki1M3w4IitbVQf8=,zC/m09IN7MpSmqU5eujuVtL/bo4=
-44,-118,NOMm2igbkIuqki1M3w4IitbVQf8=,zC/m09IN7MpSmqU5eujuVtL/bo4=
-37,-118,NOMm2igbkIuqki1M3w4IitbVQf8=,zC/m09IN7MpSmqU5eujuVtL/bo4=
-36,-117,NOMm2igbkIuqki1M3w4IitbVQf8=,zC/m09IN7MpSmqU5eujuVtL/bo4=
-38,-117,NOMm2igbkIuqki1M3w4IitbVQf8=,zC/m09IN7MpSmqU5eujuVtL/bo4=
-37,-117,NOMm2igbkIuqki1M3w4IitbVQf8=,zC/m09IN7MpSmqU5eujuVtL/bo4=
-36,-128,NOMm2igbkIuqki1M3w4IitbVQf8=,zC/m09IN7MpSmqU5eujuVtL/bo4=
-36,-127,NOMm2igbkIuqki1M3w4IitbVQf8=,zC/m09IN7MpSmqU5eujuVtL/bo4=
-35,-127,NOMm2igbkIuqki1M3w4IitbVQf8=,zC/m09IN7MpSmqU5eujuVtL/bo4=
-34,-126,NOMm2igbkIuqki1M3w4IitbVQf8=,zC/m09IN7MpSmqU5eujuVtL/bo4=
-35,-128,NOMm2igbkIuqki1M3w4IitbVQf8=,zC/m09IN7MpSmqU5eujuVtL/bo4=
-38,-125,NOMm2igbkIuqki1M3w4IitbVQf8=,zC/m09IN7MpSmqU5eujuVtL/bo4=
-33,-119,NOMm2igbkIuqki1M3w4IitbVQf8=,zC/m09IN7MpSmqU5eujuVtL/bo4=
-34,-119,NOMm2igbkIuqki1M3w4IitbVQf8=,zC/m09IN7MpSmqU5eujuVtL/bo4=
-45,-117,NOMm2igbkIuqki1M3w4IitbVQf8=,zC/m09IN7MpSmqU5eujuVtL/bo4=
-44,-117,NOMm2igbkIuqki1M3w4IitbVQf8=,zC/m09IN7MpSmqU5eujuVtL/bo4=
-47,-118,NOMm2igbkIuqki1M3w4IitbVQf8=,zC/m09IN7MpSmqU5eujuVtL/bo4=
-42,-117,NOMm2igbkIuqki1M3w4IitbVQf8=,zC/m09IN7MpSmqU5eujuVtL/bo4=
-43,-117,NOMm2igbkIuqki1M3w4IitbVQf8=,zC/m09IN7MpSmqU5eujuVtL/bo4=
-48,-118,NOMm2igbkIuqki1M3w4IitbVQf8=,zC/m09IN7MpSmqU5eujuVtL/bo4=
-36,-126,NOMm2igbkIuqki1M3w4IitbVQf8=,zC/m09IN7MpSmqU5eujuVtL/bo4=
-37,-127,NOMm2igbkIuqki1M3w4IitbVQf8=,zC/m09IN7MpSmqU5eujuVtL/bo4=
-47,-117,NOMm2igbkIuqki1M3w4IitbVQf8=,zC/m09IN7MpSmqU5eujuVtL/bo4=
-35,-119,NOMm2igbkIuqki1M3w4IitbVQf8=,zC/m09IN7MpSmqU5eujuVtL/bo4=
-37,-128,NOMm2igbkIuqki1M3w4IitbVQf8=,zC/m09IN7MpSmqU5eujuVtL/bo4=
-37,-119,NOMm2igbkIuqki1M3w4IitbVQf8=,zC/m09IN7MpSmqU5eujuVtL/bo4=
-46,-117,NOMm2igbkIuqki1M3w4IitbVQf8=,zC/m09IN7MpSmqU5eujuVtL/bo4=
-48,-117,NOMm2igbkIuqki1M3w4IitbVQf8=,zC/m09IN7MpSmqU5eujuVtL/bo4=
-36,-119,NOMm2igbkIuqki1M3w4IitbVQf8=,zC/m09IN7MpSmqU5eujuVtL/bo4=
-39,-119,NOMm2igbkIuqki1M3w4IitbVQf8=,zC/m09IN7MpSmqU5eujuVtL/bo4=
-38,-119,NOMm2igbkIuqki1M3w4IitbVQf8=,zC/m09IN7MpSmqU5eujuVtL/bo4=
-37,-125,NOMm2igbkIuqki1M3w4IitbVQf8=,zC/m09IN7MpSmqU5eujuVtL/bo4=
-41,-119,NOMm2igbkIuqki1M3w4IitbVQf8=,zC/m09IN7MpSmqU5eujuVtL/bo4=
-33,-118,NOMm2igbkIuqki1M3w4IitbVQf8=,zC/m09IN7MpSmqU5eujuVtL/bo4=
-34,-118,NOMm2igbkIuqki1M3w4IitbVQf8=,zC/m09IN7MpSmqU5eujuVtL/bo4=
-40,-119,NOMm2igbkIuqki1M3w4IitbVQf8=,zC/m09IN7MpSmqU5eujuVtL/bo4=
-33,-114,NOMm2igbkIuqki1M3w4IitbVQf8=,zC/m09IN7MpSmqU5eujuVtL/bo4=
-43,-119,NOMm2igbkIuqki1M3w4IitbVQf8=,zC/m09IN7MpSmqU5eujuVtL/bo4=
-37,-126,NOMm2igbkIuqki1M3w4IitbVQf8=,zC/m09IN7MpSmqU5eujuVtL/bo4=
-39,-117,NOMm2igbkIuqki1M3w4IitbVQf8=,zC/m09IN7MpSmqU5eujuVtL/bo4=
-42,-119,NOMm2igbkIuqki1M3w4IitbVQf8=,zC/m09IN7MpSmqU5eujuVtL/bo4=
-47,-119,NOMm2igbkIuqki1M3w4IitbVQf8=,zC/m09IN7MpSmqU5eujuVtL/bo4=
-35,-120,NOMm2igbkIuqki1M3w4IitbVQf8=,zC/m09IN7MpSmqU5eujuVtL/bo4=
-40,-117,NOMm2igbkIuqki1M3w4IitbVQf8=,zC/m09IN7MpSmqU5eujuVtL/bo4=
-35,-118,NOMm2igbkIuqki1M3w4IitbVQf8=,zC/m09IN7MpSmqU5eujuVtL/bo4=
-36,-120,NOMm2igbkIuqki1M3w4IitbVQf8=,zC/m09IN7MpSmqU5eujuVtL/bo4=
-47,-120,NOMm2igbkIuqki1M3w4IitbVQf8=,zC/m09IN7MpSmqU5eujuVtL/bo4=
-46,-119,NOMm2igbkIuqki1M3w4IitbVQf8=,zC/m09IN7MpSmqU5eujuVtL/bo4=
-34,-121,NOMm2igbkIuqki1M3w4IitbVQf8=,zC/m09IN7MpSmqU5eujuVtL/bo4=
-42,-121,NOMm2igbkIuqki1M3w4IitbVQf8=,zC/m09IN7MpSmqU5eujuVtL/bo4=
-38,-127,NOMm2igbkIuqki1M3w4IitbVQf8=,zC/m09IN7MpSmqU5eujuVtL/bo4=
-44,-119,NOMm2igbkIuqki1M3w4IitbVQf8=,zC/m09IN7MpSmqU5eujuVtL/bo4=
-41,-121,NOMm2igbkIuqki1M3w4IitbVQf8=,zC/m09IN7MpSmqU5eujuVtL/bo4=
-45,-119,NOMm2igbkIuqki1M3w4IitbVQf8=,zC/m09IN7MpSmqU5eujuVtL/bo4=
-43,-121,NOMm2igbkIuqki1M3w4IitbVQf8=,zC/m09IN7MpSmqU5eujuVtL/bo4=
-33,-120,NOMm2igbkIuqki1M3w4IitbVQf8=,zC/m09IN7MpSmqU5eujuVtL/bo4=
-41,-120,NOMm2igbkIuqki1M3w4IitbVQf8=,zC/m09IN7MpSmqU5eujuVtL/bo4=
-33,-121,NOMm2igbkIuqki1M3w4IitbVQf8=,zC/m09IN7MpSmqU5eujuVtL/bo4=
-45,-120,NOMm2igbkIuqki1M3w4IitbVQf8=,zC/m09IN7MpSmqU5eujuVtL/bo4=
-44,-120,NOMm2igbkIuqki1M3w4IitbVQf8=,zC/m09IN7MpSmqU5eujuVtL/bo4=
-35,-121,NOMm2igbkIuqki1M3w4IitbVQf8=,zC/m09IN7MpSmqU5eujuVtL/bo4=
-39,-121,NOMm2igbkIuqki1M3w4IitbVQf8=,zC/m09IN7MpSmqU5eujuVtL/bo4=
-48,-119,NOMm2igbkIuqki1M3w4IitbVQf8=,zC/m09IN7MpSmqU5eujuVtL/bo4=
-34,-120,NOMm2igbkIuqki1M3w4IitbVQf8=,zC/m09IN7MpSmqU5eujuVtL/bo4=
-39,-120,NOMm2igbkIuqki1M3w4IitbVQf8=,zC/m09IN7MpSmqU5eujuVtL/bo4=
-37,-121,NOMm2igbkIuqki1M3w4IitbVQf8=,zC/m09IN7MpSmqU5eujuVtL/bo4=
-44,-121,NOMm2igbkIuqki1M3w4IitbVQf8=,zC/m09IN7MpSmqU5eujuVtL/bo4=
-38,-120,NOMm2igbkIuqki1M3w4IitbVQf8=,zC/m09IN7MpSmqU5eujuVtL/bo4=
-42,-120,NOMm2igbkIuqki1M3w4IitbVQf8=,zC/m09IN7MpSmqU5eujuVtL/bo4=
-40,-120,NOMm2igbkIuqki1M3w4IitbVQf8=,zC/m09IN7MpSmqU5eujuVtL/bo4=
-46,-120,NOMm2igbkIuqki1M3w4IitbVQf8=,zC/m09IN7MpSmqU5eujuVtL/bo4=
-37,-120,NOMm2igbkIuqki1M3w4IitbVQf8=,zC/m09IN7MpSmqU5eujuVtL/bo4=
-48,-120,NOMm2igbkIuqki1M3w4IitbVQf8=,zC/m09IN7MpSmqU5eujuVtL/bo4=
-40,-121,NOMm2igbkIuqki1M3w4IitbVQf8=,zC/m09IN7MpSmqU5eujuVtL/bo4=
-38,-121,NOMm2igbkIuqki1M3w4IitbVQf8=,zC/m09IN7MpSmqU5eujuVtL/bo4=
-45,-121,NOMm2igbkIuqki1M3w4IitbVQf8=,zC/m09IN7MpSmqU5eujuVtL/bo4=
-38,-126,NOMm2igbkIuqki1M3w4IitbVQf8=,zC/m09IN7MpSmqU5eujuVtL/bo4=
-46,-121,NOMm2igbkIuqki1M3w4IitbVQf8=,zC/m09IN7MpSmqU5eujuVtL/bo4=
-47,-121,NOMm2igbkIuqki1M3w4IitbVQf8=,zC/m09IN7MpSmqU5eujuVtL/bo4=
-38,-128,NOMm2igbkIuqki1M3w4IitbVQf8=,zC/m09IN7MpSmqU5eujuVtL/bo4=
-36,-125,NOMm2igbkIuqki1M3w4IitbVQf8=,zC/m09IN7MpSmqU5eujuVtL/bo4=
-43,-120,NOMm2igbkIuqki1M3w4IitbVQf8=,zC/m09IN7MpSmqU5eujuVtL/bo4=
-48,-121,NOMm2igbkIuqki1M3w4IitbVQf8=,zC/m09IN7MpSmqU5eujuVtL/bo4=
-36,-121,NOMm2igbkIuqki1M3w4IitbVQf8=,zC/m09IN7MpSmqU5eujuVtL/bo4=
-41,-122,NOMm2igbkIuqki1M3w4IitbVQf8=,zC/m09IN7MpSmqU5eujuVtL/bo4=
-34,-122,NOMm2igbkIuqki1M3w4IitbVQf8=,zC/m09IN7MpSmqU5eujuVtL/bo4=
-39,-128,NOMm2igbkIuqki1M3w4IitbVQf8=,zC/m09IN7MpSmqU5eujuVtL/bo4=
-38,-122,NOMm2igbkIuqki1M3w4IitbVQf8=,zC/m09IN7MpSmqU5eujuVtL/bo4=
-39,-127,NOMm2igbkIuqki1M3w4IitbVQf8=,zC/m09IN7MpSmqU5eujuVtL/bo4=
-39,-122,NOMm2igbkIuqki1M3w4IitbVQf8=,zC/m09IN7MpSmqU5eujuVtL/bo4=
-40,-122,NOMm2igbkIuqki1M3w4IitbVQf8=,zC/m09IN7MpSmqU5eujuVtL/bo4=
-33,-122,NOMm2igbkIuqki1M3w4IitbVQf8=,zC/m09IN7MpSmqU5eujuVtL/bo4=
-46,-122,NOMm2igbkIuqki1M3w4IitbVQf8=,zC/m09IN7MpSmqU5eujuVtL/bo4=
-45,-122,NOMm2igbkIuqki1M3w4IitbVQf8=,zC/m09IN7MpSmqU5eujuVtL/bo4=
-47,-122,NOMm2igbkIuqki1M3w4IitbVQf8=,zC/m09IN7MpSmqU5eujuVtL/bo4=
-48,-122,NOMm2igbkIuqki1M3w4IitbVQf8=,zC/m09IN7MpSmqU5eujuVtL/bo4=
-43,-122,NOMm2igbkIuqki1M3w4IitbVQf8=,zC/m09IN7MpSmqU5eujuVtL/bo4=
-42,-122,NOMm2igbkIuqki1M3w4IitbVQf8=,zC/m09IN7MpSmqU5eujuVtL/bo4=
-44,-122,NOMm2igbkIuqki1M3w4IitbVQf8=,zC/m09IN7MpSmqU5eujuVtL/bo4=
-41,-123,NOMm2igbkIuqki1M3w4IitbVQf8=,zC/m09IN7MpSmqU5eujuVtL/bo4=
-43,-123,NOMm2igbkIuqki1M3w4IitbVQf8=,zC/m09IN7MpSmqU5eujuVtL/bo4=
-42,-123,NOMm2igbkIuqki1M3w4IitbVQf8=,zC/m09IN7MpSmqU5eujuVtL/bo4=
-35,-122,NOMm2igbkIuqki1M3w4IitbVQf8=,zC/m09IN7MpSmqU5eujuVtL/bo4=
-36,-122,NOMm2igbkIuqki1M3w4IitbVQf8=,zC/m09IN7MpSmqU5eujuVtL/bo4=
-35,-125,NOMm2igbkIuqki1M3w4IitbVQf8=,zC/m09IN7MpSmqU5eujuVtL/bo4=
-37,-122,NOMm2igbkIuqki1M3w4IitbVQf8=,zC/m09IN7MpSmqU5eujuVtL/bo4=
-39,-126,NOMm2igbkIuqki1M3w4IitbVQf8=,zC/m09IN7MpSmqU5eujuVtL/bo4=
-44,-123,NOMm2igbkIuqki1M3w4IitbVQf8=,zC/m09IN7MpSmqU5eujuVtL/bo4=
-40,-128,NOMm2igbkIuqki1M3w4IitbVQf8=,zC/m09IN7MpSmqU5eujuVtL/bo4=
-33,-123,NOMm2igbkIuqki1M3w4IitbVQf8=,zC/m09IN7MpSmqU5eujuVtL/bo4=
-45,-123,NOMm2igbkIuqki1M3w4IitbVQf8=,zC/m09IN7MpSmqU5eujuVtL/bo4=
-37,-123,NOMm2igbkIuqki1M3w4IitbVQf8=,zC/m09IN7MpSmqU5eujuVtL/bo4=
-40,-127,NOMm2igbkIuqki1M3w4IitbVQf8=,zC/m09IN7MpSmqU5eujuVtL/bo4=
-46,-123,NOMm2igbkIuqki1M3w4IitbVQf8=,zC/m09IN7MpSmqU5eujuVtL/bo4=
-35,-123,NOMm2igbkIuqki1M3w4IitbVQf8=,zC/m09IN7MpSmqU5eujuVtL/bo4=
-36,-123,NOMm2igbkIuqki1M3w4IitbVQf8=,zC/m09IN7MpSmqU5eujuVtL/bo4=
-47,-123,NOMm2igbkIuqki1M3w4IitbVQf8=,zC/m09IN7MpSmqU5eujuVtL/bo4=
-38,-123,NOMm2igbkIuqki1M3w4IitbVQf8=,zC/m09IN7MpSmqU5eujuVtL/bo4=
-48,-123,NOMm2igbkIuqki1M3w4IitbVQf8=,zC/m09IN7MpSmqU5eujuVtL/bo4=
-41,-127,NOMm2igbkIuqki1M3w4IitbVQf8=,zC/m09IN7MpSmqU5eujuVtL/bo4=
-41,-128,NOMm2igbkIuqki1M3w4IitbVQf8=,zC/m09IN7MpSmqU5eujuVtL/bo4=
-34,-123,NOMm2igbkIuqki1M3w4IitbVQf8=,zC/m09IN7MpSmqU5eujuVtL/bo4=
-33,-124,NOMm2igbkIuqki1M3w4IitbVQf8=,zC/m09IN7MpSmqU5eujuVtL/bo4=
-48,-128,NOMm2igbkIuqki1M3w4IitbVQf8=,zC/m09IN7MpSmqU5eujuVtL/bo4=
-36,-124,NOMm2igbkIuqki1M3w4IitbVQf8=,zC/m09IN7MpSmqU5eujuVtL/bo4=
-38,-124,NOMm2igbkIuqki1M3w4IitbVQf8=,zC/m09IN7MpSmqU5eujuVtL/bo4=
-35,-124,NOMm2igbkIuqki1M3w4IitbVQf8=,zC/m09IN7MpSmqU5eujuVtL/bo4=
-34,-125,NOMm2igbkIuqki1M3w4IitbVQf8=,zC/m09IN7MpSmqU5eujuVtL/bo4=
-37,-124,NOMm2igbkIuqki1M3w4IitbVQf8=,zC/m09IN7MpSmqU5eujuVtL/bo4=
-39,-123,NOMm2igbkIuqki1M3w4IitbVQf8=,zC/m09IN7MpSmqU5eujuVtL/bo4=
-40,-123,NOMm2igbkIuqki1M3w4IitbVQf8=,zC/m09IN7MpSmqU5eujuVtL/bo4=
-40,-126,NOMm2igbkIuqki1M3w4IitbVQf8=,zC/m09IN7MpSmqU5eujuVtL/bo4=
-41,-124,NOMm2igbkIuqki1M3w4IitbVQf8=,zC/m09IN7MpSmqU5eujuVtL/bo4=
-39,-124,NOMm2igbkIuqki1M3w4IitbVQf8=,zC/m09IN7MpSmqU5eujuVtL/bo4=
-40,-124,NOMm2igbkIuqki1M3w4IitbVQf8=,zC/m09IN7MpSmqU5eujuVtL/bo4=
-34,-124,NOMm2igbkIuqki1M3w4IitbVQf8=,zC/m09IN7MpSmqU5eujuVtL/bo4=
-33,-125,NOMm2igbkIuqki1M3w4IitbVQf8=,zC/m09IN7MpSmqU5eujuVtL/bo4=
-42,-124,NOMm2igbkIuqki1M3w4IitbVQf8=,zC/m09IN7MpSmqU5eujuVtL/bo4=
-43,-124,NOMm2igbkIuqki1M3w4IitbVQf8=,zC/m09IN7MpSmqU5eujuVtL/bo4=
-45,-124,NOMm2igbkIuqki1M3w4IitbVQf8=,zC/m09IN7MpSmqU5eujuVtL/bo4=
-46,-124,NOMm2igbkIuqki1M3w4IitbVQf8=,zC/m09IN7MpSmqU5eujuVtL/bo4=
-47,-124,NOMm2igbkIuqki1M3w4IitbVQf8=,zC/m09IN7MpSmqU5eujuVtL/bo4=
-42,-128,NOMm2igbkIuqki1M3w4IitbVQf8=,zC/m09IN7MpSmqU5eujuVtL/bo4=
-44,-124,NOMm2igbkIuqki1M3w4IitbVQf8=,zC/m09IN7MpSmqU5eujuVtL/bo4=
-41,-126,NOMm2igbkIuqki1M3w4IitbVQf8=,zC/m09IN7MpSmqU5eujuVtL/bo4=
-48,-124,NOMm2igbkIuqki1M3w4IitbVQf8=,zC/m09IN7MpSmqU5eujuVtL/bo4=
-42,-127,NOMm2igbkIuqki1M3w4IitbVQf8=,zC/m09IN7MpSmqU5eujuVtL/bo4=
-33,-115,NOMm2igbkIuqki1M3w4IitbVQf8=,zC/m09IN7MpSmqU5eujuVtL/bo4=
-33,-113,NOMm2igbkIuqki1M3w4IitbVQf8=,zC/m09IN7MpSmqU5eujuVtL/bo4=
-61,-112,Y9U8XLjVCii54wzyowwvaosaUxI=,Ed1qhm1a60bNIdVmHoZaLPxFkpo=
-63,-112,Y9U8XLjVCii54wzyowwvaosaUxI=,Ed1qhm1a60bNIdVmHoZaLPxFkpo=
-62,-109,Y9U8XLjVCii54wzyowwvaosaUxI=,Ed1qhm1a60bNIdVmHoZaLPxFkpo=
-50,-98,Y9U8XLjVCii54wzyowwvaosaUxI=,Ed1qhm1a60bNIdVmHoZaLPxFkpo=
-63,-97,Y9U8XLjVCii54wzyowwvaosaUxI=,Ed1qhm1a60bNIdVmHoZaLPxFkpo=
-61,-109,Y9U8XLjVCii54wzyowwvaosaUxI=,Ed1qhm1a60bNIdVmHoZaLPxFkpo=
-63,-109,Y9U8XLjVCii54wzyowwvaosaUxI=,Ed1qhm1a60bNIdVmHoZaLPxFkpo=
-61,-110,Y9U8XLjVCii54wzyowwvaosaUxI=,Ed1qhm1a60bNIdVmHoZaLPxFkpo=
-64,-97,Y9U8XLjVCii54wzyowwvaosaUxI=,Ed1qhm1a60bNIdVmHoZaLPxFkpo=
-62,-110,Y9U8XLjVCii54wzyowwvaosaUxI=,Ed1qhm1a60bNIdVmHoZaLPxFkpo=
-61,-97,Y9U8XLjVCii54wzyowwvaosaUxI=,Ed1qhm1a60bNIdVmHoZaLPxFkpo=
-64,-98,Y9U8XLjVCii54wzyowwvaosaUxI=,Ed1qhm1a60bNIdVmHoZaLPxFkpo=
-50,-97,Y9U8XLjVCii54wzyowwvaosaUxI=,Ed1qhm1a60bNIdVmHoZaLPxFkpo=
-62,-97,Y9U8XLjVCii54wzyowwvaosaUxI=,Ed1qhm1a60bNIdVmHoZaLPxFkpo=
-50,-99,Y9U8XLjVCii54wzyowwvaosaUxI=,Ed1qhm1a60bNIdVmHoZaLPxFkpo=
-49,-97,Y9U8XLjVCii54wzyowwvaosaUxI=,Ed1qhm1a60bNIdVmHoZaLPxFkpo=
-61,-99,Y9U8XLjVCii54wzyowwvaosaUxI=,Ed1qhm1a60bNIdVmHoZaLPxFkpo=
-62,-98,Y9U8XLjVCii54wzyowwvaosaUxI=,Ed1qhm1a60bNIdVmHoZaLPxFkpo=
-59,-112,Y9U8XLjVCii54wzyowwvaosaUxI=,Ed1qhm1a60bNIdVmHoZaLPxFkpo=
-59,-111,Y9U8XLjVCii54wzyowwvaosaUxI=,Ed1qhm1a60bNIdVmHoZaLPxFkpo=
-60,-111,Y9U8XLjVCii54wzyowwvaosaUxI=,Ed1qhm1a60bNIdVmHoZaLPxFkpo=
-58,-109,Y9U8XLjVCii54wzyowwvaosaUxI=,Ed1qhm1a60bNIdVmHoZaLPxFkpo=
-63,-99,Y9U8XLjVCii54wzyowwvaosaUxI=,Ed1qhm1a60bNIdVmHoZaLPxFkpo=
-62,-99,Y9U8XLjVCii54wzyowwvaosaUxI=,Ed1qhm1a60bNIdVmHoZaLPxFkpo=
-49,-99,Y9U8XLjVCii54wzyowwvaosaUxI=,Ed1qhm1a60bNIdVmHoZaLPxFkpo=
-60,-112,Y9U8XLjVCii54wzyowwvaosaUxI=,Ed1qhm1a60bNIdVmHoZaLPxFkpo=
-60,-109,Y9U8XLjVCii54wzyowwvaosaUxI=,Ed1qhm1a60bNIdVmHoZaLPxFkpo=
-62,-111,Y9U8XLjVCii54wzyowwvaosaUxI=,Ed1qhm1a60bNIdVmHoZaLPxFkpo=
-59,-110,Y9U8XLjVCii54wzyowwvaosaUxI=,Ed1qhm1a60bNIdVmHoZaLPxFkpo=
-58,-110,Y9U8XLjVCii54wzyowwvaosaUxI=,Ed1qhm1a60bNIdVmHoZaLPxFkpo=
-59,-109,Y9U8XLjVCii54wzyowwvaosaUxI=,Ed1qhm1a60bNIdVmHoZaLPxFkpo=
-61,-98,Y9U8XLjVCii54wzyowwvaosaUxI=,Ed1qhm1a60bNIdVmHoZaLPxFkpo=
-60,-110,Y9U8XLjVCii54wzyowwvaosaUxI=,Ed1qhm1a60bNIdVmHoZaLPxFkpo=
-63,-110,Y9U8XLjVCii54wzyowwvaosaUxI=,Ed1qhm1a60bNIdVmHoZaLPxFkpo=
-61,-111,Y9U8XLjVCii54wzyowwvaosaUxI=,Ed1qhm1a60bNIdVmHoZaLPxFkpo=
-63,-98,Y9U8XLjVCii54wzyowwvaosaUxI=,Ed1qhm1a60bNIdVmHoZaLPxFkpo=
-64,-99,Y9U8XLjVCii54wzyowwvaosaUxI=,Ed1qhm1a60bNIdVmHoZaLPxFkpo=
-57,-109,Y9U8XLjVCii54wzyowwvaosaUxI=,Ed1qhm1a60bNIdVmHoZaLPxFkpo=
-58,-99,Y9U8XLjVCii54wzyowwvaosaUxI=,Ed1qhm1a60bNIdVmHoZaLPxFkpo=
-57,-99,Y9U8XLjVCii54wzyowwvaosaUxI=,Ed1qhm1a60bNIdVmHoZaLPxFkpo=
-53,-98,Y9U8XLjVCii54wzyowwvaosaUxI=,Ed1qhm1a60bNIdVmHoZaLPxFkpo=
-54,-98,Y9U8XLjVCii54wzyowwvaosaUxI=,Ed1qhm1a60bNIdVmHoZaLPxFkpo=
-60,-99,Y9U8XLjVCii54wzyowwvaosaUxI=,Ed1qhm1a60bNIdVmHoZaLPxFkpo=
-54,-97,Y9U8XLjVCii54wzyowwvaosaUxI=,Ed1qhm1a60bNIdVmHoZaLPxFkpo=
-51,-98,Y9U8XLjVCii54wzyowwvaosaUxI=,Ed1qhm1a60bNIdVmHoZaLPxFkpo=
-59,-99,Y9U8XLjVCii54wzyowwvaosaUxI=,Ed1qhm1a60bNIdVmHoZaLPxFkpo=
-56,-98,Y9U8XLjVCii54wzyowwvaosaUxI=,Ed1qhm1a60bNIdVmHoZaLPxFkpo=
-53,-97,Y9U8XLjVCii54wzyowwvaosaUxI=,Ed1qhm1a60bNIdVmHoZaLPxFkpo=
-58,-98,Y9U8XLjVCii54wzyowwvaosaUxI=,Ed1qhm1a60bNIdVmHoZaLPxFkpo=
-52,-98,Y9U8XLjVCii54wzyowwvaosaUxI=,Ed1qhm1a60bNIdVmHoZaLPxFkpo=
-51,-97,Y9U8XLjVCii54wzyowwvaosaUxI=,Ed1qhm1a60bNIdVmHoZaLPxFkpo=
-57,-98,Y9U8XLjVCii54wzyowwvaosaUxI=,Ed1qhm1a60bNIdVmHoZaLPxFkpo=
-55,-98,Y9U8XLjVCii54wzyowwvaosaUxI=,Ed1qhm1a60bNIdVmHoZaLPxFkpo=
-59,-98,Y9U8XLjVCii54wzyowwvaosaUxI=,Ed1qhm1a60bNIdVmHoZaLPxFkpo=
-56,-99,Y9U8XLjVCii54wzyowwvaosaUxI=,Ed1qhm1a60bNIdVmHoZaLPxFkpo=
-52,-97,Y9U8XLjVCii54wzyowwvaosaUxI=,Ed1qhm1a60bNIdVmHoZaLPxFkpo=
-57,-97,Y9U8XLjVCii54wzyowwvaosaUxI=,Ed1qhm1a60bNIdVmHoZaLPxFkpo=
-56,-109,Y9U8XLjVCii54wzyowwvaosaUxI=,Ed1qhm1a60bNIdVmHoZaLPxFkpo=
-55,-97,Y9U8XLjVCii54wzyowwvaosaUxI=,Ed1qhm1a60bNIdVmHoZaLPxFkpo=
-63,-111,Y9U8XLjVCii54wzyowwvaosaUxI=,Ed1qhm1a60bNIdVmHoZaLPxFkpo=
-64,-111,Y9U8XLjVCii54wzyowwvaosaUxI=,Ed1qhm1a60bNIdVmHoZaLPxFkpo=
-64,-109,Y9U8XLjVCii54wzyowwvaosaUxI=,Ed1qhm1a60bNIdVmHoZaLPxFkpo=
-63,-100,Y9U8XLjVCii54wzyowwvaosaUxI=,Ed1qhm1a60bNIdVmHoZaLPxFkpo=
-49,-112,Y9U8XLjVCii54wzyowwvaosaUxI=,Ed1qhm1a60bNIdVmHoZaLPxFkpo=
-60,-97,Y9U8XLjVCii54wzyowwvaosaUxI=,Ed1qhm1a60bNIdVmHoZaLPxFkpo=
-58,-97,Y9U8XLjVCii54wzyowwvaosaUxI=,Ed1qhm1a60bNIdVmHoZaLPxFkpo=
-49,-110,Y9U8XLjVCii54wzyowwvaosaUxI=,Ed1qhm1a60bNIdVmHoZaLPxFkpo=
-62,-112,Y9U8XLjVCii54wzyowwvaosaUxI=,Ed1qhm1a60bNIdVmHoZaLPxFkpo=
-51,-101,Y9U8XLjVCii54wzyowwvaosaUxI=,Ed1qhm1a60bNIdVmHoZaLPxFkpo=
-61,-100,Y9U8XLjVCii54wzyowwvaosaUxI=,Ed1qhm1a60bNIdVmHoZaLPxFkpo=
-64,-110,Y9U8XLjVCii54wzyowwvaosaUxI=,Ed1qhm1a60bNIdVmHoZaLPxFkpo=
-50,-101,Y9U8XLjVCii54wzyowwvaosaUxI=,Ed1qhm1a60bNIdVmHoZaLPxFkpo=
-50,-112,Y9U8XLjVCii54wzyowwvaosaUxI=,Ed1qhm1a60bNIdVmHoZaLPxFkpo=
-64,-100,Y9U8XLjVCii54wzyowwvaosaUxI=,Ed1qhm1a60bNIdVmHoZaLPxFkpo=
-61,-101,Y9U8XLjVCii54wzyowwvaosaUxI=,Ed1qhm1a60bNIdVmHoZaLPxFkpo=
-50,-111,Y9U8XLjVCii54wzyowwvaosaUxI=,Ed1qhm1a60bNIdVmHoZaLPxFkpo=
-62,-101,Y9U8XLjVCii54wzyowwvaosaUxI=,Ed1qhm1a60bNIdVmHoZaLPxFkpo=
-62,-100,Y9U8XLjVCii54wzyowwvaosaUxI=,Ed1qhm1a60bNIdVmHoZaLPxFkpo=
-59,-97,Y9U8XLjVCii54wzyowwvaosaUxI=,Ed1qhm1a60bNIdVmHoZaLPxFkpo=
-51,-112,Y9U8XLjVCii54wzyowwvaosaUxI=,Ed1qhm1a60bNIdVmHoZaLPxFkpo=
-50,-110,Y9U8XLjVCii54wzyowwvaosaUxI=,Ed1qhm1a60bNIdVmHoZaLPxFkpo=
-49,-111,Y9U8XLjVCii54wzyowwvaosaUxI=,Ed1qhm1a60bNIdVmHoZaLPxFkpo=
-56,-97,Y9U8XLjVCii54wzyowwvaosaUxI=,Ed1qhm1a60bNIdVmHoZaLPxFkpo=
-63,-101,Y9U8XLjVCii54wzyowwvaosaUxI=,Ed1qhm1a60bNIdVmHoZaLPxFkpo=
-51,-111,Y9U8XLjVCii54wzyowwvaosaUxI=,Ed1qhm1a60bNIdVmHoZaLPxFkpo=
-55,-109,Y9U8XLjVCii54wzyowwvaosaUxI=,Ed1qhm1a60bNIdVmHoZaLPxFkpo=
-49,-102,Y9U8XLjVCii54wzyowwvaosaUxI=,Ed1qhm1a60bNIdVmHoZaLPxFkpo=
-51,-102,Y9U8XLjVCii54wzyowwvaosaUxI=,Ed1qhm1a60bNIdVmHoZaLPxFkpo=
-64,-101,Y9U8XLjVCii54wzyowwvaosaUxI=,Ed1qhm1a60bNIdVmHoZaLPxFkpo=
-53,-99,Y9U8XLjVCii54wzyowwvaosaUxI=,Ed1qhm1a60bNIdVmHoZaLPxFkpo=
-60,-98,Y9U8XLjVCii54wzyowwvaosaUxI=,Ed1qhm1a60bNIdVmHoZaLPxFkpo=
-54,-99,Y9U8XLjVCii54wzyowwvaosaUxI=,Ed1qhm1a60bNIdVmHoZaLPxFkpo=
-55,-99,Y9U8XLjVCii54wzyowwvaosaUxI=,Ed1qhm1a60bNIdVmHoZaLPxFkpo=
-52,-112,Y9U8XLjVCii54wzyowwvaosaUxI=,Ed1qhm1a60bNIdVmHoZaLPxFkpo=
-54,-102,Y9U8XLjVCii54wzyowwvaosaUxI=,Ed1qhm1a60bNIdVmHoZaLPxFkpo=
-60,-102,Y9U8XLjVCii54wzyowwvaosaUxI=,Ed1qhm1a60bNIdVmHoZaLPxFkpo=
-51,-99,Y9U8XLjVCii54wzyowwvaosaUxI=,Ed1qhm1a60bNIdVmHoZaLPxFkpo=
-50,-102,Y9U8XLjVCii54wzyowwvaosaUxI=,Ed1qhm1a60bNIdVmHoZaLPxFkpo=
-52,-111,Y9U8XLjVCii54wzyowwvaosaUxI=,Ed1qhm1a60bNIdVmHoZaLPxFkpo=
-50,-103,Y9U8XLjVCii54wzyowwvaosaUxI=,Ed1qhm1a60bNIdVmHoZaLPxFkpo=
-61,-102,Y9U8XLjVCii54wzyowwvaosaUxI=,Ed1qhm1a60bNIdVmHoZaLPxFkpo=
-63,-102,Y9U8XLjVCii54wzyowwvaosaUxI=,Ed1qhm1a60bNIdVmHoZaLPxFkpo=
-62,-102,Y9U8XLjVCii54wzyowwvaosaUxI=,Ed1qhm1a60bNIdVmHoZaLPxFkpo=
-52,-99,Y9U8XLjVCii54wzyowwvaosaUxI=,Ed1qhm1a60bNIdVmHoZaLPxFkpo=
-64,-102,Y9U8XLjVCii54wzyowwvaosaUxI=,Ed1qhm1a60bNIdVmHoZaLPxFkpo=
-52,-100,Y9U8XLjVCii54wzyowwvaosaUxI=,Ed1qhm1a60bNIdVmHoZaLPxFkpo=
-54,-100,Y9U8XLjVCii54wzyowwvaosaUxI=,Ed1qhm1a60bNIdVmHoZaLPxFkpo=
-55,-100,Y9U8XLjVCii54wzyowwvaosaUxI=,Ed1qhm1a60bNIdVmHoZaLPxFkpo=
-59,-100,Y9U8XLjVCii54wzyowwvaosaUxI=,Ed1qhm1a60bNIdVmHoZaLPxFkpo=
-53,-100,Y9U8XLjVCii54wzyowwvaosaUxI=,Ed1qhm1a60bNIdVmHoZaLPxFkpo=
-51,-100,Y9U8XLjVCii54wzyowwvaosaUxI=,Ed1qhm1a60bNIdVmHoZaLPxFkpo=
-49,-103,Y9U8XLjVCii54wzyowwvaosaUxI=,Ed1qhm1a60bNIdVmHoZaLPxFkpo=
-53,-102,Y9U8XLjVCii54wzyowwvaosaUxI=,Ed1qhm1a60bNIdVmHoZaLPxFkpo=
-57,-102,Y9U8XLjVCii54wzyowwvaosaUxI=,Ed1qhm1a60bNIdVmHoZaLPxFkpo=
-58,-102,Y9U8XLjVCii54wzyowwvaosaUxI=,Ed1qhm1a60bNIdVmHoZaLPxFkpo=
-52,-102,Y9U8XLjVCii54wzyowwvaosaUxI=,Ed1qhm1a60bNIdVmHoZaLPxFkpo=
-58,-100,Y9U8XLjVCii54wzyowwvaosaUxI=,Ed1qhm1a60bNIdVmHoZaLPxFkpo=
-52,-103,Y9U8XLjVCii54wzyowwvaosaUxI=,Ed1qhm1a60bNIdVmHoZaLPxFkpo=
-60,-100,Y9U8XLjVCii54wzyowwvaosaUxI=,Ed1qhm1a60bNIdVmHoZaLPxFkpo=
-57,-100,Y9U8XLjVCii54wzyowwvaosaUxI=,Ed1qhm1a60bNIdVmHoZaLPxFkpo=
-51,-103,Y9U8XLjVCii54wzyowwvaosaUxI=,Ed1qhm1a60bNIdVmHoZaLPxFkpo=
-59,-102,Y9U8XLjVCii54wzyowwvaosaUxI=,Ed1qhm1a60bNIdVmHoZaLPxFkpo=
-54,-109,Y9U8XLjVCii54wzyowwvaosaUxI=,Ed1qhm1a60bNIdVmHoZaLPxFkpo=
-56,-102,Y9U8XLjVCii54wzyowwvaosaUxI=,Ed1qhm1a60bNIdVmHoZaLPxFkpo=
-55,-103,Y9U8XLjVCii54wzyowwvaosaUxI=,Ed1qhm1a60bNIdVmHoZaLPxFkpo=
-56,-100,Y9U8XLjVCii54wzyowwvaosaUxI=,Ed1qhm1a60bNIdVmHoZaLPxFkpo=
-56,-103,Y9U8XLjVCii54wzyowwvaosaUxI=,Ed1qhm1a60bNIdVmHoZaLPxFkpo=
-54,-103,Y9U8XLjVCii54wzyowwvaosaUxI=,Ed1qhm1a60bNIdVmHoZaLPxFkpo=
-53,-103,Y9U8XLjVCii54wzyowwvaosaUxI=,Ed1qhm1a60bNIdVmHoZaLPxFkpo=
-55,-102,Y9U8XLjVCii54wzyowwvaosaUxI=,Ed1qhm1a60bNIdVmHoZaLPxFkpo=
-60,-101,Y9U8XLjVCii54wzyowwvaosaUxI=,Ed1qhm1a60bNIdVmHoZaLPxFkpo=
-52,-101,Y9U8XLjVCii54wzyowwvaosaUxI=,Ed1qhm1a60bNIdVmHoZaLPxFkpo=
-51,-110,Y9U8XLjVCii54wzyowwvaosaUxI=,Ed1qhm1a60bNIdVmHoZaLPxFkpo=
-61,-103,Y9U8XLjVCii54wzyowwvaosaUxI=,Ed1qhm1a60bNIdVmHoZaLPxFkpo=
-57,-103,Y9U8XLjVCii54wzyowwvaosaUxI=,Ed1qhm1a60bNIdVmHoZaLPxFkpo=
-50,-100,Y9U8XLjVCii54wzyowwvaosaUxI=,Ed1qhm1a60bNIdVmHoZaLPxFkpo=
-49,-101,Y9U8XLjVCii54wzyowwvaosaUxI=,Ed1qhm1a60bNIdVmHoZaLPxFkpo=
-58,-103,Y9U8XLjVCii54wzyowwvaosaUxI=,Ed1qhm1a60bNIdVmHoZaLPxFkpo=
-53,-112,Y9U8XLjVCii54wzyowwvaosaUxI=,Ed1qhm1a60bNIdVmHoZaLPxFkpo=
-62,-103,Y9U8XLjVCii54wzyowwvaosaUxI=,Ed1qhm1a60bNIdVmHoZaLPxFkpo=
-49,-104,Y9U8XLjVCii54wzyowwvaosaUxI=,Ed1qhm1a60bNIdVmHoZaLPxFkpo=
-64,-103,Y9U8XLjVCii54wzyowwvaosaUxI=,Ed1qhm1a60bNIdVmHoZaLPxFkpo=
-53,-111,Y9U8XLjVCii54wzyowwvaosaUxI=,Ed1qhm1a60bNIdVmHoZaLPxFkpo=
-50,-104,Y9U8XLjVCii54wzyowwvaosaUxI=,Ed1qhm1a60bNIdVmHoZaLPxFkpo=
-63,-103,Y9U8XLjVCii54wzyowwvaosaUxI=,Ed1qhm1a60bNIdVmHoZaLPxFkpo=
-62,-104,Y9U8XLjVCii54wzyowwvaosaUxI=,Ed1qhm1a60bNIdVmHoZaLPxFkpo=
-61,-104,Y9U8XLjVCii54wzyowwvaosaUxI=,Ed1qhm1a60bNIdVmHoZaLPxFkpo=
-63,-104,Y9U8XLjVCii54wzyowwvaosaUxI=,Ed1qhm1a60bNIdVmHoZaLPxFkpo=
-54,-112,Y9U8XLjVCii54wzyowwvaosaUxI=,Ed1qhm1a60bNIdVmHoZaLPxFkpo=
-64,-104,Y9U8XLjVCii54wzyowwvaosaUxI=,Ed1qhm1a60bNIdVmHoZaLPxFkpo=
-59,-103,Y9U8XLjVCii54wzyowwvaosaUxI=,Ed1qhm1a60bNIdVmHoZaLPxFkpo=
-50,-105,Y9U8XLjVCii54wzyowwvaosaUxI=,Ed1qhm1a60bNIdVmHoZaLPxFkpo=
-49,-98,Y9U8XLjVCii54wzyowwvaosaUxI=,Ed1qhm1a60bNIdVmHoZaLPxFkpo=
-54,-111,Y9U8XLjVCii54wzyowwvaosaUxI=,Ed1qhm1a60bNIdVmHoZaLPxFkpo=
-49,-105,Y9U8XLjVCii54wzyowwvaosaUxI=,Ed1qhm1a60bNIdVmHoZaLPxFkpo=
-60,-103,Y9U8XLjVCii54wzyowwvaosaUxI=,Ed1qhm1a60bNIdVmHoZaLPxFkpo=
-52,-110,Y9U8XLjVCii54wzyowwvaosaUxI=,Ed1qhm1a60bNIdVmHoZaLPxFkpo=
-53,-104,Y9U8XLjVCii54wzyowwvaosaUxI=,Ed1qhm1a60bNIdVmHoZaLPxFkpo=
-53,-109,Y9U8XLjVCii54wzyowwvaosaUxI=,Ed1qhm1a60bNIdVmHoZaLPxFkpo=
-51,-104,Y9U8XLjVCii54wzyowwvaosaUxI=,Ed1qhm1a60bNIdVmHoZaLPxFkpo=
-52,-104,Y9U8XLjVCii54wzyowwvaosaUxI=,Ed1qhm1a60bNIdVmHoZaLPxFkpo=
-54,-104,Y9U8XLjVCii54wzyowwvaosaUxI=,Ed1qhm1a60bNIdVmHoZaLPxFkpo=
-56,-104,Y9U8XLjVCii54wzyowwvaosaUxI=,Ed1qhm1a60bNIdVmHoZaLPxFkpo=
-61,-105,Y9U8XLjVCii54wzyowwvaosaUxI=,Ed1qhm1a60bNIdVmHoZaLPxFkpo=
-59,-101,Y9U8XLjVCii54wzyowwvaosaUxI=,Ed1qhm1a60bNIdVmHoZaLPxFkpo=
-62,-105,Y9U8XLjVCii54wzyowwvaosaUxI=,Ed1qhm1a60bNIdVmHoZaLPxFkpo=
-58,-104,Y9U8XLjVCii54wzyowwvaosaUxI=,Ed1qhm1a60bNIdVmHoZaLPxFkpo=
-53,-101,Y9U8XLjVCii54wzyowwvaosaUxI=,Ed1qhm1a60bNIdVmHoZaLPxFkpo=
-57,-104,Y9U8XLjVCii54wzyowwvaosaUxI=,Ed1qhm1a60bNIdVmHoZaLPxFkpo=
-59,-104,Y9U8XLjVCii54wzyowwvaosaUxI=,Ed1qhm1a60bNIdVmHoZaLPxFkpo=
-55,-104,Y9U8XLjVCii54wzyowwvaosaUxI=,Ed1qhm1a60bNIdVmHoZaLPxFkpo=
-60,-104,Y9U8XLjVCii54wzyowwvaosaUxI=,Ed1qhm1a60bNIdVmHoZaLPxFkpo=
-63,-105,Y9U8XLjVCii54wzyowwvaosaUxI=,Ed1qhm1a60bNIdVmHoZaLPxFkpo=
-64,-105,Y9U8XLjVCii54wzyowwvaosaUxI=,Ed1qhm1a60bNIdVmHoZaLPxFkpo=
-58,-105,Y9U8XLjVCii54wzyowwvaosaUxI=,Ed1qhm1a60bNIdVmHoZaLPxFkpo=
-55,-112,Y9U8XLjVCii54wzyowwvaosaUxI=,Ed1qhm1a60bNIdVmHoZaLPxFkpo=
-55,-111,Y9U8XLjVCii54wzyowwvaosaUxI=,Ed1qhm1a60bNIdVmHoZaLPxFkpo=
-51,-105,Y9U8XLjVCii54wzyowwvaosaUxI=,Ed1qhm1a60bNIdVmHoZaLPxFkpo=
-54,-105,Y9U8XLjVCii54wzyowwvaosaUxI=,Ed1qhm1a60bNIdVmHoZaLPxFkpo=
-52,-105,Y9U8XLjVCii54wzyowwvaosaUxI=,Ed1qhm1a60bNIdVmHoZaLPxFkpo=
-49,-106,Y9U8XLjVCii54wzyowwvaosaUxI=,Ed1qhm1a60bNIdVmHoZaLPxFkpo=
-53,-105,Y9U8XLjVCii54wzyowwvaosaUxI=,Ed1qhm1a60bNIdVmHoZaLPxFkpo=
-59,-105,Y9U8XLjVCii54wzyowwvaosaUxI=,Ed1qhm1a60bNIdVmHoZaLPxFkpo=
-54,-101,Y9U8XLjVCii54wzyowwvaosaUxI=,Ed1qhm1a60bNIdVmHoZaLPxFkpo=
-57,-105,Y9U8XLjVCii54wzyowwvaosaUxI=,Ed1qhm1a60bNIdVmHoZaLPxFkpo=
-53,-110,Y9U8XLjVCii54wzyowwvaosaUxI=,Ed1qhm1a60bNIdVmHoZaLPxFkpo=
-56,-105,Y9U8XLjVCii54wzyowwvaosaUxI=,Ed1qhm1a60bNIdVmHoZaLPxFkpo=
-55,-105,Y9U8XLjVCii54wzyowwvaosaUxI=,Ed1qhm1a60bNIdVmHoZaLPxFkpo=
-60,-105,Y9U8XLjVCii54wzyowwvaosaUxI=,Ed1qhm1a60bNIdVmHoZaLPxFkpo=
-52,-109,Y9U8XLjVCii54wzyowwvaosaUxI=,Ed1qhm1a60bNIdVmHoZaLPxFkpo=
-50,-106,Y9U8XLjVCii54wzyowwvaosaUxI=,Ed1qhm1a60bNIdVmHoZaLPxFkpo=
-54,-110,Y9U8XLjVCii54wzyowwvaosaUxI=,Ed1qhm1a60bNIdVmHoZaLPxFkpo=
-62,-106,Y9U8XLjVCii54wzyowwvaosaUxI=,Ed1qhm1a60bNIdVmHoZaLPxFkpo=
-61,-106,Y9U8XLjVCii54wzyowwvaosaUxI=,Ed1qhm1a60bNIdVmHoZaLPxFkpo=
-63,-106,Y9U8XLjVCii54wzyowwvaosaUxI=,Ed1qhm1a60bNIdVmHoZaLPxFkpo=
-64,-106,Y9U8XLjVCii54wzyowwvaosaUxI=,Ed1qhm1a60bNIdVmHoZaLPxFkpo=
-56,-111,Y9U8XLjVCii54wzyowwvaosaUxI=,Ed1qhm1a60bNIdVmHoZaLPxFkpo=
-49,-107,Y9U8XLjVCii54wzyowwvaosaUxI=,Ed1qhm1a60bNIdVmHoZaLPxFkpo=
-50,-107,Y9U8XLjVCii54wzyowwvaosaUxI=,Ed1qhm1a60bNIdVmHoZaLPxFkpo=
-56,-112,Y9U8XLjVCii54wzyowwvaosaUxI=,Ed1qhm1a60bNIdVmHoZaLPxFkpo=
-49,-108,Y9U8XLjVCii54wzyowwvaosaUxI=,Ed1qhm1a60bNIdVmHoZaLPxFkpo=
-57,-111,Y9U8XLjVCii54wzyowwvaosaUxI=,Ed1qhm1a60bNIdVmHoZaLPxFkpo=
-58,-101,Y9U8XLjVCii54wzyowwvaosaUxI=,Ed1qhm1a60bNIdVmHoZaLPxFkpo=
-55,-101,Y9U8XLjVCii54wzyowwvaosaUxI=,Ed1qhm1a60bNIdVmHoZaLPxFkpo=
-53,-106,Y9U8XLjVCii54wzyowwvaosaUxI=,Ed1qhm1a60bNIdVmHoZaLPxFkpo=
-61,-107,Y9U8XLjVCii54wzyowwvaosaUxI=,Ed1qhm1a60bNIdVmHoZaLPxFkpo=
-57,-112,Y9U8XLjVCii54wzyowwvaosaUxI=,Ed1qhm1a60bNIdVmHoZaLPxFkpo=
-52,-106,Y9U8XLjVCii54wzyowwvaosaUxI=,Ed1qhm1a60bNIdVmHoZaLPxFkpo=
-51,-106,Y9U8XLjVCii54wzyowwvaosaUxI=,Ed1qhm1a60bNIdVmHoZaLPxFkpo=
-57,-106,Y9U8XLjVCii54wzyowwvaosaUxI=,Ed1qhm1a60bNIdVmHoZaLPxFkpo=
-55,-106,Y9U8XLjVCii54wzyowwvaosaUxI=,Ed1qhm1a60bNIdVmHoZaLPxFkpo=
-54,-106,Y9U8XLjVCii54wzyowwvaosaUxI=,Ed1qhm1a60bNIdVmHoZaLPxFkpo=
-59,-106,Y9U8XLjVCii54wzyowwvaosaUxI=,Ed1qhm1a60bNIdVmHoZaLPxFkpo=
-56,-106,Y9U8XLjVCii54wzyowwvaosaUxI=,Ed1qhm1a60bNIdVmHoZaLPxFkpo=
-62,-107,Y9U8XLjVCii54wzyowwvaosaUxI=,Ed1qhm1a60bNIdVmHoZaLPxFkpo=
-60,-106,Y9U8XLjVCii54wzyowwvaosaUxI=,Ed1qhm1a60bNIdVmHoZaLPxFkpo=
-55,-110,Y9U8XLjVCii54wzyowwvaosaUxI=,Ed1qhm1a60bNIdVmHoZaLPxFkpo=
-58,-106,Y9U8XLjVCii54wzyowwvaosaUxI=,Ed1qhm1a60bNIdVmHoZaLPxFkpo=
-50,-108,Y9U8XLjVCii54wzyowwvaosaUxI=,Ed1qhm1a60bNIdVmHoZaLPxFkpo=
-51,-107,Y9U8XLjVCii54wzyowwvaosaUxI=,Ed1qhm1a60bNIdVmHoZaLPxFkpo=
-64,-107,Y9U8XLjVCii54wzyowwvaosaUxI=,Ed1qhm1a60bNIdVmHoZaLPxFkpo=
-53,-107,Y9U8XLjVCii54wzyowwvaosaUxI=,Ed1qhm1a60bNIdVmHoZaLPxFkpo=
-63,-107,Y9U8XLjVCii54wzyowwvaosaUxI=,Ed1qhm1a60bNIdVmHoZaLPxFkpo=
-51,-109,Y9U8XLjVCii54wzyowwvaosaUxI=,Ed1qhm1a60bNIdVmHoZaLPxFkpo=
-52,-107,Y9U8XLjVCii54wzyowwvaosaUxI=,Ed1qhm1a60bNIdVmHoZaLPxFkpo=
-64,-112,Y9U8XLjVCii54wzyowwvaosaUxI=,Ed1qhm1a60bNIdVmHoZaLPxFkpo=
-54,-107,Y9U8XLjVCii54wzyowwvaosaUxI=,Ed1qhm1a60bNIdVmHoZaLPxFkpo=
-55,-107,Y9U8XLjVCii54wzyowwvaosaUxI=,Ed1qhm1a60bNIdVmHoZaLPxFkpo=
-58,-112,Y9U8XLjVCii54wzyowwvaosaUxI=,Ed1qhm1a60bNIdVmHoZaLPxFkpo=
-61,-108,Y9U8XLjVCii54wzyowwvaosaUxI=,Ed1qhm1a60bNIdVmHoZaLPxFkpo=
-50,-109,Y9U8XLjVCii54wzyowwvaosaUxI=,Ed1qhm1a60bNIdVmHoZaLPxFkpo=
-63,-108,Y9U8XLjVCii54wzyowwvaosaUxI=,Ed1qhm1a60bNIdVmHoZaLPxFkpo=
-64,-108,Y9U8XLjVCii54wzyowwvaosaUxI=,Ed1qhm1a60bNIdVmHoZaLPxFkpo=
-62,-108,Y9U8XLjVCii54wzyowwvaosaUxI=,Ed1qhm1a60bNIdVmHoZaLPxFkpo=
-56,-107,Y9U8XLjVCii54wzyowwvaosaUxI=,Ed1qhm1a60bNIdVmHoZaLPxFkpo=
-58,-111,Y9U8XLjVCii54wzyowwvaosaUxI=,Ed1qhm1a60bNIdVmHoZaLPxFkpo=
-57,-107,Y9U8XLjVCii54wzyowwvaosaUxI=,Ed1qhm1a60bNIdVmHoZaLPxFkpo=
-59,-107,Y9U8XLjVCii54wzyowwvaosaUxI=,Ed1qhm1a60bNIdVmHoZaLPxFkpo=
-49,-109,Y9U8XLjVCii54wzyowwvaosaUxI=,Ed1qhm1a60bNIdVmHoZaLPxFkpo=
-58,-107,Y9U8XLjVCii54wzyowwvaosaUxI=,Ed1qhm1a60bNIdVmHoZaLPxFkpo=
-60,-107,Y9U8XLjVCii54wzyowwvaosaUxI=,Ed1qhm1a60bNIdVmHoZaLPxFkpo=
-56,-101,Y9U8XLjVCii54wzyowwvaosaUxI=,Ed1qhm1a60bNIdVmHoZaLPxFkpo=
-57,-110,Y9U8XLjVCii54wzyowwvaosaUxI=,Ed1qhm1a60bNIdVmHoZaLPxFkpo=
-57,-108,Y9U8XLjVCii54wzyowwvaosaUxI=,Ed1qhm1a60bNIdVmHoZaLPxFkpo=
-59,-108,Y9U8XLjVCii54wzyowwvaosaUxI=,Ed1qhm1a60bNIdVmHoZaLPxFkpo=
-60,-108,Y9U8XLjVCii54wzyowwvaosaUxI=,Ed1qhm1a60bNIdVmHoZaLPxFkpo=
-58,-108,Y9U8XLjVCii54wzyowwvaosaUxI=,Ed1qhm1a60bNIdVmHoZaLPxFkpo=
-57,-101,Y9U8XLjVCii54wzyowwvaosaUxI=,Ed1qhm1a60bNIdVmHoZaLPxFkpo=
-56,-110,Y9U8XLjVCii54wzyowwvaosaUxI=,Ed1qhm1a60bNIdVmHoZaLPxFkpo=
-55,-108,Y9U8XLjVCii54wzyowwvaosaUxI=,Ed1qhm1a60bNIdVmHoZaLPxFkpo=
-51,-108,Y9U8XLjVCii54wzyowwvaosaUxI=,Ed1qhm1a60bNIdVmHoZaLPxFkpo=
-56,-108,Y9U8XLjVCii54wzyowwvaosaUxI=,Ed1qhm1a60bNIdVmHoZaLPxFkpo=
-52,-108,Y9U8XLjVCii54wzyowwvaosaUxI=,Ed1qhm1a60bNIdVmHoZaLPxFkpo=
-53,-108,Y9U8XLjVCii54wzyowwvaosaUxI=,Ed1qhm1a60bNIdVmHoZaLPxFkpo=
-54,-108,Y9U8XLjVCii54wzyowwvaosaUxI=,Ed1qhm1a60bNIdVmHoZaLPxFkpo=
-49,-100,Y9U8XLjVCii54wzyowwvaosaUxI=,Ed1qhm1a60bNIdVmHoZaLPxFkpo=
