-49,31,6HcgwyGIBXGHEFHUgLjNCz7EgeQ=,4WVCPSoXLCsh4CGvxAuHbZwf9y0=
-50,31,6HcgwyGIBXGHEFHUgLjNCz7EgeQ=,4WVCPSoXLCsh4CGvxAuHbZwf9y0=
-61,16,6HcgwyGIBXGHEFHUgLjNCz7EgeQ=,4WVCPSoXLCsh4CGvxAuHbZwf9y0=
-61,31,6HcgwyGIBXGHEFHUgLjNCz7EgeQ=,4WVCPSoXLCsh4CGvxAuHbZwf9y0=
-63,31,6HcgwyGIBXGHEFHUgLjNCz7EgeQ=,4WVCPSoXLCsh4CGvxAuHbZwf9y0=
-62,19,6HcgwyGIBXGHEFHUgLjNCz7EgeQ=,4WVCPSoXLCsh4CGvxAuHbZwf9y0=
-62,31,6HcgwyGIBXGHEFHUgLjNCz7EgeQ=,4WVCPSoXLCsh4CGvxAuHbZwf9y0=
-61,18,6HcgwyGIBXGHEFHUgLjNCz7EgeQ=,4WVCPSoXLCsh4CGvxAuHbZwf9y0=
-61,19,6HcgwyGIBXGHEFHUgLjNCz7EgeQ=,4WVCPSoXLCsh4CGvxAuHbZwf9y0=
-63,16,6HcgwyGIBXGHEFHUgLjNCz7EgeQ=,4WVCPSoXLCsh4CGvxAuHbZwf9y0=
-63,19,6HcgwyGIBXGHEFHUgLjNCz7EgeQ=,4WVCPSoXLCsh4CGvxAuHbZwf9y0=
-64,31,6HcgwyGIBXGHEFHUgLjNCz7EgeQ=,4WVCPSoXLCsh4CGvxAuHbZwf9y0=
-49,30,6HcgwyGIBXGHEFHUgLjNCz7EgeQ=,4WVCPSoXLCsh4CGvxAuHbZwf9y0=
-50,30,6HcgwyGIBXGHEFHUgLjNCz7EgeQ=,4WVCPSoXLCsh4CGvxAuHbZwf9y0=
-59,18,6HcgwyGIBXGHEFHUgLjNCz7EgeQ=,4WVCPSoXLCsh4CGvxAuHbZwf9y0=
-59,16,6HcgwyGIBXGHEFHUgLjNCz7EgeQ=,4WVCPSoXLCsh4CGvxAuHbZwf9y0=
-59,19,6HcgwyGIBXGHEFHUgLjNCz7EgeQ=,4WVCPSoXLCsh4CGvxAuHbZwf9y0=
-60,18,6HcgwyGIBXGHEFHUgLjNCz7EgeQ=,4WVCPSoXLCsh4CGvxAuHbZwf9y0=
-58,18,6HcgwyGIBXGHEFHUgLjNCz7EgeQ=,4WVCPSoXLCsh4CGvxAuHbZwf9y0=
-58,19,6HcgwyGIBXGHEFHUgLjNCz7EgeQ=,4WVCPSoXLCsh4CGvxAuHbZwf9y0=
-60,17,6HcgwyGIBXGHEFHUgLjNCz7EgeQ=,4WVCPSoXLCsh4CGvxAuHbZwf9y0=
-60,19,6HcgwyGIBXGHEFHUgLjNCz7EgeQ=,4WVCPSoXLCsh4CGvxAuHbZwf9y0=
-57,19,6HcgwyGIBXGHEFHUgLjNCz7EgeQ=,4WVCPSoXLCsh4CGvxAuHbZwf9y0=
-59,17,6HcgwyGIBXGHEFHUgLjNCz7EgeQ=,4WVCPSoXLCsh4CGvxAuHbZwf9y0=
-60,16,6HcgwyGIBXGHEFHUgLjNCz7EgeQ=,4WVCPSoXLCsh4CGvxAuHbZwf9y0=
-51,31,6HcgwyGIBXGHEFHUgLjNCz7EgeQ=,4WVCPSoXLCsh4CGvxAuHbZwf9y0=
-56,30,6HcgwyGIBXGHEFHUgLjNCz7EgeQ=,4WVCPSoXLCsh4CGvxAuHbZwf9y0=
-53,31,6HcgwyGIBXGHEFHUgLjNCz7EgeQ=,4WVCPSoXLCsh4CGvxAuHbZwf9y0=
-56,31,6HcgwyGIBXGHEFHUgLjNCz7EgeQ=,4WVCPSoXLCsh4CGvxAuHbZwf9y0=
-58,31,6HcgwyGIBXGHEFHUgLjNCz7EgeQ=,4WVCPSoXLCsh4CGvxAuHbZwf9y0=
-52,31,6HcgwyGIBXGHEFHUgLjNCz7EgeQ=,4WVCPSoXLCsh4CGvxAuHbZwf9y0=
-61,30,6HcgwyGIBXGHEFHUgLjNCz7EgeQ=,4WVCPSoXLCsh4CGvxAuHbZwf9y0=
-55,31,6HcgwyGIBXGHEFHUgLjNCz7EgeQ=,4WVCPSoXLCsh4CGvxAuHbZwf9y0=
-55,30,6HcgwyGIBXGHEFHUgLjNCz7EgeQ=,4WVCPSoXLCsh4CGvxAuHbZwf9y0=
-53,30,6HcgwyGIBXGHEFHUgLjNCz7EgeQ=,4WVCPSoXLCsh4CGvxAuHbZwf9y0=
-60,31,6HcgwyGIBXGHEFHUgLjNCz7EgeQ=,4WVCPSoXLCsh4CGvxAuHbZwf9y0=
-57,30,6HcgwyGIBXGHEFHUgLjNCz7EgeQ=,4WVCPSoXLCsh4CGvxAuHbZwf9y0=
-62,30,6HcgwyGIBXGHEFHUgLjNCz7EgeQ=,4WVCPSoXLCsh4CGvxAuHbZwf9y0=
-52,30,6HcgwyGIBXGHEFHUgLjNCz7EgeQ=,4WVCPSoXLCsh4CGvxAuHbZwf9y0=
-51,30,6HcgwyGIBXGHEFHUgLjNCz7EgeQ=,4WVCPSoXLCsh4CGvxAuHbZwf9y0=
-54,31,6HcgwyGIBXGHEFHUgLjNCz7EgeQ=,4WVCPSoXLCsh4CGvxAuHbZwf9y0=
-59,31,6HcgwyGIBXGHEFHUgLjNCz7EgeQ=,4WVCPSoXLCsh4CGvxAuHbZwf9y0=
-54,30,6HcgwyGIBXGHEFHUgLjNCz7EgeQ=,4WVCPSoXLCsh4CGvxAuHbZwf9y0=
-57,31,6HcgwyGIBXGHEFHUgLjNCz7EgeQ=,4WVCPSoXLCsh4CGvxAuHbZwf9y0=
-59,30,6HcgwyGIBXGHEFHUgLjNCz7EgeQ=,4WVCPSoXLCsh4CGvxAuHbZwf9y0=
-60,30,6HcgwyGIBXGHEFHUgLjNCz7EgeQ=,4WVCPSoXLCsh4CGvxAuHbZwf9y0=
-64,30,6HcgwyGIBXGHEFHUgLjNCz7EgeQ=,4WVCPSoXLCsh4CGvxAuHbZwf9y0=
-58,30,6HcgwyGIBXGHEFHUgLjNCz7EgeQ=,4WVCPSoXLCsh4CGvxAuHbZwf9y0=
-63,30,6HcgwyGIBXGHEFHUgLjNCz7EgeQ=,4WVCPSoXLCsh4CGvxAuHbZwf9y0=
-61,17,6HcgwyGIBXGHEFHUgLjNCz7EgeQ=,4WVCPSoXLCsh4CGvxAuHbZwf9y0=
-62,18,6HcgwyGIBXGHEFHUgLjNCz7EgeQ=,4WVCPSoXLCsh4CGvxAuHbZwf9y0=
-56,19,6HcgwyGIBXGHEFHUgLjNCz7EgeQ=,4WVCPSoXLCsh4CGvxAuHbZwf9y0=
-62,17,6HcgwyGIBXGHEFHUgLjNCz7EgeQ=,4WVCPSoXLCsh4CGvxAuHbZwf9y0=
-49,29,6HcgwyGIBXGHEFHUgLjNCz7EgeQ=,4WVCPSoXLCsh4CGvxAuHbZwf9y0=
-50,29,6HcgwyGIBXGHEFHUgLjNCz7EgeQ=,4WVCPSoXLCsh4CGvxAuHbZwf9y0=
-50,28,6HcgwyGIBXGHEFHUgLjNCz7EgeQ=,4WVCPSoXLCsh4CGvxAuHbZwf9y0=
-49,28,6HcgwyGIBXGHEFHUgLjNCz7EgeQ=,4WVCPSoXLCsh4CGvxAuHbZwf9y0=
-63,18,6HcgwyGIBXGHEFHUgLjNCz7EgeQ=,4WVCPSoXLCsh4CGvxAuHbZwf9y0=
-61,29,6HcgwyGIBXGHEFHUgLjNCz7EgeQ=,4WVCPSoXLCsh4CGvxAuHbZwf9y0=
-62,29,6HcgwyGIBXGHEFHUgLjNCz7EgeQ=,4WVCPSoXLCsh4CGvxAuHbZwf9y0=
-57,29,6HcgwyGIBXGHEFHUgLjNCz7EgeQ=,4WVCPSoXLCsh4CGvxAuHbZwf9y0=
-63,29,6HcgwyGIBXGHEFHUgLjNCz7EgeQ=,4WVCPSoXLCsh4CGvxAuHbZwf9y0=
-64,29,6HcgwyGIBXGHEFHUgLjNCz7EgeQ=,4WVCPSoXLCsh4CGvxAuHbZwf9y0=
-54,29,6HcgwyGIBXGHEFHUgLjNCz7EgeQ=,4WVCPSoXLCsh4CGvxAuHbZwf9y0=
-59,29,6HcgwyGIBXGHEFHUgLjNCz7EgeQ=,4WVCPSoXLCsh4CGvxAuHbZwf9y0=
-60,29,6HcgwyGIBXGHEFHUgLjNCz7EgeQ=,4WVCPSoXLCsh4CGvxAuHbZwf9y0=
-55,29,6HcgwyGIBXGHEFHUgLjNCz7EgeQ=,4WVCPSoXLCsh4CGvxAuHbZwf9y0=
-62,28,6HcgwyGIBXGHEFHUgLjNCz7EgeQ=,4WVCPSoXLCsh4CGvxAuHbZwf9y0=
-61,28,6HcgwyGIBXGHEFHUgLjNCz7EgeQ=,4WVCPSoXLCsh4CGvxAuHbZwf9y0=
-63,17,6HcgwyGIBXGHEFHUgLjNCz7EgeQ=,4WVCPSoXLCsh4CGvxAuHbZwf9y0=
-56,29,6HcgwyGIBXGHEFHUgLjNCz7EgeQ=,4WVCPSoXLCsh4CGvxAuHbZwf9y0=
-58,29,6HcgwyGIBXGHEFHUgLjNCz7EgeQ=,4WVCPSoXLCsh4CGvxAuHbZwf9y0=
-63,28,6HcgwyGIBXGHEFHUgLjNCz7EgeQ=,4WVCPSoXLCsh4CGvxAuHbZwf9y0=
-64,28,6HcgwyGIBXGHEFHUgLjNCz7EgeQ=,4WVCPSoXLCsh4CGvxAuHbZwf9y0=
-64,19,6HcgwyGIBXGHEFHUgLjNCz7EgeQ=,4WVCPSoXLCsh4CGvxAuHbZwf9y0=
-62,16,6HcgwyGIBXGHEFHUgLjNCz7EgeQ=,4WVCPSoXLCsh4CGvxAuHbZwf9y0=
-56,28,6HcgwyGIBXGHEFHUgLjNCz7EgeQ=,4WVCPSoXLCsh4CGvxAuHbZwf9y0=
-64,17,6HcgwyGIBXGHEFHUgLjNCz7EgeQ=,4WVCPSoXLCsh4CGvxAuHbZwf9y0=
-49,27,6HcgwyGIBXGHEFHUgLjNCz7EgeQ=,4WVCPSoXLCsh4CGvxAuHbZwf9y0=
-57,28,6HcgwyGIBXGHEFHUgLjNCz7EgeQ=,4WVCPSoXLCsh4CGvxAuHbZwf9y0=
-49,16,6HcgwyGIBXGHEFHUgLjNCz7EgeQ=,4WVCPSoXLCsh4CGvxAuHbZwf9y0=
-49,18,6HcgwyGIBXGHEFHUgLjNCz7EgeQ=,4WVCPSoXLCsh4CGvxAuHbZwf9y0=
-64,18,6HcgwyGIBXGHEFHUgLjNCz7EgeQ=,4WVCPSoXLCsh4CGvxAuHbZwf9y0=
-50,16,6HcgwyGIBXGHEFHUgLjNCz7EgeQ=,4WVCPSoXLCsh4CGvxAuHbZwf9y0=
-49,17,6HcgwyGIBXGHEFHUgLjNCz7EgeQ=,4WVCPSoXLCsh4CGvxAuHbZwf9y0=
-58,28,6HcgwyGIBXGHEFHUgLjNCz7EgeQ=,4WVCPSoXLCsh4CGvxAuHbZwf9y0=
-59,28,6HcgwyGIBXGHEFHUgLjNCz7EgeQ=,4WVCPSoXLCsh4CGvxAuHbZwf9y0=
-60,28,6HcgwyGIBXGHEFHUgLjNCz7EgeQ=,4WVCPSoXLCsh4CGvxAuHbZwf9y0=
-50,17,6HcgwyGIBXGHEFHUgLjNCz7EgeQ=,4WVCPSoXLCsh4CGvxAuHbZwf9y0=
-61,27,6HcgwyGIBXGHEFHUgLjNCz7EgeQ=,4WVCPSoXLCsh4CGvxAuHbZwf9y0=
-62,27,6HcgwyGIBXGHEFHUgLjNCz7EgeQ=,4WVCPSoXLCsh4CGvxAuHbZwf9y0=
-63,27,6HcgwyGIBXGHEFHUgLjNCz7EgeQ=,4WVCPSoXLCsh4CGvxAuHbZwf9y0=
-64,27,6HcgwyGIBXGHEFHUgLjNCz7EgeQ=,4WVCPSoXLCsh4CGvxAuHbZwf9y0=
-51,16,6HcgwyGIBXGHEFHUgLjNCz7EgeQ=,4WVCPSoXLCsh4CGvxAuHbZwf9y0=
-50,18,6HcgwyGIBXGHEFHUgLjNCz7EgeQ=,4WVCPSoXLCsh4CGvxAuHbZwf9y0=
-55,27,6HcgwyGIBXGHEFHUgLjNCz7EgeQ=,4WVCPSoXLCsh4CGvxAuHbZwf9y0=
-57,27,6HcgwyGIBXGHEFHUgLjNCz7EgeQ=,4WVCPSoXLCsh4CGvxAuHbZwf9y0=
-60,27,6HcgwyGIBXGHEFHUgLjNCz7EgeQ=,4WVCPSoXLCsh4CGvxAuHbZwf9y0=
-59,27,6HcgwyGIBXGHEFHUgLjNCz7EgeQ=,4WVCPSoXLCsh4CGvxAuHbZwf9y0=
-58,27,6HcgwyGIBXGHEFHUgLjNCz7EgeQ=,4WVCPSoXLCsh4CGvxAuHbZwf9y0=
-51,17,6HcgwyGIBXGHEFHUgLjNCz7EgeQ=,4WVCPSoXLCsh4CGvxAuHbZwf9y0=
-51,27,6HcgwyGIBXGHEFHUgLjNCz7EgeQ=,4WVCPSoXLCsh4CGvxAuHbZwf9y0=
-56,27,6HcgwyGIBXGHEFHUgLjNCz7EgeQ=,4WVCPSoXLCsh4CGvxAuHbZwf9y0=
-62,26,6HcgwyGIBXGHEFHUgLjNCz7EgeQ=,4WVCPSoXLCsh4CGvxAuHbZwf9y0=
-61,26,6HcgwyGIBXGHEFHUgLjNCz7EgeQ=,4WVCPSoXLCsh4CGvxAuHbZwf9y0=
-59,26,6HcgwyGIBXGHEFHUgLjNCz7EgeQ=,4WVCPSoXLCsh4CGvxAuHbZwf9y0=
-55,28,6HcgwyGIBXGHEFHUgLjNCz7EgeQ=,4WVCPSoXLCsh4CGvxAuHbZwf9y0=
-63,26,6HcgwyGIBXGHEFHUgLjNCz7EgeQ=,4WVCPSoXLCsh4CGvxAuHbZwf9y0=
-64,26,6HcgwyGIBXGHEFHUgLjNCz7EgeQ=,4WVCPSoXLCsh4CGvxAuHbZwf9y0=
-60,26,6HcgwyGIBXGHEFHUgLjNCz7EgeQ=,4WVCPSoXLCsh4CGvxAuHbZwf9y0=
-52,16,6HcgwyGIBXGHEFHUgLjNCz7EgeQ=,4WVCPSoXLCsh4CGvxAuHbZwf9y0=
-52,17,6HcgwyGIBXGHEFHUgLjNCz7EgeQ=,4WVCPSoXLCsh4CGvxAuHbZwf9y0=
-52,26,6HcgwyGIBXGHEFHUgLjNCz7EgeQ=,4WVCPSoXLCsh4CGvxAuHbZwf9y0=
-51,18,6HcgwyGIBXGHEFHUgLjNCz7EgeQ=,4WVCPSoXLCsh4CGvxAuHbZwf9y0=
-50,27,6HcgwyGIBXGHEFHUgLjNCz7EgeQ=,4WVCPSoXLCsh4CGvxAuHbZwf9y0=
-55,19,6HcgwyGIBXGHEFHUgLjNCz7EgeQ=,4WVCPSoXLCsh4CGvxAuHbZwf9y0=
-54,19,6HcgwyGIBXGHEFHUgLjNCz7EgeQ=,4WVCPSoXLCsh4CGvxAuHbZwf9y0=
-52,29,6HcgwyGIBXGHEFHUgLjNCz7EgeQ=,4WVCPSoXLCsh4CGvxAuHbZwf9y0=
-53,29,6HcgwyGIBXGHEFHUgLjNCz7EgeQ=,4WVCPSoXLCsh4CGvxAuHbZwf9y0=
-58,25,6HcgwyGIBXGHEFHUgLjNCz7EgeQ=,4WVCPSoXLCsh4CGvxAuHbZwf9y0=
-51,28,6HcgwyGIBXGHEFHUgLjNCz7EgeQ=,4WVCPSoXLCsh4CGvxAuHbZwf9y0=
-54,27,6HcgwyGIBXGHEFHUgLjNCz7EgeQ=,4WVCPSoXLCsh4CGvxAuHbZwf9y0=
-60,25,6HcgwyGIBXGHEFHUgLjNCz7EgeQ=,4WVCPSoXLCsh4CGvxAuHbZwf9y0=
-53,27,6HcgwyGIBXGHEFHUgLjNCz7EgeQ=,4WVCPSoXLCsh4CGvxAuHbZwf9y0=
-53,28,6HcgwyGIBXGHEFHUgLjNCz7EgeQ=,4WVCPSoXLCsh4CGvxAuHbZwf9y0=
-52,18,6HcgwyGIBXGHEFHUgLjNCz7EgeQ=,4WVCPSoXLCsh4CGvxAuHbZwf9y0=
-52,27,6HcgwyGIBXGHEFHUgLjNCz7EgeQ=,4WVCPSoXLCsh4CGvxAuHbZwf9y0=
-61,25,6HcgwyGIBXGHEFHUgLjNCz7EgeQ=,4WVCPSoXLCsh4CGvxAuHbZwf9y0=
-53,26,6HcgwyGIBXGHEFHUgLjNCz7EgeQ=,4WVCPSoXLCsh4CGvxAuHbZwf9y0=
-54,28,6HcgwyGIBXGHEFHUgLjNCz7EgeQ=,4WVCPSoXLCsh4CGvxAuHbZwf9y0=
-62,25,6HcgwyGIBXGHEFHUgLjNCz7EgeQ=,4WVCPSoXLCsh4CGvxAuHbZwf9y0=
-63,25,6HcgwyGIBXGHEFHUgLjNCz7EgeQ=,4WVCPSoXLCsh4CGvxAuHbZwf9y0=
-53,16,6HcgwyGIBXGHEFHUgLjNCz7EgeQ=,4WVCPSoXLCsh4CGvxAuHbZwf9y0=
-64,25,6HcgwyGIBXGHEFHUgLjNCz7EgeQ=,4WVCPSoXLCsh4CGvxAuHbZwf9y0=
-51,26,6HcgwyGIBXGHEFHUgLjNCz7EgeQ=,4WVCPSoXLCsh4CGvxAuHbZwf9y0=
-53,17,6HcgwyGIBXGHEFHUgLjNCz7EgeQ=,4WVCPSoXLCsh4CGvxAuHbZwf9y0=
-49,26,6HcgwyGIBXGHEFHUgLjNCz7EgeQ=,4WVCPSoXLCsh4CGvxAuHbZwf9y0=
-57,26,6HcgwyGIBXGHEFHUgLjNCz7EgeQ=,4WVCPSoXLCsh4CGvxAuHbZwf9y0=
-52,25,6HcgwyGIBXGHEFHUgLjNCz7EgeQ=,4WVCPSoXLCsh4CGvxAuHbZwf9y0=
-52,28,6HcgwyGIBXGHEFHUgLjNCz7EgeQ=,4WVCPSoXLCsh4CGvxAuHbZwf9y0=
-51,29,6HcgwyGIBXGHEFHUgLjNCz7EgeQ=,4WVCPSoXLCsh4CGvxAuHbZwf9y0=
-49,25,6HcgwyGIBXGHEFHUgLjNCz7EgeQ=,4WVCPSoXLCsh4CGvxAuHbZwf9y0=
-61,24,6HcgwyGIBXGHEFHUgLjNCz7EgeQ=,4WVCPSoXLCsh4CGvxAuHbZwf9y0=
-62,24,6HcgwyGIBXGHEFHUgLjNCz7EgeQ=,4WVCPSoXLCsh4CGvxAuHbZwf9y0=
-53,18,6HcgwyGIBXGHEFHUgLjNCz7EgeQ=,4WVCPSoXLCsh4CGvxAuHbZwf9y0=
-63,24,6HcgwyGIBXGHEFHUgLjNCz7EgeQ=,4WVCPSoXLCsh4CGvxAuHbZwf9y0=
-64,24,6HcgwyGIBXGHEFHUgLjNCz7EgeQ=,4WVCPSoXLCsh4CGvxAuHbZwf9y0=
-50,25,6HcgwyGIBXGHEFHUgLjNCz7EgeQ=,4WVCPSoXLCsh4CGvxAuHbZwf9y0=
-54,16,6HcgwyGIBXGHEFHUgLjNCz7EgeQ=,4WVCPSoXLCsh4CGvxAuHbZwf9y0=
-53,25,dVHXO40qMlepbIaMRnSHpgOAb4E=,4WVCPSoXLCsh4CGvxAuHbZwf9y0=
-54,17,dVHXO40qMlepbIaMRnSHpgOAb4E=,4WVCPSoXLCsh4CGvxAuHbZwf9y0=
-51,25,dVHXO40qMlepbIaMRnSHpgOAb4E=,4WVCPSoXLCsh4CGvxAuHbZwf9y0=
-55,26,dVHXO40qMlepbIaMRnSHpgOAb4E=,4WVCPSoXLCsh4CGvxAuHbZwf9y0=
-56,26,dVHXO40qMlepbIaMRnSHpgOAb4E=,4WVCPSoXLCsh4CGvxAuHbZwf9y0=
-58,26,dVHXO40qMlepbIaMRnSHpgOAb4E=,4WVCPSoXLCsh4CGvxAuHbZwf9y0=
-52,23,dVHXO40qMlepbIaMRnSHpgOAb4E=,4WVCPSoXLCsh4CGvxAuHbZwf9y0=
-54,26,dVHXO40qMlepbIaMRnSHpgOAb4E=,4WVCPSoXLCsh4CGvxAuHbZwf9y0=
-50,26,dVHXO40qMlepbIaMRnSHpgOAb4E=,4WVCPSoXLCsh4CGvxAuHbZwf9y0=
-56,25,dVHXO40qMlepbIaMRnSHpgOAb4E=,4WVCPSoXLCsh4CGvxAuHbZwf9y0=
-55,25,dVHXO40qMlepbIaMRnSHpgOAb4E=,4WVCPSoXLCsh4CGvxAuHbZwf9y0=
-61,23,dVHXO40qMlepbIaMRnSHpgOAb4E=,4WVCPSoXLCsh4CGvxAuHbZwf9y0=
-54,25,dVHXO40qMlepbIaMRnSHpgOAb4E=,4WVCPSoXLCsh4CGvxAuHbZwf9y0=
-54,18,dVHXO40qMlepbIaMRnSHpgOAb4E=,4WVCPSoXLCsh4CGvxAuHbZwf9y0=
-63,23,dVHXO40qMlepbIaMRnSHpgOAb4E=,4WVCPSoXLCsh4CGvxAuHbZwf9y0=
-62,23,dVHXO40qMlepbIaMRnSHpgOAb4E=,4WVCPSoXLCsh4CGvxAuHbZwf9y0=
-64,23,dVHXO40qMlepbIaMRnSHpgOAb4E=,4WVCPSoXLCsh4CGvxAuHbZwf9y0=
-49,22,dVHXO40qMlepbIaMRnSHpgOAb4E=,4WVCPSoXLCsh4CGvxAuHbZwf9y0=
-55,16,dVHXO40qMlepbIaMRnSHpgOAb4E=,4WVCPSoXLCsh4CGvxAuHbZwf9y0=
-52,24,dVHXO40qMlepbIaMRnSHpgOAb4E=,4WVCPSoXLCsh4CGvxAuHbZwf9y0=
-55,17,dVHXO40qMlepbIaMRnSHpgOAb4E=,4WVCPSoXLCsh4CGvxAuHbZwf9y0=
-50,22,dVHXO40qMlepbIaMRnSHpgOAb4E=,4WVCPSoXLCsh4CGvxAuHbZwf9y0=
-53,19,dVHXO40qMlepbIaMRnSHpgOAb4E=,4WVCPSoXLCsh4CGvxAuHbZwf9y0=
-52,19,dVHXO40qMlepbIaMRnSHpgOAb4E=,4WVCPSoXLCsh4CGvxAuHbZwf9y0=
-51,19,dVHXO40qMlepbIaMRnSHpgOAb4E=,4WVCPSoXLCsh4CGvxAuHbZwf9y0=
-50,19,dVHXO40qMlepbIaMRnSHpgOAb4E=,4WVCPSoXLCsh4CGvxAuHbZwf9y0=
-58,17,dVHXO40qMlepbIaMRnSHpgOAb4E=,4WVCPSoXLCsh4CGvxAuHbZwf9y0=
-56,24,dVHXO40qMlepbIaMRnSHpgOAb4E=,4WVCPSoXLCsh4CGvxAuHbZwf9y0=
-51,23,dVHXO40qMlepbIaMRnSHpgOAb4E=,4WVCPSoXLCsh4CGvxAuHbZwf9y0=
-51,24,dVHXO40qMlepbIaMRnSHpgOAb4E=,4WVCPSoXLCsh4CGvxAuHbZwf9y0=
-49,19,dVHXO40qMlepbIaMRnSHpgOAb4E=,4WVCPSoXLCsh4CGvxAuHbZwf9y0=
-59,25,dVHXO40qMlepbIaMRnSHpgOAb4E=,4WVCPSoXLCsh4CGvxAuHbZwf9y0=
-58,16,dVHXO40qMlepbIaMRnSHpgOAb4E=,4WVCPSoXLCsh4CGvxAuHbZwf9y0=
-57,18,dVHXO40qMlepbIaMRnSHpgOAb4E=,4WVCPSoXLCsh4CGvxAuHbZwf9y0=
-64,20,dVHXO40qMlepbIaMRnSHpgOAb4E=,4WVCPSoXLCsh4CGvxAuHbZwf9y0=
-63,20,dVHXO40qMlepbIaMRnSHpgOAb4E=,4WVCPSoXLCsh4CGvxAuHbZwf9y0=
-62,20,dVHXO40qMlepbIaMRnSHpgOAb4E=,4WVCPSoXLCsh4CGvxAuHbZwf9y0=
-61,20,dVHXO40qMlepbIaMRnSHpgOAb4E=,4WVCPSoXLCsh4CGvxAuHbZwf9y0=
-57,25,dVHXO40qMlepbIaMRnSHpgOAb4E=,4WVCPSoXLCsh4CGvxAuHbZwf9y0=
-49,24,dVHXO40qMlepbIaMRnSHpgOAb4E=,4WVCPSoXLCsh4CGvxAuHbZwf9y0=
-53,24,dVHXO40qMlepbIaMRnSHpgOAb4E=,4WVCPSoXLCsh4CGvxAuHbZwf9y0=
-60,20,dVHXO40qMlepbIaMRnSHpgOAb4E=,4WVCPSoXLCsh4CGvxAuHbZwf9y0=
-50,23,dVHXO40qMlepbIaMRnSHpgOAb4E=,4WVCPSoXLCsh4CGvxAuHbZwf9y0=
-49,23,dVHXO40qMlepbIaMRnSHpgOAb4E=,4WVCPSoXLCsh4CGvxAuHbZwf9y0=
-61,22,dVHXO40qMlepbIaMRnSHpgOAb4E=,4WVCPSoXLCsh4CGvxAuHbZwf9y0=
-50,24,dVHXO40qMlepbIaMRnSHpgOAb4E=,4WVCPSoXLCsh4CGvxAuHbZwf9y0=
-59,20,dVHXO40qMlepbIaMRnSHpgOAb4E=,4WVCPSoXLCsh4CGvxAuHbZwf9y0=
-60,24,dVHXO40qMlepbIaMRnSHpgOAb4E=,4WVCPSoXLCsh4CGvxAuHbZwf9y0=
-62,22,dVHXO40qMlepbIaMRnSHpgOAb4E=,4WVCPSoXLCsh4CGvxAuHbZwf9y0=
-55,18,dVHXO40qMlepbIaMRnSHpgOAb4E=,4WVCPSoXLCsh4CGvxAuHbZwf9y0=
-63,22,dVHXO40qMlepbIaMRnSHpgOAb4E=,4WVCPSoXLCsh4CGvxAuHbZwf9y0=
-64,22,dVHXO40qMlepbIaMRnSHpgOAb4E=,4WVCPSoXLCsh4CGvxAuHbZwf9y0=
-58,20,dVHXO40qMlepbIaMRnSHpgOAb4E=,4WVCPSoXLCsh4CGvxAuHbZwf9y0=
-55,24,dVHXO40qMlepbIaMRnSHpgOAb4E=,4WVCPSoXLCsh4CGvxAuHbZwf9y0=
-50,21,dVHXO40qMlepbIaMRnSHpgOAb4E=,4WVCPSoXLCsh4CGvxAuHbZwf9y0=
-56,17,dVHXO40qMlepbIaMRnSHpgOAb4E=,4WVCPSoXLCsh4CGvxAuHbZwf9y0=
-51,21,dVHXO40qMlepbIaMRnSHpgOAb4E=,4WVCPSoXLCsh4CGvxAuHbZwf9y0=
-49,21,dVHXO40qMlepbIaMRnSHpgOAb4E=,4WVCPSoXLCsh4CGvxAuHbZwf9y0=
-53,21,dVHXO40qMlepbIaMRnSHpgOAb4E=,4WVCPSoXLCsh4CGvxAuHbZwf9y0=
-56,16,dVHXO40qMlepbIaMRnSHpgOAb4E=,4WVCPSoXLCsh4CGvxAuHbZwf9y0=
-54,23,dVHXO40qMlepbIaMRnSHpgOAb4E=,4WVCPSoXLCsh4CGvxAuHbZwf9y0=
-57,24,dVHXO40qMlepbIaMRnSHpgOAb4E=,4WVCPSoXLCsh4CGvxAuHbZwf9y0=
-54,24,dVHXO40qMlepbIaMRnSHpgOAb4E=,4WVCPSoXLCsh4CGvxAuHbZwf9y0=
-60,21,dVHXO40qMlepbIaMRnSHpgOAb4E=,4WVCPSoXLCsh4CGvxAuHbZwf9y0=
-61,21,dVHXO40qMlepbIaMRnSHpgOAb4E=,4WVCPSoXLCsh4CGvxAuHbZwf9y0=
-62,21,dVHXO40qMlepbIaMRnSHpgOAb4E=,4WVCPSoXLCsh4CGvxAuHbZwf9y0=
-59,24,dVHXO40qMlepbIaMRnSHpgOAb4E=,4WVCPSoXLCsh4CGvxAuHbZwf9y0=
-53,23,dVHXO40qMlepbIaMRnSHpgOAb4E=,4WVCPSoXLCsh4CGvxAuHbZwf9y0=
-55,23,dVHXO40qMlepbIaMRnSHpgOAb4E=,4WVCPSoXLCsh4CGvxAuHbZwf9y0=
-58,24,dVHXO40qMlepbIaMRnSHpgOAb4E=,4WVCPSoXLCsh4CGvxAuHbZwf9y0=
-56,23,dVHXO40qMlepbIaMRnSHpgOAb4E=,4WVCPSoXLCsh4CGvxAuHbZwf9y0=
-56,18,dVHXO40qMlepbIaMRnSHpgOAb4E=,4WVCPSoXLCsh4CGvxAuHbZwf9y0=
-49,20,dVHXO40qMlepbIaMRnSHpgOAb4E=,4WVCPSoXLCsh4CGvxAuHbZwf9y0=
-57,16,dVHXO40qMlepbIaMRnSHpgOAb4E=,4WVCPSoXLCsh4CGvxAuHbZwf9y0=
-57,17,dVHXO40qMlepbIaMRnSHpgOAb4E=,4WVCPSoXLCsh4CGvxAuHbZwf9y0=
-52,20,dVHXO40qMlepbIaMRnSHpgOAb4E=,4WVCPSoXLCsh4CGvxAuHbZwf9y0=
-51,20,dVHXO40qMlepbIaMRnSHpgOAb4E=,4WVCPSoXLCsh4CGvxAuHbZwf9y0=
-57,23,dVHXO40qMlepbIaMRnSHpgOAb4E=,4WVCPSoXLCsh4CGvxAuHbZwf9y0=
-64,16,dVHXO40qMlepbIaMRnSHpgOAb4E=,4WVCPSoXLCsh4CGvxAuHbZwf9y0=
-63,21,dVHXO40qMlepbIaMRnSHpgOAb4E=,4WVCPSoXLCsh4CGvxAuHbZwf9y0=
-51,22,dVHXO40qMlepbIaMRnSHpgOAb4E=,4WVCPSoXLCsh4CGvxAuHbZwf9y0=
-53,20,dVHXO40qMlepbIaMRnSHpgOAb4E=,4WVCPSoXLCsh4CGvxAuHbZwf9y0=
-59,23,dVHXO40qMlepbIaMRnSHpgOAb4E=,4WVCPSoXLCsh4CGvxAuHbZwf9y0=
-58,23,dVHXO40qMlepbIaMRnSHpgOAb4E=,4WVCPSoXLCsh4CGvxAuHbZwf9y0=
-50,20,dVHXO40qMlepbIaMRnSHpgOAb4E=,4WVCPSoXLCsh4CGvxAuHbZwf9y0=
-64,21,dVHXO40qMlepbIaMRnSHpgOAb4E=,4WVCPSoXLCsh4CGvxAuHbZwf9y0=
-60,23,dVHXO40qMlepbIaMRnSHpgOAb4E=,4WVCPSoXLCsh4CGvxAuHbZwf9y0=
-52,22,dVHXO40qMlepbIaMRnSHpgOAb4E=,4WVCPSoXLCsh4CGvxAuHbZwf9y0=
-54,22,dVHXO40qMlepbIaMRnSHpgOAb4E=,4WVCPSoXLCsh4CGvxAuHbZwf9y0=
-53,22,dVHXO40qMlepbIaMRnSHpgOAb4E=,4WVCPSoXLCsh4CGvxAuHbZwf9y0=
-55,22,dVHXO40qMlepbIaMRnSHpgOAb4E=,4WVCPSoXLCsh4CGvxAuHbZwf9y0=
-60,22,dVHXO40qMlepbIaMRnSHpgOAb4E=,4WVCPSoXLCsh4CGvxAuHbZwf9y0=
-52,21,dVHXO40qMlepbIaMRnSHpgOAb4E=,4WVCPSoXLCsh4CGvxAuHbZwf9y0=
-56,22,dVHXO40qMlepbIaMRnSHpgOAb4E=,4WVCPSoXLCsh4CGvxAuHbZwf9y0=
-59,21,dVHXO40qMlepbIaMRnSHpgOAb4E=,4WVCPSoXLCsh4CGvxAuHbZwf9y0=
-57,20,dVHXO40qMlepbIaMRnSHpgOAb4E=,4WVCPSoXLCsh4CGvxAuHbZwf9y0=
-59,22,dVHXO40qMlepbIaMRnSHpgOAb4E=,4WVCPSoXLCsh4CGvxAuHbZwf9y0=
-58,22,dVHXO40qMlepbIaMRnSHpgOAb4E=,4WVCPSoXLCsh4CGvxAuHbZwf9y0=
-57,22,dVHXO40qMlepbIaMRnSHpgOAb4E=,4WVCPSoXLCsh4CGvxAuHbZwf9y0=
-55,21,dVHXO40qMlepbIaMRnSHpgOAb4E=,4WVCPSoXLCsh4CGvxAuHbZwf9y0=
-54,21,dVHXO40qMlepbIaMRnSHpgOAb4E=,4WVCPSoXLCsh4CGvxAuHbZwf9y0=
-54,20,dVHXO40qMlepbIaMRnSHpgOAb4E=,4WVCPSoXLCsh4CGvxAuHbZwf9y0=
-55,20,dVHXO40qMlepbIaMRnSHpgOAb4E=,4WVCPSoXLCsh4CGvxAuHbZwf9y0=
-58,21,dVHXO40qMlepbIaMRnSHpgOAb4E=,4WVCPSoXLCsh4CGvxAuHbZwf9y0=
-56,21,dVHXO40qMlepbIaMRnSHpgOAb4E=,4WVCPSoXLCsh4CGvxAuHbZwf9y0=
-56,20,dVHXO40qMlepbIaMRnSHpgOAb4E=,4WVCPSoXLCsh4CGvxAuHbZwf9y0=
-57,21,dVHXO40qMlepbIaMRnSHpgOAb4E=,4WVCPSoXLCsh4CGvxAuHbZwf9y0=
-41,31,O+JPFMHmgMOW/2yXBGYxi8wC+bA=,ucLKXvZApGQvnY+iSl3pAFsN9/s=
-43,16,O+JPFMHmgMOW/2yXBGYxi8wC+bA=,ucLKXvZApGQvnY+iSl3pAFsN9/s=
-42,31,O+JPFMHmgMOW/2yXBGYxi8wC+bA=,ucLKXvZApGQvnY+iSl3pAFsN9/s=
-43,18,O+JPFMHmgMOW/2yXBGYxi8wC+bA=,ucLKXvZApGQvnY+iSl3pAFsN9/s=
-36,19,O+JPFMHmgMOW/2yXBGYxi8wC+bA=,ucLKXvZApGQvnY+iSl3pAFsN9/s=
-44,19,O+JPFMHmgMOW/2yXBGYxi8wC+bA=,ucLKXvZApGQvnY+iSl3pAFsN9/s=
-45,16,O+JPFMHmgMOW/2yXBGYxi8wC+bA=,ucLKXvZApGQvnY+iSl3pAFsN9/s=
-42,18,O+JPFMHmgMOW/2yXBGYxi8wC+bA=,ucLKXvZApGQvnY+iSl3pAFsN9/s=
-45,19,O+JPFMHmgMOW/2yXBGYxi8wC+bA=,ucLKXvZApGQvnY+iSl3pAFsN9/s=
-46,19,O+JPFMHmgMOW/2yXBGYxi8wC+bA=,ucLKXvZApGQvnY+iSl3pAFsN9/s=
-43,17,O+JPFMHmgMOW/2yXBGYxi8wC+bA=,ucLKXvZApGQvnY+iSl3pAFsN9/s=
-44,17,O+JPFMHmgMOW/2yXBGYxi8wC+bA=,ucLKXvZApGQvnY+iSl3pAFsN9/s=
-47,16,O+JPFMHmgMOW/2yXBGYxi8wC+bA=,ucLKXvZApGQvnY+iSl3pAFsN9/s=
-44,18,O+JPFMHmgMOW/2yXBGYxi8wC+bA=,ucLKXvZApGQvnY+iSl3pAFsN9/s=
-43,31,O+JPFMHmgMOW/2yXBGYxi8wC+bA=,ucLKXvZApGQvnY+iSl3pAFsN9/s=
-44,31,O+JPFMHmgMOW/2yXBGYxi8wC+bA=,ucLKXvZApGQvnY+iSl3pAFsN9/s=
-37,31,O+JPFMHmgMOW/2yXBGYxi8wC+bA=,ucLKXvZApGQvnY+iSl3pAFsN9/s=
-40,31,O+JPFMHmgMOW/2yXBGYxi8wC+bA=,ucLKXvZApGQvnY+iSl3pAFsN9/s=
-35,19,O+JPFMHmgMOW/2yXBGYxi8wC+bA=,ucLKXvZApGQvnY+iSl3pAFsN9/s=
-45,31,O+JPFMHmgMOW/2yXBGYxi8wC+bA=,ucLKXvZApGQvnY+iSl3pAFsN9/s=
-46,31,O+JPFMHmgMOW/2yXBGYxi8wC+bA=,ucLKXvZApGQvnY+iSl3pAFsN9/s=
-33,31,O+JPFMHmgMOW/2yXBGYxi8wC+bA=,ucLKXvZApGQvnY+iSl3pAFsN9/s=
-38,31,O+JPFMHmgMOW/2yXBGYxi8wC+bA=,ucLKXvZApGQvnY+iSl3pAFsN9/s=
-35,31,O+JPFMHmgMOW/2yXBGYxi8wC+bA=,ucLKXvZApGQvnY+iSl3pAFsN9/s=
-47,31,O+JPFMHmgMOW/2yXBGYxi8wC+bA=,ucLKXvZApGQvnY+iSl3pAFsN9/s=
-47,19,O+JPFMHmgMOW/2yXBGYxi8wC+bA=,ucLKXvZApGQvnY+iSl3pAFsN9/s=
-34,31,O+JPFMHmgMOW/2yXBGYxi8wC+bA=,ucLKXvZApGQvnY+iSl3pAFsN9/s=
-36,31,O+JPFMHmgMOW/2yXBGYxi8wC+bA=,ucLKXvZApGQvnY+iSl3pAFsN9/s=
-48,31,O+JPFMHmgMOW/2yXBGYxi8wC+bA=,ucLKXvZApGQvnY+iSl3pAFsN9/s=
-38,19,O+JPFMHmgMOW/2yXBGYxi8wC+bA=,ucLKXvZApGQvnY+iSl3pAFsN9/s=
-39,31,O+JPFMHmgMOW/2yXBGYxi8wC+bA=,ucLKXvZApGQvnY+iSl3pAFsN9/s=
-44,16,O+JPFMHmgMOW/2yXBGYxi8wC+bA=,ucLKXvZApGQvnY+iSl3pAFsN9/s=
-37,19,O+JPFMHmgMOW/2yXBGYxi8wC+bA=,ucLKXvZApGQvnY+iSl3pAFsN9/s=
-41,19,O+JPFMHmgMOW/2yXBGYxi8wC+bA=,ucLKXvZApGQvnY+iSl3pAFsN9/s=
-45,18,O+JPFMHmgMOW/2yXBGYxi8wC+bA=,ucLKXvZApGQvnY+iSl3pAFsN9/s=
-34,19,O+JPFMHmgMOW/2yXBGYxi8wC+bA=,ucLKXvZApGQvnY+iSl3pAFsN9/s=
-39,30,O+JPFMHmgMOW/2yXBGYxi8wC+bA=,ucLKXvZApGQvnY+iSl3pAFsN9/s=
-33,30,O+JPFMHmgMOW/2yXBGYxi8wC+bA=,ucLKXvZApGQvnY+iSl3pAFsN9/s=
-34,30,O+JPFMHmgMOW/2yXBGYxi8wC+bA=,ucLKXvZApGQvnY+iSl3pAFsN9/s=
-35,30,O+JPFMHmgMOW/2yXBGYxi8wC+bA=,ucLKXvZApGQvnY+iSl3pAFsN9/s=
-36,30,O+JPFMHmgMOW/2yXBGYxi8wC+bA=,ucLKXvZApGQvnY+iSl3pAFsN9/s=
-37,30,O+JPFMHmgMOW/2yXBGYxi8wC+bA=,ucLKXvZApGQvnY+iSl3pAFsN9/s=
-42,30,O+JPFMHmgMOW/2yXBGYxi8wC+bA=,ucLKXvZApGQvnY+iSl3pAFsN9/s=
-38,30,O+JPFMHmgMOW/2yXBGYxi8wC+bA=,ucLKXvZApGQvnY+iSl3pAFsN9/s=
-40,30,O+JPFMHmgMOW/2yXBGYxi8wC+bA=,ucLKXvZApGQvnY+iSl3pAFsN9/s=
-41,30,O+JPFMHmgMOW/2yXBGYxi8wC+bA=,ucLKXvZApGQvnY+iSl3pAFsN9/s=
-43,30,O+JPFMHmgMOW/2yXBGYxi8wC+bA=,ucLKXvZApGQvnY+iSl3pAFsN9/s=
-45,17,O+JPFMHmgMOW/2yXBGYxi8wC+bA=,ucLKXvZApGQvnY+iSl3pAFsN9/s=
-46,18,O+JPFMHmgMOW/2yXBGYxi8wC+bA=,ucLKXvZApGQvnY+iSl3pAFsN9/s=
-42,17,O+JPFMHmgMOW/2yXBGYxi8wC+bA=,ucLKXvZApGQvnY+iSl3pAFsN9/s=
-44,30,O+JPFMHmgMOW/2yXBGYxi8wC+bA=,ucLKXvZApGQvnY+iSl3pAFsN9/s=
-41,29,O+JPFMHmgMOW/2yXBGYxi8wC+bA=,ucLKXvZApGQvnY+iSl3pAFsN9/s=
-45,30,O+JPFMHmgMOW/2yXBGYxi8wC+bA=,ucLKXvZApGQvnY+iSl3pAFsN9/s=
-37,29,O+JPFMHmgMOW/2yXBGYxi8wC+bA=,ucLKXvZApGQvnY+iSl3pAFsN9/s=
-36,29,O+JPFMHmgMOW/2yXBGYxi8wC+bA=,ucLKXvZApGQvnY+iSl3pAFsN9/s=
-42,29,O+JPFMHmgMOW/2yXBGYxi8wC+bA=,ucLKXvZApGQvnY+iSl3pAFsN9/s=
-46,30,O+JPFMHmgMOW/2yXBGYxi8wC+bA=,ucLKXvZApGQvnY+iSl3pAFsN9/s=
-33,29,O+JPFMHmgMOW/2yXBGYxi8wC+bA=,ucLKXvZApGQvnY+iSl3pAFsN9/s=
-47,30,O+JPFMHmgMOW/2yXBGYxi8wC+bA=,ucLKXvZApGQvnY+iSl3pAFsN9/s=
-48,30,O+JPFMHmgMOW/2yXBGYxi8wC+bA=,ucLKXvZApGQvnY+iSl3pAFsN9/s=
-35,29,O+JPFMHmgMOW/2yXBGYxi8wC+bA=,ucLKXvZApGQvnY+iSl3pAFsN9/s=
-38,29,O+JPFMHmgMOW/2yXBGYxi8wC+bA=,ucLKXvZApGQvnY+iSl3pAFsN9/s=
-33,19,O+JPFMHmgMOW/2yXBGYxi8wC+bA=,ucLKXvZApGQvnY+iSl3pAFsN9/s=
-46,17,O+JPFMHmgMOW/2yXBGYxi8wC+bA=,ucLKXvZApGQvnY+iSl3pAFsN9/s=
-34,29,O+JPFMHmgMOW/2yXBGYxi8wC+bA=,ucLKXvZApGQvnY+iSl3pAFsN9/s=
-39,29,O+JPFMHmgMOW/2yXBGYxi8wC+bA=,ucLKXvZApGQvnY+iSl3pAFsN9/s=
-47,18,O+JPFMHmgMOW/2yXBGYxi8wC+bA=,ucLKXvZApGQvnY+iSl3pAFsN9/s=
-44,29,O+JPFMHmgMOW/2yXBGYxi8wC+bA=,ucLKXvZApGQvnY+iSl3pAFsN9/s=
-40,29,O+JPFMHmgMOW/2yXBGYxi8wC+bA=,ucLKXvZApGQvnY+iSl3pAFsN9/s=
-45,29,O+JPFMHmgMOW/2yXBGYxi8wC+bA=,ucLKXvZApGQvnY+iSl3pAFsN9/s=
-43,29,O+JPFMHmgMOW/2yXBGYxi8wC+bA=,ucLKXvZApGQvnY+iSl3pAFsN9/s=
-47,29,O+JPFMHmgMOW/2yXBGYxi8wC+bA=,ucLKXvZApGQvnY+iSl3pAFsN9/s=
-46,29,O+JPFMHmgMOW/2yXBGYxi8wC+bA=,ucLKXvZApGQvnY+iSl3pAFsN9/s=
-33,28,O+JPFMHmgMOW/2yXBGYxi8wC+bA=,ucLKXvZApGQvnY+iSl3pAFsN9/s=
-47,17,O+JPFMHmgMOW/2yXBGYxi8wC+bA=,ucLKXvZApGQvnY+iSl3pAFsN9/s=
-48,17,O+JPFMHmgMOW/2yXBGYxi8wC+bA=,ucLKXvZApGQvnY+iSl3pAFsN9/s=
-48,29,O+JPFMHmgMOW/2yXBGYxi8wC+bA=,ucLKXvZApGQvnY+iSl3pAFsN9/s=
-46,16,O+JPFMHmgMOW/2yXBGYxi8wC+bA=,ucLKXvZApGQvnY+iSl3pAFsN9/s=
-34,28,O+JPFMHmgMOW/2yXBGYxi8wC+bA=,ucLKXvZApGQvnY+iSl3pAFsN9/s=
-33,16,O+JPFMHmgMOW/2yXBGYxi8wC+bA=,ucLKXvZApGQvnY+iSl3pAFsN9/s=
-35,28,O+JPFMHmgMOW/2yXBGYxi8wC+bA=,ucLKXvZApGQvnY+iSl3pAFsN9/s=
-36,28,O+JPFMHmgMOW/2yXBGYxi8wC+bA=,ucLKXvZApGQvnY+iSl3pAFsN9/s=
-38,28,O+JPFMHmgMOW/2yXBGYxi8wC+bA=,ucLKXvZApGQvnY+iSl3pAFsN9/s=
-37,28,O+JPFMHmgMOW/2yXBGYxi8wC+bA=,ucLKXvZApGQvnY+iSl3pAFsN9/s=
-48,19,O+JPFMHmgMOW/2yXBGYxi8wC+bA=,ucLKXvZApGQvnY+iSl3pAFsN9/s=
-41,28,O+JPFMHmgMOW/2yXBGYxi8wC+bA=,ucLKXvZApGQvnY+iSl3pAFsN9/s=
-40,28,O+JPFMHmgMOW/2yXBGYxi8wC+bA=,ucLKXvZApGQvnY+iSl3pAFsN9/s=
-39,28,O+JPFMHmgMOW/2yXBGYxi8wC+bA=,ucLKXvZApGQvnY+iSl3pAFsN9/s=
-42,28,O+JPFMHmgMOW/2yXBGYxi8wC+bA=,ucLKXvZApGQvnY+iSl3pAFsN9/s=
-44,28,O+JPFMHmgMOW/2yXBGYxi8wC+bA=,ucLKXvZApGQvnY+iSl3pAFsN9/s=
-48,18,O+JPFMHmgMOW/2yXBGYxi8wC+bA=,ucLKXvZApGQvnY+iSl3pAFsN9/s=
-33,18,O+JPFMHmgMOW/2yXBGYxi8wC+bA=,ucLKXvZApGQvnY+iSl3pAFsN9/s=
-43,28,O+JPFMHmgMOW/2yXBGYxi8wC+bA=,ucLKXvZApGQvnY+iSl3pAFsN9/s=
-48,20,O+JPFMHmgMOW/2yXBGYxi8wC+bA=,ucLKXvZApGQvnY+iSl3pAFsN9/s=
-45,28,O+JPFMHmgMOW/2yXBGYxi8wC+bA=,ucLKXvZApGQvnY+iSl3pAFsN9/s=
-34,17,O+JPFMHmgMOW/2yXBGYxi8wC+bA=,ucLKXvZApGQvnY+iSl3pAFsN9/s=
-46,28,O+JPFMHmgMOW/2yXBGYxi8wC+bA=,ucLKXvZApGQvnY+iSl3pAFsN9/s=
-33,17,O+JPFMHmgMOW/2yXBGYxi8wC+bA=,ucLKXvZApGQvnY+iSl3pAFsN9/s=
-47,28,O+JPFMHmgMOW/2yXBGYxi8wC+bA=,ucLKXvZApGQvnY+iSl3pAFsN9/s=
-48,28,O+JPFMHmgMOW/2yXBGYxi8wC+bA=,ucLKXvZApGQvnY+iSl3pAFsN9/s=
-34,18,O+JPFMHmgMOW/2yXBGYxi8wC+bA=,ucLKXvZApGQvnY+iSl3pAFsN9/s=
-42,16,O+JPFMHmgMOW/2yXBGYxi8wC+bA=,ucLKXvZApGQvnY+iSl3pAFsN9/s=
-33,27,O+JPFMHmgMOW/2yXBGYxi8wC+bA=,ucLKXvZApGQvnY+iSl3pAFsN9/s=
-34,27,O+JPFMHmgMOW/2yXBGYxi8wC+bA=,ucLKXvZApGQvnY+iSl3pAFsN9/s=
-46,27,O+JPFMHmgMOW/2yXBGYxi8wC+bA=,ucLKXvZApGQvnY+iSl3pAFsN9/s=
-39,27,O+JPFMHmgMOW/2yXBGYxi8wC+bA=,ucLKXvZApGQvnY+iSl3pAFsN9/s=
-35,27,O+JPFMHmgMOW/2yXBGYxi8wC+bA=,ucLKXvZApGQvnY+iSl3pAFsN9/s=
-38,27,O+JPFMHmgMOW/2yXBGYxi8wC+bA=,ucLKXvZApGQvnY+iSl3pAFsN9/s=
-47,27,O+JPFMHmgMOW/2yXBGYxi8wC+bA=,ucLKXvZApGQvnY+iSl3pAFsN9/s=
-37,27,O+JPFMHmgMOW/2yXBGYxi8wC+bA=,ucLKXvZApGQvnY+iSl3pAFsN9/s=
-40,27,O+JPFMHmgMOW/2yXBGYxi8wC+bA=,ucLKXvZApGQvnY+iSl3pAFsN9/s=
-48,27,O+JPFMHmgMOW/2yXBGYxi8wC+bA=,ucLKXvZApGQvnY+iSl3pAFsN9/s=
-36,27,O+JPFMHmgMOW/2yXBGYxi8wC+bA=,ucLKXvZApGQvnY+iSl3pAFsN9/s=
-44,27,O+JPFMHmgMOW/2yXBGYxi8wC+bA=,ucLKXvZApGQvnY+iSl3pAFsN9/s=
-33,26,O+JPFMHmgMOW/2yXBGYxi8wC+bA=,ucLKXvZApGQvnY+iSl3pAFsN9/s=
-34,26,O+JPFMHmgMOW/2yXBGYxi8wC+bA=,ucLKXvZApGQvnY+iSl3pAFsN9/s=
-41,18,O+JPFMHmgMOW/2yXBGYxi8wC+bA=,ucLKXvZApGQvnY+iSl3pAFsN9/s=
-41,27,O+JPFMHmgMOW/2yXBGYxi8wC+bA=,ucLKXvZApGQvnY+iSl3pAFsN9/s=
-35,26,O+JPFMHmgMOW/2yXBGYxi8wC+bA=,ucLKXvZApGQvnY+iSl3pAFsN9/s=
-37,26,O+JPFMHmgMOW/2yXBGYxi8wC+bA=,ucLKXvZApGQvnY+iSl3pAFsN9/s=
-45,27,O+JPFMHmgMOW/2yXBGYxi8wC+bA=,ucLKXvZApGQvnY+iSl3pAFsN9/s=
-36,26,O+JPFMHmgMOW/2yXBGYxi8wC+bA=,ucLKXvZApGQvnY+iSl3pAFsN9/s=
-43,27,O+JPFMHmgMOW/2yXBGYxi8wC+bA=,ucLKXvZApGQvnY+iSl3pAFsN9/s=
-42,27,O+JPFMHmgMOW/2yXBGYxi8wC+bA=,ucLKXvZApGQvnY+iSl3pAFsN9/s=
-41,26,O+JPFMHmgMOW/2yXBGYxi8wC+bA=,ucLKXvZApGQvnY+iSl3pAFsN9/s=
-39,26,O+JPFMHmgMOW/2yXBGYxi8wC+bA=,ucLKXvZApGQvnY+iSl3pAFsN9/s=
-38,26,O+JPFMHmgMOW/2yXBGYxi8wC+bA=,ucLKXvZApGQvnY+iSl3pAFsN9/s=
-40,26,O+JPFMHmgMOW/2yXBGYxi8wC+bA=,ucLKXvZApGQvnY+iSl3pAFsN9/s=
-33,25,O+JPFMHmgMOW/2yXBGYxi8wC+bA=,ucLKXvZApGQvnY+iSl3pAFsN9/s=
-34,25,O+JPFMHmgMOW/2yXBGYxi8wC+bA=,ucLKXvZApGQvnY+iSl3pAFsN9/s=
-35,25,O+JPFMHmgMOW/2yXBGYxi8wC+bA=,ucLKXvZApGQvnY+iSl3pAFsN9/s=
-42,26,O+JPFMHmgMOW/2yXBGYxi8wC+bA=,ucLKXvZApGQvnY+iSl3pAFsN9/s=
-43,26,O+JPFMHmgMOW/2yXBGYxi8wC+bA=,ucLKXvZApGQvnY+iSl3pAFsN9/s=
-44,26,O+JPFMHmgMOW/2yXBGYxi8wC+bA=,ucLKXvZApGQvnY+iSl3pAFsN9/s=
-36,25,O+JPFMHmgMOW/2yXBGYxi8wC+bA=,ucLKXvZApGQvnY+iSl3pAFsN9/s=
-37,25,O+JPFMHmgMOW/2yXBGYxi8wC+bA=,ucLKXvZApGQvnY+iSl3pAFsN9/s=
-39,25,O+JPFMHmgMOW/2yXBGYxi8wC+bA=,ucLKXvZApGQvnY+iSl3pAFsN9/s=
-45,26,O+JPFMHmgMOW/2yXBGYxi8wC+bA=,ucLKXvZApGQvnY+iSl3pAFsN9/s=
-46,26,O+JPFMHmgMOW/2yXBGYxi8wC+bA=,ucLKXvZApGQvnY+iSl3pAFsN9/s=
-38,25,O+JPFMHmgMOW/2yXBGYxi8wC+bA=,ucLKXvZApGQvnY+iSl3pAFsN9/s=
-47,20,O+JPFMHmgMOW/2yXBGYxi8wC+bA=,ucLKXvZApGQvnY+iSl3pAFsN9/s=
-40,25,O+JPFMHmgMOW/2yXBGYxi8wC+bA=,ucLKXvZApGQvnY+iSl3pAFsN9/s=
-33,24,O+JPFMHmgMOW/2yXBGYxi8wC+bA=,ucLKXvZApGQvnY+iSl3pAFsN9/s=
-41,25,O+JPFMHmgMOW/2yXBGYxi8wC+bA=,ucLKXvZApGQvnY+iSl3pAFsN9/s=
-34,24,O+JPFMHmgMOW/2yXBGYxi8wC+bA=,ucLKXvZApGQvnY+iSl3pAFsN9/s=
-42,25,O+JPFMHmgMOW/2yXBGYxi8wC+bA=,ucLKXvZApGQvnY+iSl3pAFsN9/s=
-36,24,O+JPFMHmgMOW/2yXBGYxi8wC+bA=,ucLKXvZApGQvnY+iSl3pAFsN9/s=
-35,24,O+JPFMHmgMOW/2yXBGYxi8wC+bA=,ucLKXvZApGQvnY+iSl3pAFsN9/s=
-43,25,O+JPFMHmgMOW/2yXBGYxi8wC+bA=,ucLKXvZApGQvnY+iSl3pAFsN9/s=
-44,25,O+JPFMHmgMOW/2yXBGYxi8wC+bA=,ucLKXvZApGQvnY+iSl3pAFsN9/s=
-37,24,O+JPFMHmgMOW/2yXBGYxi8wC+bA=,ucLKXvZApGQvnY+iSl3pAFsN9/s=
-38,24,O+JPFMHmgMOW/2yXBGYxi8wC+bA=,ucLKXvZApGQvnY+iSl3pAFsN9/s=
-40,24,O+JPFMHmgMOW/2yXBGYxi8wC+bA=,ucLKXvZApGQvnY+iSl3pAFsN9/s=
-39,24,O+JPFMHmgMOW/2yXBGYxi8wC+bA=,ucLKXvZApGQvnY+iSl3pAFsN9/s=
-46,20,O+JPFMHmgMOW/2yXBGYxi8wC+bA=,ucLKXvZApGQvnY+iSl3pAFsN9/s=
-41,24,O+JPFMHmgMOW/2yXBGYxi8wC+bA=,ucLKXvZApGQvnY+iSl3pAFsN9/s=
-42,24,O+JPFMHmgMOW/2yXBGYxi8wC+bA=,ucLKXvZApGQvnY+iSl3pAFsN9/s=
-44,24,O+JPFMHmgMOW/2yXBGYxi8wC+bA=,ucLKXvZApGQvnY+iSl3pAFsN9/s=
-46,25,O+JPFMHmgMOW/2yXBGYxi8wC+bA=,ucLKXvZApGQvnY+iSl3pAFsN9/s=
-45,24,O+JPFMHmgMOW/2yXBGYxi8wC+bA=,ucLKXvZApGQvnY+iSl3pAFsN9/s=
-46,24,O+JPFMHmgMOW/2yXBGYxi8wC+bA=,ucLKXvZApGQvnY+iSl3pAFsN9/s=
-43,24,O+JPFMHmgMOW/2yXBGYxi8wC+bA=,ucLKXvZApGQvnY+iSl3pAFsN9/s=
-33,23,O+JPFMHmgMOW/2yXBGYxi8wC+bA=,ucLKXvZApGQvnY+iSl3pAFsN9/s=
-34,23,O+JPFMHmgMOW/2yXBGYxi8wC+bA=,ucLKXvZApGQvnY+iSl3pAFsN9/s=
-35,23,O+JPFMHmgMOW/2yXBGYxi8wC+bA=,ucLKXvZApGQvnY+iSl3pAFsN9/s=
-36,23,O+JPFMHmgMOW/2yXBGYxi8wC+bA=,ucLKXvZApGQvnY+iSl3pAFsN9/s=
-38,23,O+JPFMHmgMOW/2yXBGYxi8wC+bA=,ucLKXvZApGQvnY+iSl3pAFsN9/s=
-39,23,O+JPFMHmgMOW/2yXBGYxi8wC+bA=,ucLKXvZApGQvnY+iSl3pAFsN9/s=
-37,23,O+JPFMHmgMOW/2yXBGYxi8wC+bA=,ucLKXvZApGQvnY+iSl3pAFsN9/s=
-40,23,O+JPFMHmgMOW/2yXBGYxi8wC+bA=,ucLKXvZApGQvnY+iSl3pAFsN9/s=
-43,19,O+JPFMHmgMOW/2yXBGYxi8wC+bA=,ucLKXvZApGQvnY+iSl3pAFsN9/s=
-41,23,O+JPFMHmgMOW/2yXBGYxi8wC+bA=,ucLKXvZApGQvnY+iSl3pAFsN9/s=
-42,19,O+JPFMHmgMOW/2yXBGYxi8wC+bA=,ucLKXvZApGQvnY+iSl3pAFsN9/s=
-39,19,O+JPFMHmgMOW/2yXBGYxi8wC+bA=,ucLKXvZApGQvnY+iSl3pAFsN9/s=
-40,19,O+JPFMHmgMOW/2yXBGYxi8wC+bA=,ucLKXvZApGQvnY+iSl3pAFsN9/s=
-34,16,O+JPFMHmgMOW/2yXBGYxi8wC+bA=,ucLKXvZApGQvnY+iSl3pAFsN9/s=
-37,17,O+JPFMHmgMOW/2yXBGYxi8wC+bA=,ucLKXvZApGQvnY+iSl3pAFsN9/s=
-35,17,O+JPFMHmgMOW/2yXBGYxi8wC+bA=,ucLKXvZApGQvnY+iSl3pAFsN9/s=
-35,18,O+JPFMHmgMOW/2yXBGYxi8wC+bA=,ucLKXvZApGQvnY+iSl3pAFsN9/s=
-47,26,O+JPFMHmgMOW/2yXBGYxi8wC+bA=,ucLKXvZApGQvnY+iSl3pAFsN9/s=
-33,22,O+JPFMHmgMOW/2yXBGYxi8wC+bA=,ucLKXvZApGQvnY+iSl3pAFsN9/s=
-47,25,O+JPFMHmgMOW/2yXBGYxi8wC+bA=,ucLKXvZApGQvnY+iSl3pAFsN9/s=
-34,22,O+JPFMHmgMOW/2yXBGYxi8wC+bA=,ucLKXvZApGQvnY+iSl3pAFsN9/s=
-36,18,O+JPFMHmgMOW/2yXBGYxi8wC+bA=,ucLKXvZApGQvnY+iSl3pAFsN9/s=
-35,22,O+JPFMHmgMOW/2yXBGYxi8wC+bA=,ucLKXvZApGQvnY+iSl3pAFsN9/s=
-36,22,O+JPFMHmgMOW/2yXBGYxi8wC+bA=,ucLKXvZApGQvnY+iSl3pAFsN9/s=
-37,22,O+JPFMHmgMOW/2yXBGYxi8wC+bA=,ucLKXvZApGQvnY+iSl3pAFsN9/s=
-37,16,O+JPFMHmgMOW/2yXBGYxi8wC+bA=,ucLKXvZApGQvnY+iSl3pAFsN9/s=
-39,17,O+JPFMHmgMOW/2yXBGYxi8wC+bA=,ucLKXvZApGQvnY+iSl3pAFsN9/s=
-39,22,O+JPFMHmgMOW/2yXBGYxi8wC+bA=,ucLKXvZApGQvnY+iSl3pAFsN9/s=
-38,22,O+JPFMHmgMOW/2yXBGYxi8wC+bA=,ucLKXvZApGQvnY+iSl3pAFsN9/s=
-48,26,O+JPFMHmgMOW/2yXBGYxi8wC+bA=,ucLKXvZApGQvnY+iSl3pAFsN9/s=
-35,16,O+JPFMHmgMOW/2yXBGYxi8wC+bA=,ucLKXvZApGQvnY+iSl3pAFsN9/s=
-45,20,O+JPFMHmgMOW/2yXBGYxi8wC+bA=,ucLKXvZApGQvnY+iSl3pAFsN9/s=
-37,18,O+JPFMHmgMOW/2yXBGYxi8wC+bA=,ucLKXvZApGQvnY+iSl3pAFsN9/s=
-45,25,O+JPFMHmgMOW/2yXBGYxi8wC+bA=,ucLKXvZApGQvnY+iSl3pAFsN9/s=
-44,20,O+JPFMHmgMOW/2yXBGYxi8wC+bA=,ucLKXvZApGQvnY+iSl3pAFsN9/s=
-40,22,O+JPFMHmgMOW/2yXBGYxi8wC+bA=,ucLKXvZApGQvnY+iSl3pAFsN9/s=
-48,25,O+JPFMHmgMOW/2yXBGYxi8wC+bA=,ucLKXvZApGQvnY+iSl3pAFsN9/s=
-48,22,O+JPFMHmgMOW/2yXBGYxi8wC+bA=,ucLKXvZApGQvnY+iSl3pAFsN9/s=
-34,21,O+JPFMHmgMOW/2yXBGYxi8wC+bA=,ucLKXvZApGQvnY+iSl3pAFsN9/s=
-40,16,O+JPFMHmgMOW/2yXBGYxi8wC+bA=,ucLKXvZApGQvnY+iSl3pAFsN9/s=
-48,24,O+JPFMHmgMOW/2yXBGYxi8wC+bA=,ucLKXvZApGQvnY+iSl3pAFsN9/s=
-35,21,O+JPFMHmgMOW/2yXBGYxi8wC+bA=,ucLKXvZApGQvnY+iSl3pAFsN9/s=
-36,21,O+JPFMHmgMOW/2yXBGYxi8wC+bA=,ucLKXvZApGQvnY+iSl3pAFsN9/s=
-42,23,O+JPFMHmgMOW/2yXBGYxi8wC+bA=,ucLKXvZApGQvnY+iSl3pAFsN9/s=
-44,23,O+JPFMHmgMOW/2yXBGYxi8wC+bA=,ucLKXvZApGQvnY+iSl3pAFsN9/s=
-33,21,O+JPFMHmgMOW/2yXBGYxi8wC+bA=,ucLKXvZApGQvnY+iSl3pAFsN9/s=
-38,16,O+JPFMHmgMOW/2yXBGYxi8wC+bA=,ucLKXvZApGQvnY+iSl3pAFsN9/s=
-47,23,O+JPFMHmgMOW/2yXBGYxi8wC+bA=,ucLKXvZApGQvnY+iSl3pAFsN9/s=
-39,21,O+JPFMHmgMOW/2yXBGYxi8wC+bA=,ucLKXvZApGQvnY+iSl3pAFsN9/s=
-36,16,O+JPFMHmgMOW/2yXBGYxi8wC+bA=,ucLKXvZApGQvnY+iSl3pAFsN9/s=
-38,21,O+JPFMHmgMOW/2yXBGYxi8wC+bA=,ucLKXvZApGQvnY+iSl3pAFsN9/s=
-37,21,O+JPFMHmgMOW/2yXBGYxi8wC+bA=,ucLKXvZApGQvnY+iSl3pAFsN9/s=
-46,21,O+JPFMHmgMOW/2yXBGYxi8wC+bA=,ucLKXvZApGQvnY+iSl3pAFsN9/s=
-41,16,O+JPFMHmgMOW/2yXBGYxi8wC+bA=,ucLKXvZApGQvnY+iSl3pAFsN9/s=
-43,23,O+JPFMHmgMOW/2yXBGYxi8wC+bA=,ucLKXvZApGQvnY+iSl3pAFsN9/s=
-47,21,O+JPFMHmgMOW/2yXBGYxi8wC+bA=,ucLKXvZApGQvnY+iSl3pAFsN9/s=
-39,16,O+JPFMHmgMOW/2yXBGYxi8wC+bA=,ucLKXvZApGQvnY+iSl3pAFsN9/s=
-43,21,O+JPFMHmgMOW/2yXBGYxi8wC+bA=,ucLKXvZApGQvnY+iSl3pAFsN9/s=
-48,21,O+JPFMHmgMOW/2yXBGYxi8wC+bA=,ucLKXvZApGQvnY+iSl3pAFsN9/s=
-33,20,O+JPFMHmgMOW/2yXBGYxi8wC+bA=,ucLKXvZApGQvnY+iSl3pAFsN9/s=
-34,20,O+JPFMHmgMOW/2yXBGYxi8wC+bA=,ucLKXvZApGQvnY+iSl3pAFsN9/s=
-37,20,O+JPFMHmgMOW/2yXBGYxi8wC+bA=,ucLKXvZApGQvnY+iSl3pAFsN9/s=
-35,20,O+JPFMHmgMOW/2yXBGYxi8wC+bA=,ucLKXvZApGQvnY+iSl3pAFsN9/s=
-46,23,O+JPFMHmgMOW/2yXBGYxi8wC+bA=,ucLKXvZApGQvnY+iSl3pAFsN9/s=
-41,17,O+JPFMHmgMOW/2yXBGYxi8wC+bA=,ucLKXvZApGQvnY+iSl3pAFsN9/s=
-38,20,O+JPFMHmgMOW/2yXBGYxi8wC+bA=,ucLKXvZApGQvnY+iSl3pAFsN9/s=
-36,20,O+JPFMHmgMOW/2yXBGYxi8wC+bA=,ucLKXvZApGQvnY+iSl3pAFsN9/s=
-47,24,O+JPFMHmgMOW/2yXBGYxi8wC+bA=,ucLKXvZApGQvnY+iSl3pAFsN9/s=
-36,17,O+JPFMHmgMOW/2yXBGYxi8wC+bA=,ucLKXvZApGQvnY+iSl3pAFsN9/s=
-38,18,O+JPFMHmgMOW/2yXBGYxi8wC+bA=,ucLKXvZApGQvnY+iSl3pAFsN9/s=
-38,17,O+JPFMHmgMOW/2yXBGYxi8wC+bA=,ucLKXvZApGQvnY+iSl3pAFsN9/s=
-39,20,O+JPFMHmgMOW/2yXBGYxi8wC+bA=,ucLKXvZApGQvnY+iSl3pAFsN9/s=
-40,20,O+JPFMHmgMOW/2yXBGYxi8wC+bA=,ucLKXvZApGQvnY+iSl3pAFsN9/s=
-48,23,O+JPFMHmgMOW/2yXBGYxi8wC+bA=,ucLKXvZApGQvnY+iSl3pAFsN9/s=
-48,16,O+JPFMHmgMOW/2yXBGYxi8wC+bA=,ucLKXvZApGQvnY+iSl3pAFsN9/s=
-42,20,O+JPFMHmgMOW/2yXBGYxi8wC+bA=,ucLKXvZApGQvnY+iSl3pAFsN9/s=
-41,20,O+JPFMHmgMOW/2yXBGYxi8wC+bA=,ucLKXvZApGQvnY+iSl3pAFsN9/s=
-45,23,O+JPFMHmgMOW/2yXBGYxi8wC+bA=,ucLKXvZApGQvnY+iSl3pAFsN9/s=
-41,22,O+JPFMHmgMOW/2yXBGYxi8wC+bA=,ucLKXvZApGQvnY+iSl3pAFsN9/s=
-42,22,O+JPFMHmgMOW/2yXBGYxi8wC+bA=,ucLKXvZApGQvnY+iSl3pAFsN9/s=
-40,17,O+JPFMHmgMOW/2yXBGYxi8wC+bA=,ucLKXvZApGQvnY+iSl3pAFsN9/s=
-47,22,O+JPFMHmgMOW/2yXBGYxi8wC+bA=,ucLKXvZApGQvnY+iSl3pAFsN9/s=
-39,18,O+JPFMHmgMOW/2yXBGYxi8wC+bA=,ucLKXvZApGQvnY+iSl3pAFsN9/s=
-43,20,O+JPFMHmgMOW/2yXBGYxi8wC+bA=,ucLKXvZApGQvnY+iSl3pAFsN9/s=
-43,22,O+JPFMHmgMOW/2yXBGYxi8wC+bA=,ucLKXvZApGQvnY+iSl3pAFsN9/s=
-44,22,O+JPFMHmgMOW/2yXBGYxi8wC+bA=,ucLKXvZApGQvnY+iSl3pAFsN9/s=
-46,22,O+JPFMHmgMOW/2yXBGYxi8wC+bA=,ucLKXvZApGQvnY+iSl3pAFsN9/s=
-42,21,O+JPFMHmgMOW/2yXBGYxi8wC+bA=,ucLKXvZApGQvnY+iSl3pAFsN9/s=
-40,21,O+JPFMHmgMOW/2yXBGYxi8wC+bA=,ucLKXvZApGQvnY+iSl3pAFsN9/s=
-41,21,O+JPFMHmgMOW/2yXBGYxi8wC+bA=,ucLKXvZApGQvnY+iSl3pAFsN9/s=
-45,22,O+JPFMHmgMOW/2yXBGYxi8wC+bA=,ucLKXvZApGQvnY+iSl3pAFsN9/s=
-44,21,O+JPFMHmgMOW/2yXBGYxi8wC+bA=,ucLKXvZApGQvnY+iSl3pAFsN9/s=
-40,18,O+JPFMHmgMOW/2yXBGYxi8wC+bA=,ucLKXvZApGQvnY+iSl3pAFsN9/s=
-45,21,O+JPFMHmgMOW/2yXBGYxi8wC+bA=,ucLKXvZApGQvnY+iSl3pAFsN9/s=
-40,15,totS6ZzEiZBsQUxPgUlWLF2sVwo=,Tx5FzAle76huxjzZHe4T3jvr1HM=
-39,15,totS6ZzEiZBsQUxPgUlWLF2sVwo=,Tx5FzAle76huxjzZHe4T3jvr1HM=
-41,15,totS6ZzEiZBsQUxPgUlWLF2sVwo=,Tx5FzAle76huxjzZHe4T3jvr1HM=
-45,15,totS6ZzEiZBsQUxPgUlWLF2sVwo=,Tx5FzAle76huxjzZHe4T3jvr1HM=
-43,15,totS6ZzEiZBsQUxPgUlWLF2sVwo=,Tx5FzAle76huxjzZHe4T3jvr1HM=
-42,15,totS6ZzEiZBsQUxPgUlWLF2sVwo=,Tx5FzAle76huxjzZHe4T3jvr1HM=
-47,15,totS6ZzEiZBsQUxPgUlWLF2sVwo=,Tx5FzAle76huxjzZHe4T3jvr1HM=
-44,15,totS6ZzEiZBsQUxPgUlWLF2sVwo=,Tx5FzAle76huxjzZHe4T3jvr1HM=
-46,15,totS6ZzEiZBsQUxPgUlWLF2sVwo=,Tx5FzAle76huxjzZHe4T3jvr1HM=
-48,15,totS6ZzEiZBsQUxPgUlWLF2sVwo=,Tx5FzAle76huxjzZHe4T3jvr1HM=
-38,15,totS6ZzEiZBsQUxPgUlWLF2sVwo=,Tx5FzAle76huxjzZHe4T3jvr1HM=
-41,3,totS6ZzEiZBsQUxPgUlWLF2sVwo=,Tx5FzAle76huxjzZHe4T3jvr1HM=
-33,14,totS6ZzEiZBsQUxPgUlWLF2sVwo=,Tx5FzAle76huxjzZHe4T3jvr1HM=
-44,0,totS6ZzEiZBsQUxPgUlWLF2sVwo=,Tx5FzAle76huxjzZHe4T3jvr1HM=
-45,2,totS6ZzEiZBsQUxPgUlWLF2sVwo=,Tx5FzAle76huxjzZHe4T3jvr1HM=
-47,3,totS6ZzEiZBsQUxPgUlWLF2sVwo=,Tx5FzAle76huxjzZHe4T3jvr1HM=
-42,3,totS6ZzEiZBsQUxPgUlWLF2sVwo=,Tx5FzAle76huxjzZHe4T3jvr1HM=
-38,14,totS6ZzEiZBsQUxPgUlWLF2sVwo=,Tx5FzAle76huxjzZHe4T3jvr1HM=
-43,0,totS6ZzEiZBsQUxPgUlWLF2sVwo=,Tx5FzAle76huxjzZHe4T3jvr1HM=
-43,1,totS6ZzEiZBsQUxPgUlWLF2sVwo=,Tx5FzAle76huxjzZHe4T3jvr1HM=
-42,2,totS6ZzEiZBsQUxPgUlWLF2sVwo=,Tx5FzAle76huxjzZHe4T3jvr1HM=
-36,14,totS6ZzEiZBsQUxPgUlWLF2sVwo=,Tx5FzAle76huxjzZHe4T3jvr1HM=
-44,3,totS6ZzEiZBsQUxPgUlWLF2sVwo=,Tx5FzAle76huxjzZHe4T3jvr1HM=
-47,0,totS6ZzEiZBsQUxPgUlWLF2sVwo=,Tx5FzAle76huxjzZHe4T3jvr1HM=
-40,3,totS6ZzEiZBsQUxPgUlWLF2sVwo=,Tx5FzAle76huxjzZHe4T3jvr1HM=
-44,1,totS6ZzEiZBsQUxPgUlWLF2sVwo=,Tx5FzAle76huxjzZHe4T3jvr1HM=
-45,3,totS6ZzEiZBsQUxPgUlWLF2sVwo=,Tx5FzAle76huxjzZHe4T3jvr1HM=
-43,3,totS6ZzEiZBsQUxPgUlWLF2sVwo=,Tx5FzAle76huxjzZHe4T3jvr1HM=
-44,2,totS6ZzEiZBsQUxPgUlWLF2sVwo=,Tx5FzAle76huxjzZHe4T3jvr1HM=
-43,2,totS6ZzEiZBsQUxPgUlWLF2sVwo=,Tx5FzAle76huxjzZHe4T3jvr1HM=
-45,0,totS6ZzEiZBsQUxPgUlWLF2sVwo=,Tx5FzAle76huxjzZHe4T3jvr1HM=
-46,3,totS6ZzEiZBsQUxPgUlWLF2sVwo=,Tx5FzAle76huxjzZHe4T3jvr1HM=
-42,14,totS6ZzEiZBsQUxPgUlWLF2sVwo=,Tx5FzAle76huxjzZHe4T3jvr1HM=
-41,14,totS6ZzEiZBsQUxPgUlWLF2sVwo=,Tx5FzAle76huxjzZHe4T3jvr1HM=
-43,14,totS6ZzEiZBsQUxPgUlWLF2sVwo=,Tx5FzAle76huxjzZHe4T3jvr1HM=
-39,3,totS6ZzEiZBsQUxPgUlWLF2sVwo=,Tx5FzAle76huxjzZHe4T3jvr1HM=
-44,14,totS6ZzEiZBsQUxPgUlWLF2sVwo=,Tx5FzAle76huxjzZHe4T3jvr1HM=
-34,15,totS6ZzEiZBsQUxPgUlWLF2sVwo=,Tx5FzAle76huxjzZHe4T3jvr1HM=
-40,14,totS6ZzEiZBsQUxPgUlWLF2sVwo=,Tx5FzAle76huxjzZHe4T3jvr1HM=
-45,14,totS6ZzEiZBsQUxPgUlWLF2sVwo=,Tx5FzAle76huxjzZHe4T3jvr1HM=
-47,14,totS6ZzEiZBsQUxPgUlWLF2sVwo=,Tx5FzAle76huxjzZHe4T3jvr1HM=
-45,1,totS6ZzEiZBsQUxPgUlWLF2sVwo=,Tx5FzAle76huxjzZHe4T3jvr1HM=
-46,14,totS6ZzEiZBsQUxPgUlWLF2sVwo=,Tx5FzAle76huxjzZHe4T3jvr1HM=
-37,14,totS6ZzEiZBsQUxPgUlWLF2sVwo=,Tx5FzAle76huxjzZHe4T3jvr1HM=
-46,2,totS6ZzEiZBsQUxPgUlWLF2sVwo=,Tx5FzAle76huxjzZHe4T3jvr1HM=
-48,14,totS6ZzEiZBsQUxPgUlWLF2sVwo=,Tx5FzAle76huxjzZHe4T3jvr1HM=
-41,13,totS6ZzEiZBsQUxPgUlWLF2sVwo=,Tx5FzAle76huxjzZHe4T3jvr1HM=
-42,13,totS6ZzEiZBsQUxPgUlWLF2sVwo=,Tx5FzAle76huxjzZHe4T3jvr1HM=
-38,3,totS6ZzEiZBsQUxPgUlWLF2sVwo=,Tx5FzAle76huxjzZHe4T3jvr1HM=
-38,13,totS6ZzEiZBsQUxPgUlWLF2sVwo=,Tx5FzAle76huxjzZHe4T3jvr1HM=
-43,13,totS6ZzEiZBsQUxPgUlWLF2sVwo=,Tx5FzAle76huxjzZHe4T3jvr1HM=
-40,13,totS6ZzEiZBsQUxPgUlWLF2sVwo=,Tx5FzAle76huxjzZHe4T3jvr1HM=
-39,13,totS6ZzEiZBsQUxPgUlWLF2sVwo=,Tx5FzAle76huxjzZHe4T3jvr1HM=
-46,1,totS6ZzEiZBsQUxPgUlWLF2sVwo=,Tx5FzAle76huxjzZHe4T3jvr1HM=
-47,2,totS6ZzEiZBsQUxPgUlWLF2sVwo=,Tx5FzAle76huxjzZHe4T3jvr1HM=
-39,14,totS6ZzEiZBsQUxPgUlWLF2sVwo=,Tx5FzAle76huxjzZHe4T3jvr1HM=
-37,3,totS6ZzEiZBsQUxPgUlWLF2sVwo=,Tx5FzAle76huxjzZHe4T3jvr1HM=
-46,13,totS6ZzEiZBsQUxPgUlWLF2sVwo=,Tx5FzAle76huxjzZHe4T3jvr1HM=
-44,13,totS6ZzEiZBsQUxPgUlWLF2sVwo=,Tx5FzAle76huxjzZHe4T3jvr1HM=
-47,13,totS6ZzEiZBsQUxPgUlWLF2sVwo=,Tx5FzAle76huxjzZHe4T3jvr1HM=
-45,13,totS6ZzEiZBsQUxPgUlWLF2sVwo=,Tx5FzAle76huxjzZHe4T3jvr1HM=
-39,12,totS6ZzEiZBsQUxPgUlWLF2sVwo=,Tx5FzAle76huxjzZHe4T3jvr1HM=
-48,13,totS6ZzEiZBsQUxPgUlWLF2sVwo=,Tx5FzAle76huxjzZHe4T3jvr1HM=
-38,12,totS6ZzEiZBsQUxPgUlWLF2sVwo=,Tx5FzAle76huxjzZHe4T3jvr1HM=
-40,12,totS6ZzEiZBsQUxPgUlWLF2sVwo=,Tx5FzAle76huxjzZHe4T3jvr1HM=
-36,3,totS6ZzEiZBsQUxPgUlWLF2sVwo=,Tx5FzAle76huxjzZHe4T3jvr1HM=
-41,12,totS6ZzEiZBsQUxPgUlWLF2sVwo=,Tx5FzAle76huxjzZHe4T3jvr1HM=
-47,1,totS6ZzEiZBsQUxPgUlWLF2sVwo=,Tx5FzAle76huxjzZHe4T3jvr1HM=
-48,1,totS6ZzEiZBsQUxPgUlWLF2sVwo=,Tx5FzAle76huxjzZHe4T3jvr1HM=
-33,0,totS6ZzEiZBsQUxPgUlWLF2sVwo=,Tx5FzAle76huxjzZHe4T3jvr1HM=
-35,3,totS6ZzEiZBsQUxPgUlWLF2sVwo=,Tx5FzAle76huxjzZHe4T3jvr1HM=
-44,12,totS6ZzEiZBsQUxPgUlWLF2sVwo=,Tx5FzAle76huxjzZHe4T3jvr1HM=
-46,12,totS6ZzEiZBsQUxPgUlWLF2sVwo=,Tx5FzAle76huxjzZHe4T3jvr1HM=
-46,0,totS6ZzEiZBsQUxPgUlWLF2sVwo=,Tx5FzAle76huxjzZHe4T3jvr1HM=
-45,12,totS6ZzEiZBsQUxPgUlWLF2sVwo=,Tx5FzAle76huxjzZHe4T3jvr1HM=
-43,12,totS6ZzEiZBsQUxPgUlWLF2sVwo=,Tx5FzAle76huxjzZHe4T3jvr1HM=
-34,0,totS6ZzEiZBsQUxPgUlWLF2sVwo=,Tx5FzAle76huxjzZHe4T3jvr1HM=
-42,12,totS6ZzEiZBsQUxPgUlWLF2sVwo=,Tx5FzAle76huxjzZHe4T3jvr1HM=
-47,12,totS6ZzEiZBsQUxPgUlWLF2sVwo=,Tx5FzAle76huxjzZHe4T3jvr1HM=
-48,12,totS6ZzEiZBsQUxPgUlWLF2sVwo=,Tx5FzAle76huxjzZHe4T3jvr1HM=
-48,3,totS6ZzEiZBsQUxPgUlWLF2sVwo=,Tx5FzAle76huxjzZHe4T3jvr1HM=
-34,3,totS6ZzEiZBsQUxPgUlWLF2sVwo=,Tx5FzAle76huxjzZHe4T3jvr1HM=
-33,2,totS6ZzEiZBsQUxPgUlWLF2sVwo=,Tx5FzAle76huxjzZHe4T3jvr1HM=
-33,1,totS6ZzEiZBsQUxPgUlWLF2sVwo=,Tx5FzAle76huxjzZHe4T3jvr1HM=
-48,2,totS6ZzEiZBsQUxPgUlWLF2sVwo=,Tx5FzAle76huxjzZHe4T3jvr1HM=
-34,1,totS6ZzEiZBsQUxPgUlWLF2sVwo=,Tx5FzAle76huxjzZHe4T3jvr1HM=
-33,3,totS6ZzEiZBsQUxPgUlWLF2sVwo=,Tx5FzAle76huxjzZHe4T3jvr1HM=
-41,11,totS6ZzEiZBsQUxPgUlWLF2sVwo=,Tx5FzAle76huxjzZHe4T3jvr1HM=
-42,11,totS6ZzEiZBsQUxPgUlWLF2sVwo=,Tx5FzAle76huxjzZHe4T3jvr1HM=
-43,11,totS6ZzEiZBsQUxPgUlWLF2sVwo=,Tx5FzAle76huxjzZHe4T3jvr1HM=
-37,11,totS6ZzEiZBsQUxPgUlWLF2sVwo=,Tx5FzAle76huxjzZHe4T3jvr1HM=
-38,11,totS6ZzEiZBsQUxPgUlWLF2sVwo=,Tx5FzAle76huxjzZHe4T3jvr1HM=
-42,1,totS6ZzEiZBsQUxPgUlWLF2sVwo=,Tx5FzAle76huxjzZHe4T3jvr1HM=
-44,11,totS6ZzEiZBsQUxPgUlWLF2sVwo=,Tx5FzAle76huxjzZHe4T3jvr1HM=
-45,11,totS6ZzEiZBsQUxPgUlWLF2sVwo=,Tx5FzAle76huxjzZHe4T3jvr1HM=
-34,2,totS6ZzEiZBsQUxPgUlWLF2sVwo=,Tx5FzAle76huxjzZHe4T3jvr1HM=
-39,11,totS6ZzEiZBsQUxPgUlWLF2sVwo=,Tx5FzAle76huxjzZHe4T3jvr1HM=
-46,11,totS6ZzEiZBsQUxPgUlWLF2sVwo=,Tx5FzAle76huxjzZHe4T3jvr1HM=
-48,4,totS6ZzEiZBsQUxPgUlWLF2sVwo=,Tx5FzAle76huxjzZHe4T3jvr1HM=
-47,11,totS6ZzEiZBsQUxPgUlWLF2sVwo=,Tx5FzAle76huxjzZHe4T3jvr1HM=
-40,11,totS6ZzEiZBsQUxPgUlWLF2sVwo=,Tx5FzAle76huxjzZHe4T3jvr1HM=
-48,11,totS6ZzEiZBsQUxPgUlWLF2sVwo=,Tx5FzAle76huxjzZHe4T3jvr1HM=
-42,0,totS6ZzEiZBsQUxPgUlWLF2sVwo=,Tx5FzAle76huxjzZHe4T3jvr1HM=
-35,0,totS6ZzEiZBsQUxPgUlWLF2sVwo=,Tx5FzAle76huxjzZHe4T3jvr1HM=
-35,1,totS6ZzEiZBsQUxPgUlWLF2sVwo=,Tx5FzAle76huxjzZHe4T3jvr1HM=
-41,2,totS6ZzEiZBsQUxPgUlWLF2sVwo=,Tx5FzAle76huxjzZHe4T3jvr1HM=
-37,10,totS6ZzEiZBsQUxPgUlWLF2sVwo=,Tx5FzAle76huxjzZHe4T3jvr1HM=
-36,10,totS6ZzEiZBsQUxPgUlWLF2sVwo=,Tx5FzAle76huxjzZHe4T3jvr1HM=
-47,4,totS6ZzEiZBsQUxPgUlWLF2sVwo=,Tx5FzAle76huxjzZHe4T3jvr1HM=
-38,10,totS6ZzEiZBsQUxPgUlWLF2sVwo=,Tx5FzAle76huxjzZHe4T3jvr1HM=
-39,10,totS6ZzEiZBsQUxPgUlWLF2sVwo=,Tx5FzAle76huxjzZHe4T3jvr1HM=
-40,10,totS6ZzEiZBsQUxPgUlWLF2sVwo=,Tx5FzAle76huxjzZHe4T3jvr1HM=
-41,10,totS6ZzEiZBsQUxPgUlWLF2sVwo=,Tx5FzAle76huxjzZHe4T3jvr1HM=
-42,10,totS6ZzEiZBsQUxPgUlWLF2sVwo=,Tx5FzAle76huxjzZHe4T3jvr1HM=
-46,4,totS6ZzEiZBsQUxPgUlWLF2sVwo=,Tx5FzAle76huxjzZHe4T3jvr1HM=
-44,10,totS6ZzEiZBsQUxPgUlWLF2sVwo=,Tx5FzAle76huxjzZHe4T3jvr1HM=
-43,10,totS6ZzEiZBsQUxPgUlWLF2sVwo=,Tx5FzAle76huxjzZHe4T3jvr1HM=
-45,10,totS6ZzEiZBsQUxPgUlWLF2sVwo=,Tx5FzAle76huxjzZHe4T3jvr1HM=
-46,10,totS6ZzEiZBsQUxPgUlWLF2sVwo=,Tx5FzAle76huxjzZHe4T3jvr1HM=
-45,4,totS6ZzEiZBsQUxPgUlWLF2sVwo=,Tx5FzAle76huxjzZHe4T3jvr1HM=
-47,10,totS6ZzEiZBsQUxPgUlWLF2sVwo=,Tx5FzAle76huxjzZHe4T3jvr1HM=
-48,10,totS6ZzEiZBsQUxPgUlWLF2sVwo=,Tx5FzAle76huxjzZHe4T3jvr1HM=
-44,4,totS6ZzEiZBsQUxPgUlWLF2sVwo=,Tx5FzAle76huxjzZHe4T3jvr1HM=
-36,0,totS6ZzEiZBsQUxPgUlWLF2sVwo=,Tx5FzAle76huxjzZHe4T3jvr1HM=
-36,1,totS6ZzEiZBsQUxPgUlWLF2sVwo=,Tx5FzAle76huxjzZHe4T3jvr1HM=
-35,2,totS6ZzEiZBsQUxPgUlWLF2sVwo=,Tx5FzAle76huxjzZHe4T3jvr1HM=
-35,9,totS6ZzEiZBsQUxPgUlWLF2sVwo=,Tx5FzAle76huxjzZHe4T3jvr1HM=
-43,4,totS6ZzEiZBsQUxPgUlWLF2sVwo=,Tx5FzAle76huxjzZHe4T3jvr1HM=
-36,9,totS6ZzEiZBsQUxPgUlWLF2sVwo=,Tx5FzAle76huxjzZHe4T3jvr1HM=
-37,9,totS6ZzEiZBsQUxPgUlWLF2sVwo=,Tx5FzAle76huxjzZHe4T3jvr1HM=
-42,4,totS6ZzEiZBsQUxPgUlWLF2sVwo=,Tx5FzAle76huxjzZHe4T3jvr1HM=
-39,9,totS6ZzEiZBsQUxPgUlWLF2sVwo=,Tx5FzAle76huxjzZHe4T3jvr1HM=
-41,4,totS6ZzEiZBsQUxPgUlWLF2sVwo=,Tx5FzAle76huxjzZHe4T3jvr1HM=
-40,9,totS6ZzEiZBsQUxPgUlWLF2sVwo=,Tx5FzAle76huxjzZHe4T3jvr1HM=
-40,4,totS6ZzEiZBsQUxPgUlWLF2sVwo=,Tx5FzAle76huxjzZHe4T3jvr1HM=
-37,13,totS6ZzEiZBsQUxPgUlWLF2sVwo=,Tx5FzAle76huxjzZHe4T3jvr1HM=
-41,9,totS6ZzEiZBsQUxPgUlWLF2sVwo=,Tx5FzAle76huxjzZHe4T3jvr1HM=
-48,0,totS6ZzEiZBsQUxPgUlWLF2sVwo=,Tx5FzAle76huxjzZHe4T3jvr1HM=
-38,9,totS6ZzEiZBsQUxPgUlWLF2sVwo=,Tx5FzAle76huxjzZHe4T3jvr1HM=
-42,9,totS6ZzEiZBsQUxPgUlWLF2sVwo=,Tx5FzAle76huxjzZHe4T3jvr1HM=
-43,9,totS6ZzEiZBsQUxPgUlWLF2sVwo=,Tx5FzAle76huxjzZHe4T3jvr1HM=
-39,4,totS6ZzEiZBsQUxPgUlWLF2sVwo=,Tx5FzAle76huxjzZHe4T3jvr1HM=
-36,15,totS6ZzEiZBsQUxPgUlWLF2sVwo=,Tx5FzAle76huxjzZHe4T3jvr1HM=
-35,13,totS6ZzEiZBsQUxPgUlWLF2sVwo=,Tx5FzAle76huxjzZHe4T3jvr1HM=
-35,14,totS6ZzEiZBsQUxPgUlWLF2sVwo=,Tx5FzAle76huxjzZHe4T3jvr1HM=
-46,9,totS6ZzEiZBsQUxPgUlWLF2sVwo=,Tx5FzAle76huxjzZHe4T3jvr1HM=
-45,9,totS6ZzEiZBsQUxPgUlWLF2sVwo=,Tx5FzAle76huxjzZHe4T3jvr1HM=
-44,9,totS6ZzEiZBsQUxPgUlWLF2sVwo=,Tx5FzAle76huxjzZHe4T3jvr1HM=
-38,4,totS6ZzEiZBsQUxPgUlWLF2sVwo=,Tx5FzAle76huxjzZHe4T3jvr1HM=
-37,0,totS6ZzEiZBsQUxPgUlWLF2sVwo=,Tx5FzAle76huxjzZHe4T3jvr1HM=
-48,9,totS6ZzEiZBsQUxPgUlWLF2sVwo=,Tx5FzAle76huxjzZHe4T3jvr1HM=
-37,4,totS6ZzEiZBsQUxPgUlWLF2sVwo=,Tx5FzAle76huxjzZHe4T3jvr1HM=
-33,15,totS6ZzEiZBsQUxPgUlWLF2sVwo=,Tx5FzAle76huxjzZHe4T3jvr1HM=
-34,14,totS6ZzEiZBsQUxPgUlWLF2sVwo=,Tx5FzAle76huxjzZHe4T3jvr1HM=
-37,15,totS6ZzEiZBsQUxPgUlWLF2sVwo=,Tx5FzAle76huxjzZHe4T3jvr1HM=
-37,1,totS6ZzEiZBsQUxPgUlWLF2sVwo=,Tx5FzAle76huxjzZHe4T3jvr1HM=
-35,8,totS6ZzEiZBsQUxPgUlWLF2sVwo=,Tx5FzAle76huxjzZHe4T3jvr1HM=
-36,13,totS6ZzEiZBsQUxPgUlWLF2sVwo=,Tx5FzAle76huxjzZHe4T3jvr1HM=
-36,4,totS6ZzEiZBsQUxPgUlWLF2sVwo=,Tx5FzAle76huxjzZHe4T3jvr1HM=
-37,8,totS6ZzEiZBsQUxPgUlWLF2sVwo=,Tx5FzAle76huxjzZHe4T3jvr1HM=
-41,8,totS6ZzEiZBsQUxPgUlWLF2sVwo=,Tx5FzAle76huxjzZHe4T3jvr1HM=
-38,8,totS6ZzEiZBsQUxPgUlWLF2sVwo=,Tx5FzAle76huxjzZHe4T3jvr1HM=
-40,8,totS6ZzEiZBsQUxPgUlWLF2sVwo=,Tx5FzAle76huxjzZHe4T3jvr1HM=
-39,8,totS6ZzEiZBsQUxPgUlWLF2sVwo=,Tx5FzAle76huxjzZHe4T3jvr1HM=
-35,11,totS6ZzEiZBsQUxPgUlWLF2sVwo=,Tx5FzAle76huxjzZHe4T3jvr1HM=
-35,4,totS6ZzEiZBsQUxPgUlWLF2sVwo=,Tx5FzAle76huxjzZHe4T3jvr1HM=
-36,2,totS6ZzEiZBsQUxPgUlWLF2sVwo=,Tx5FzAle76huxjzZHe4T3jvr1HM=
-42,8,totS6ZzEiZBsQUxPgUlWLF2sVwo=,Tx5FzAle76huxjzZHe4T3jvr1HM=
-43,8,totS6ZzEiZBsQUxPgUlWLF2sVwo=,Tx5FzAle76huxjzZHe4T3jvr1HM=
-34,4,totS6ZzEiZBsQUxPgUlWLF2sVwo=,Tx5FzAle76huxjzZHe4T3jvr1HM=
-36,8,totS6ZzEiZBsQUxPgUlWLF2sVwo=,Tx5FzAle76huxjzZHe4T3jvr1HM=
-47,9,totS6ZzEiZBsQUxPgUlWLF2sVwo=,Tx5FzAle76huxjzZHe4T3jvr1HM=
-35,12,totS6ZzEiZBsQUxPgUlWLF2sVwo=,Tx5FzAle76huxjzZHe4T3jvr1HM=
-45,8,totS6ZzEiZBsQUxPgUlWLF2sVwo=,Tx5FzAle76huxjzZHe4T3jvr1HM=
-47,8,totS6ZzEiZBsQUxPgUlWLF2sVwo=,Tx5FzAle76huxjzZHe4T3jvr1HM=
-38,0,totS6ZzEiZBsQUxPgUlWLF2sVwo=,Tx5FzAle76huxjzZHe4T3jvr1HM=
-48,8,totS6ZzEiZBsQUxPgUlWLF2sVwo=,Tx5FzAle76huxjzZHe4T3jvr1HM=
-44,8,totS6ZzEiZBsQUxPgUlWLF2sVwo=,Tx5FzAle76huxjzZHe4T3jvr1HM=
-33,4,totS6ZzEiZBsQUxPgUlWLF2sVwo=,Tx5FzAle76huxjzZHe4T3jvr1HM=
-37,2,totS6ZzEiZBsQUxPgUlWLF2sVwo=,Tx5FzAle76huxjzZHe4T3jvr1HM=
-34,7,totS6ZzEiZBsQUxPgUlWLF2sVwo=,Tx5FzAle76huxjzZHe4T3jvr1HM=
-38,1,totS6ZzEiZBsQUxPgUlWLF2sVwo=,Tx5FzAle76huxjzZHe4T3jvr1HM=
-35,7,totS6ZzEiZBsQUxPgUlWLF2sVwo=,Tx5FzAle76huxjzZHe4T3jvr1HM=
-36,12,totS6ZzEiZBsQUxPgUlWLF2sVwo=,Tx5FzAle76huxjzZHe4T3jvr1HM=
-37,12,totS6ZzEiZBsQUxPgUlWLF2sVwo=,Tx5FzAle76huxjzZHe4T3jvr1HM=
-41,1,totS6ZzEiZBsQUxPgUlWLF2sVwo=,Tx5FzAle76huxjzZHe4T3jvr1HM=
-41,7,totS6ZzEiZBsQUxPgUlWLF2sVwo=,Tx5FzAle76huxjzZHe4T3jvr1HM=
-36,7,totS6ZzEiZBsQUxPgUlWLF2sVwo=,Tx5FzAle76huxjzZHe4T3jvr1HM=
-42,7,totS6ZzEiZBsQUxPgUlWLF2sVwo=,Tx5FzAle76huxjzZHe4T3jvr1HM=
-43,7,totS6ZzEiZBsQUxPgUlWLF2sVwo=,Tx5FzAle76huxjzZHe4T3jvr1HM=
-44,7,totS6ZzEiZBsQUxPgUlWLF2sVwo=,Tx5FzAle76huxjzZHe4T3jvr1HM=
-45,7,totS6ZzEiZBsQUxPgUlWLF2sVwo=,Tx5FzAle76huxjzZHe4T3jvr1HM=
-39,7,totS6ZzEiZBsQUxPgUlWLF2sVwo=,Tx5FzAle76huxjzZHe4T3jvr1HM=
-40,7,totS6ZzEiZBsQUxPgUlWLF2sVwo=,Tx5FzAle76huxjzZHe4T3jvr1HM=
-37,7,totS6ZzEiZBsQUxPgUlWLF2sVwo=,Tx5FzAle76huxjzZHe4T3jvr1HM=
-48,5,totS6ZzEiZBsQUxPgUlWLF2sVwo=,Tx5FzAle76huxjzZHe4T3jvr1HM=
-34,8,totS6ZzEiZBsQUxPgUlWLF2sVwo=,Tx5FzAle76huxjzZHe4T3jvr1HM=
-46,7,totS6ZzEiZBsQUxPgUlWLF2sVwo=,Tx5FzAle76huxjzZHe4T3jvr1HM=
-38,7,totS6ZzEiZBsQUxPgUlWLF2sVwo=,Tx5FzAle76huxjzZHe4T3jvr1HM=
-46,8,totS6ZzEiZBsQUxPgUlWLF2sVwo=,Tx5FzAle76huxjzZHe4T3jvr1HM=
-35,15,totS6ZzEiZBsQUxPgUlWLF2sVwo=,Tx5FzAle76huxjzZHe4T3jvr1HM=
-47,7,totS6ZzEiZBsQUxPgUlWLF2sVwo=,Tx5FzAle76huxjzZHe4T3jvr1HM=
-39,0,totS6ZzEiZBsQUxPgUlWLF2sVwo=,Tx5FzAle76huxjzZHe4T3jvr1HM=
-34,12,totS6ZzEiZBsQUxPgUlWLF2sVwo=,Tx5FzAle76huxjzZHe4T3jvr1HM=
-48,7,totS6ZzEiZBsQUxPgUlWLF2sVwo=,Tx5FzAle76huxjzZHe4T3jvr1HM=
-38,2,totS6ZzEiZBsQUxPgUlWLF2sVwo=,Tx5FzAle76huxjzZHe4T3jvr1HM=
-41,6,totS6ZzEiZBsQUxPgUlWLF2sVwo=,Tx5FzAle76huxjzZHe4T3jvr1HM=
-33,10,totS6ZzEiZBsQUxPgUlWLF2sVwo=,Tx5FzAle76huxjzZHe4T3jvr1HM=
-42,6,totS6ZzEiZBsQUxPgUlWLF2sVwo=,Tx5FzAle76huxjzZHe4T3jvr1HM=
-44,6,totS6ZzEiZBsQUxPgUlWLF2sVwo=,Tx5FzAle76huxjzZHe4T3jvr1HM=
-33,6,totS6ZzEiZBsQUxPgUlWLF2sVwo=,Tx5FzAle76huxjzZHe4T3jvr1HM=
-34,6,totS6ZzEiZBsQUxPgUlWLF2sVwo=,Tx5FzAle76huxjzZHe4T3jvr1HM=
-39,1,totS6ZzEiZBsQUxPgUlWLF2sVwo=,Tx5FzAle76huxjzZHe4T3jvr1HM=
-40,2,totS6ZzEiZBsQUxPgUlWLF2sVwo=,Tx5FzAle76huxjzZHe4T3jvr1HM=
-45,6,totS6ZzEiZBsQUxPgUlWLF2sVwo=,Tx5FzAle76huxjzZHe4T3jvr1HM=
-43,6,totS6ZzEiZBsQUxPgUlWLF2sVwo=,Tx5FzAle76huxjzZHe4T3jvr1HM=
-35,6,totS6ZzEiZBsQUxPgUlWLF2sVwo=,Tx5FzAle76huxjzZHe4T3jvr1HM=
-46,6,totS6ZzEiZBsQUxPgUlWLF2sVwo=,Tx5FzAle76huxjzZHe4T3jvr1HM=
-38,6,totS6ZzEiZBsQUxPgUlWLF2sVwo=,Tx5FzAle76huxjzZHe4T3jvr1HM=
-47,6,totS6ZzEiZBsQUxPgUlWLF2sVwo=,Tx5FzAle76huxjzZHe4T3jvr1HM=
-37,6,totS6ZzEiZBsQUxPgUlWLF2sVwo=,Tx5FzAle76huxjzZHe4T3jvr1HM=
-41,0,totS6ZzEiZBsQUxPgUlWLF2sVwo=,Tx5FzAle76huxjzZHe4T3jvr1HM=
-48,6,totS6ZzEiZBsQUxPgUlWLF2sVwo=,Tx5FzAle76huxjzZHe4T3jvr1HM=
-36,6,totS6ZzEiZBsQUxPgUlWLF2sVwo=,Tx5FzAle76huxjzZHe4T3jvr1HM=
-33,13,totS6ZzEiZBsQUxPgUlWLF2sVwo=,Tx5FzAle76huxjzZHe4T3jvr1HM=
-40,6,totS6ZzEiZBsQUxPgUlWLF2sVwo=,Tx5FzAle76huxjzZHe4T3jvr1HM=
-39,6,totS6ZzEiZBsQUxPgUlWLF2sVwo=,Tx5FzAle76huxjzZHe4T3jvr1HM=
-33,12,totS6ZzEiZBsQUxPgUlWLF2sVwo=,Tx5FzAle76huxjzZHe4T3jvr1HM=
-39,2,totS6ZzEiZBsQUxPgUlWLF2sVwo=,Tx5FzAle76huxjzZHe4T3jvr1HM=
-40,0,totS6ZzEiZBsQUxPgUlWLF2sVwo=,Tx5FzAle76huxjzZHe4T3jvr1HM=
-47,5,totS6ZzEiZBsQUxPgUlWLF2sVwo=,Tx5FzAle76huxjzZHe4T3jvr1HM=
-34,5,totS6ZzEiZBsQUxPgUlWLF2sVwo=,Tx5FzAle76huxjzZHe4T3jvr1HM=
-36,5,totS6ZzEiZBsQUxPgUlWLF2sVwo=,Tx5FzAle76huxjzZHe4T3jvr1HM=
-40,1,totS6ZzEiZBsQUxPgUlWLF2sVwo=,Tx5FzAle76huxjzZHe4T3jvr1HM=
-33,5,totS6ZzEiZBsQUxPgUlWLF2sVwo=,Tx5FzAle76huxjzZHe4T3jvr1HM=
-35,5,totS6ZzEiZBsQUxPgUlWLF2sVwo=,Tx5FzAle76huxjzZHe4T3jvr1HM=
-41,5,totS6ZzEiZBsQUxPgUlWLF2sVwo=,Tx5FzAle76huxjzZHe4T3jvr1HM=
-37,5,totS6ZzEiZBsQUxPgUlWLF2sVwo=,Tx5FzAle76huxjzZHe4T3jvr1HM=
-38,5,totS6ZzEiZBsQUxPgUlWLF2sVwo=,Tx5FzAle76huxjzZHe4T3jvr1HM=
-43,5,totS6ZzEiZBsQUxPgUlWLF2sVwo=,Tx5FzAle76huxjzZHe4T3jvr1HM=
-42,5,totS6ZzEiZBsQUxPgUlWLF2sVwo=,Tx5FzAle76huxjzZHe4T3jvr1HM=
-34,11,totS6ZzEiZBsQUxPgUlWLF2sVwo=,Tx5FzAle76huxjzZHe4T3jvr1HM=
-40,5,totS6ZzEiZBsQUxPgUlWLF2sVwo=,Tx5FzAle76huxjzZHe4T3jvr1HM=
-44,5,totS6ZzEiZBsQUxPgUlWLF2sVwo=,Tx5FzAle76huxjzZHe4T3jvr1HM=
-46,5,totS6ZzEiZBsQUxPgUlWLF2sVwo=,Tx5FzAle76huxjzZHe4T3jvr1HM=
-36,11,totS6ZzEiZBsQUxPgUlWLF2sVwo=,Tx5FzAle76huxjzZHe4T3jvr1HM=
-45,5,totS6ZzEiZBsQUxPgUlWLF2sVwo=,Tx5FzAle76huxjzZHe4T3jvr1HM=
-39,5,totS6ZzEiZBsQUxPgUlWLF2sVwo=,Tx5FzAle76huxjzZHe4T3jvr1HM=
-35,10,totS6ZzEiZBsQUxPgUlWLF2sVwo=,Tx5FzAle76huxjzZHe4T3jvr1HM=
-34,13,totS6ZzEiZBsQUxPgUlWLF2sVwo=,Tx5FzAle76huxjzZHe4T3jvr1HM=
-33,11,totS6ZzEiZBsQUxPgUlWLF2sVwo=,Tx5FzAle76huxjzZHe4T3jvr1HM=
-34,10,totS6ZzEiZBsQUxPgUlWLF2sVwo=,Tx5FzAle76huxjzZHe4T3jvr1HM=
-33,9,totS6ZzEiZBsQUxPgUlWLF2sVwo=,Tx5FzAle76huxjzZHe4T3jvr1HM=
-34,9,totS6ZzEiZBsQUxPgUlWLF2sVwo=,Tx5FzAle76huxjzZHe4T3jvr1HM=
-33,7,totS6ZzEiZBsQUxPgUlWLF2sVwo=,Tx5FzAle76huxjzZHe4T3jvr1HM=
-33,8,totS6ZzEiZBsQUxPgUlWLF2sVwo=,Tx5FzAle76huxjzZHe4T3jvr1HM=
