38,15,XTsLNQkN4UmRAD4Sc3ezLdjkEuY=,GZZK6DwGT0om4Jpn8b0QJtJ5I1E=
37,15,XTsLNQkN4UmRAD4Sc3ezLdjkEuY=,GZZK6DwGT0om4Jpn8b0QJtJ5I1E=
35,15,XTsLNQkN4UmRAD4Sc3ezLdjkEuY=,GZZK6DwGT0om4Jpn8b0QJtJ5I1E=
36,15,XTsLNQkN4UmRAD4Sc3ezLdjkEuY=,GZZK6DwGT0om4Jpn8b0QJtJ5I1E=
47,15,XTsLNQkN4UmRAD4Sc3ezLdjkEuY=,GZZK6DwGT0om4Jpn8b0QJtJ5I1E=
36,3,XTsLNQkN4UmRAD4Sc3ezLdjkEuY=,GZZK6DwGT0om4Jpn8b0QJtJ5I1E=
45,15,XTsLNQkN4UmRAD4Sc3ezLdjkEuY=,GZZK6DwGT0om4Jpn8b0QJtJ5I1E=
44,15,XTsLNQkN4UmRAD4Sc3ezLdjkEuY=,GZZK6DwGT0om4Jpn8b0QJtJ5I1E=
46,15,XTsLNQkN4UmRAD4Sc3ezLdjkEuY=,GZZK6DwGT0om4Jpn8b0QJtJ5I1E=
35,3,XTsLNQkN4UmRAD4Sc3ezLdjkEuY=,GZZK6DwGT0om4Jpn8b0QJtJ5I1E=
35,0,XTsLNQkN4UmRAD4Sc3ezLdjkEuY=,GZZK6DwGT0om4Jpn8b0QJtJ5I1E=
37,1,XTsLNQkN4UmRAD4Sc3ezLdjkEuY=,GZZK6DwGT0om4Jpn8b0QJtJ5I1E=
38,3,XTsLNQkN4UmRAD4Sc3ezLdjkEuY=,GZZK6DwGT0om4Jpn8b0QJtJ5I1E=
34,3,XTsLNQkN4UmRAD4Sc3ezLdjkEuY=,GZZK6DwGT0om4Jpn8b0QJtJ5I1E=
36,2,XTsLNQkN4UmRAD4Sc3ezLdjkEuY=,GZZK6DwGT0om4Jpn8b0QJtJ5I1E=
33,0,XTsLNQkN4UmRAD4Sc3ezLdjkEuY=,GZZK6DwGT0om4Jpn8b0QJtJ5I1E=
33,15,XTsLNQkN4UmRAD4Sc3ezLdjkEuY=,GZZK6DwGT0om4Jpn8b0QJtJ5I1E=
32,15,XTsLNQkN4UmRAD4Sc3ezLdjkEuY=,GZZK6DwGT0om4Jpn8b0QJtJ5I1E=
34,15,XTsLNQkN4UmRAD4Sc3ezLdjkEuY=,GZZK6DwGT0om4Jpn8b0QJtJ5I1E=
37,3,XTsLNQkN4UmRAD4Sc3ezLdjkEuY=,GZZK6DwGT0om4Jpn8b0QJtJ5I1E=
36,1,XTsLNQkN4UmRAD4Sc3ezLdjkEuY=,GZZK6DwGT0om4Jpn8b0QJtJ5I1E=
38,2,XTsLNQkN4UmRAD4Sc3ezLdjkEuY=,GZZK6DwGT0om4Jpn8b0QJtJ5I1E=
37,0,XTsLNQkN4UmRAD4Sc3ezLdjkEuY=,GZZK6DwGT0om4Jpn8b0QJtJ5I1E=
37,2,XTsLNQkN4UmRAD4Sc3ezLdjkEuY=,GZZK6DwGT0om4Jpn8b0QJtJ5I1E=
47,14,XTsLNQkN4UmRAD4Sc3ezLdjkEuY=,GZZK6DwGT0om4Jpn8b0QJtJ5I1E=
35,2,XTsLNQkN4UmRAD4Sc3ezLdjkEuY=,GZZK6DwGT0om4Jpn8b0QJtJ5I1E=
46,14,XTsLNQkN4UmRAD4Sc3ezLdjkEuY=,GZZK6DwGT0om4Jpn8b0QJtJ5I1E=
43,3,XTsLNQkN4UmRAD4Sc3ezLdjkEuY=,GZZK6DwGT0om4Jpn8b0QJtJ5I1E=
44,14,XTsLNQkN4UmRAD4Sc3ezLdjkEuY=,GZZK6DwGT0om4Jpn8b0QJtJ5I1E=
39,3,XTsLNQkN4UmRAD4Sc3ezLdjkEuY=,GZZK6DwGT0om4Jpn8b0QJtJ5I1E=
42,14,XTsLNQkN4UmRAD4Sc3ezLdjkEuY=,GZZK6DwGT0om4Jpn8b0QJtJ5I1E=
45,14,XTsLNQkN4UmRAD4Sc3ezLdjkEuY=,GZZK6DwGT0om4Jpn8b0QJtJ5I1E=
37,14,XTsLNQkN4UmRAD4Sc3ezLdjkEuY=,GZZK6DwGT0om4Jpn8b0QJtJ5I1E=
38,14,XTsLNQkN4UmRAD4Sc3ezLdjkEuY=,GZZK6DwGT0om4Jpn8b0QJtJ5I1E=
36,0,XTsLNQkN4UmRAD4Sc3ezLdjkEuY=,GZZK6DwGT0om4Jpn8b0QJtJ5I1E=
44,13,XTsLNQkN4UmRAD4Sc3ezLdjkEuY=,GZZK6DwGT0om4Jpn8b0QJtJ5I1E=
40,3,XTsLNQkN4UmRAD4Sc3ezLdjkEuY=,GZZK6DwGT0om4Jpn8b0QJtJ5I1E=
34,14,XTsLNQkN4UmRAD4Sc3ezLdjkEuY=,GZZK6DwGT0om4Jpn8b0QJtJ5I1E=
44,3,XTsLNQkN4UmRAD4Sc3ezLdjkEuY=,GZZK6DwGT0om4Jpn8b0QJtJ5I1E=
43,13,XTsLNQkN4UmRAD4Sc3ezLdjkEuY=,GZZK6DwGT0om4Jpn8b0QJtJ5I1E=
45,13,XTsLNQkN4UmRAD4Sc3ezLdjkEuY=,GZZK6DwGT0om4Jpn8b0QJtJ5I1E=
35,14,XTsLNQkN4UmRAD4Sc3ezLdjkEuY=,GZZK6DwGT0om4Jpn8b0QJtJ5I1E=
33,14,XTsLNQkN4UmRAD4Sc3ezLdjkEuY=,GZZK6DwGT0om4Jpn8b0QJtJ5I1E=
45,3,XTsLNQkN4UmRAD4Sc3ezLdjkEuY=,GZZK6DwGT0om4Jpn8b0QJtJ5I1E=
32,14,XTsLNQkN4UmRAD4Sc3ezLdjkEuY=,GZZK6DwGT0om4Jpn8b0QJtJ5I1E=
36,13,XTsLNQkN4UmRAD4Sc3ezLdjkEuY=,GZZK6DwGT0om4Jpn8b0QJtJ5I1E=
33,13,XTsLNQkN4UmRAD4Sc3ezLdjkEuY=,GZZK6DwGT0om4Jpn8b0QJtJ5I1E=
33,3,XTsLNQkN4UmRAD4Sc3ezLdjkEuY=,GZZK6DwGT0om4Jpn8b0QJtJ5I1E=
34,13,XTsLNQkN4UmRAD4Sc3ezLdjkEuY=,GZZK6DwGT0om4Jpn8b0QJtJ5I1E=
46,13,XTsLNQkN4UmRAD4Sc3ezLdjkEuY=,GZZK6DwGT0om4Jpn8b0QJtJ5I1E=
47,13,XTsLNQkN4UmRAD4Sc3ezLdjkEuY=,GZZK6DwGT0om4Jpn8b0QJtJ5I1E=
47,3,XTsLNQkN4UmRAD4Sc3ezLdjkEuY=,GZZK6DwGT0om4Jpn8b0QJtJ5I1E=
47,12,XTsLNQkN4UmRAD4Sc3ezLdjkEuY=,GZZK6DwGT0om4Jpn8b0QJtJ5I1E=
33,2,XTsLNQkN4UmRAD4Sc3ezLdjkEuY=,GZZK6DwGT0om4Jpn8b0QJtJ5I1E=
46,12,XTsLNQkN4UmRAD4Sc3ezLdjkEuY=,GZZK6DwGT0om4Jpn8b0QJtJ5I1E=
34,2,XTsLNQkN4UmRAD4Sc3ezLdjkEuY=,GZZK6DwGT0om4Jpn8b0QJtJ5I1E=
45,12,XTsLNQkN4UmRAD4Sc3ezLdjkEuY=,GZZK6DwGT0om4Jpn8b0QJtJ5I1E=
46,3,XTsLNQkN4UmRAD4Sc3ezLdjkEuY=,GZZK6DwGT0om4Jpn8b0QJtJ5I1E=
44,12,XTsLNQkN4UmRAD4Sc3ezLdjkEuY=,GZZK6DwGT0om4Jpn8b0QJtJ5I1E=
35,1,XTsLNQkN4UmRAD4Sc3ezLdjkEuY=,GZZK6DwGT0om4Jpn8b0QJtJ5I1E=
41,12,XTsLNQkN4UmRAD4Sc3ezLdjkEuY=,GZZK6DwGT0om4Jpn8b0QJtJ5I1E=
34,1,XTsLNQkN4UmRAD4Sc3ezLdjkEuY=,GZZK6DwGT0om4Jpn8b0QJtJ5I1E=
43,12,XTsLNQkN4UmRAD4Sc3ezLdjkEuY=,GZZK6DwGT0om4Jpn8b0QJtJ5I1E=
32,13,XTsLNQkN4UmRAD4Sc3ezLdjkEuY=,GZZK6DwGT0om4Jpn8b0QJtJ5I1E=
38,1,XTsLNQkN4UmRAD4Sc3ezLdjkEuY=,GZZK6DwGT0om4Jpn8b0QJtJ5I1E=
39,15,XTsLNQkN4UmRAD4Sc3ezLdjkEuY=,GZZK6DwGT0om4Jpn8b0QJtJ5I1E=
34,12,XTsLNQkN4UmRAD4Sc3ezLdjkEuY=,GZZK6DwGT0om4Jpn8b0QJtJ5I1E=
38,0,XTsLNQkN4UmRAD4Sc3ezLdjkEuY=,GZZK6DwGT0om4Jpn8b0QJtJ5I1E=
33,1,XTsLNQkN4UmRAD4Sc3ezLdjkEuY=,GZZK6DwGT0om4Jpn8b0QJtJ5I1E=
39,14,XTsLNQkN4UmRAD4Sc3ezLdjkEuY=,GZZK6DwGT0om4Jpn8b0QJtJ5I1E=
39,2,XTsLNQkN4UmRAD4Sc3ezLdjkEuY=,GZZK6DwGT0om4Jpn8b0QJtJ5I1E=
32,1,XTsLNQkN4UmRAD4Sc3ezLdjkEuY=,GZZK6DwGT0om4Jpn8b0QJtJ5I1E=
32,4,XTsLNQkN4UmRAD4Sc3ezLdjkEuY=,GZZK6DwGT0om4Jpn8b0QJtJ5I1E=
34,0,XTsLNQkN4UmRAD4Sc3ezLdjkEuY=,GZZK6DwGT0om4Jpn8b0QJtJ5I1E=
33,4,XTsLNQkN4UmRAD4Sc3ezLdjkEuY=,GZZK6DwGT0om4Jpn8b0QJtJ5I1E=
32,3,XTsLNQkN4UmRAD4Sc3ezLdjkEuY=,GZZK6DwGT0om4Jpn8b0QJtJ5I1E=
47,2,XTsLNQkN4UmRAD4Sc3ezLdjkEuY=,GZZK6DwGT0om4Jpn8b0QJtJ5I1E=
47,0,XTsLNQkN4UmRAD4Sc3ezLdjkEuY=,GZZK6DwGT0om4Jpn8b0QJtJ5I1E=
32,12,XTsLNQkN4UmRAD4Sc3ezLdjkEuY=,GZZK6DwGT0om4Jpn8b0QJtJ5I1E=
46,0,XTsLNQkN4UmRAD4Sc3ezLdjkEuY=,GZZK6DwGT0om4Jpn8b0QJtJ5I1E=
32,2,XTsLNQkN4UmRAD4Sc3ezLdjkEuY=,GZZK6DwGT0om4Jpn8b0QJtJ5I1E=
47,1,XTsLNQkN4UmRAD4Sc3ezLdjkEuY=,GZZK6DwGT0om4Jpn8b0QJtJ5I1E=
34,4,XTsLNQkN4UmRAD4Sc3ezLdjkEuY=,GZZK6DwGT0om4Jpn8b0QJtJ5I1E=
47,11,XTsLNQkN4UmRAD4Sc3ezLdjkEuY=,GZZK6DwGT0om4Jpn8b0QJtJ5I1E=
46,1,XTsLNQkN4UmRAD4Sc3ezLdjkEuY=,GZZK6DwGT0om4Jpn8b0QJtJ5I1E=
46,11,XTsLNQkN4UmRAD4Sc3ezLdjkEuY=,GZZK6DwGT0om4Jpn8b0QJtJ5I1E=
35,4,XTsLNQkN4UmRAD4Sc3ezLdjkEuY=,GZZK6DwGT0om4Jpn8b0QJtJ5I1E=
45,11,XTsLNQkN4UmRAD4Sc3ezLdjkEuY=,GZZK6DwGT0om4Jpn8b0QJtJ5I1E=
44,11,XTsLNQkN4UmRAD4Sc3ezLdjkEuY=,GZZK6DwGT0om4Jpn8b0QJtJ5I1E=
43,11,XTsLNQkN4UmRAD4Sc3ezLdjkEuY=,GZZK6DwGT0om4Jpn8b0QJtJ5I1E=
36,4,XTsLNQkN4UmRAD4Sc3ezLdjkEuY=,GZZK6DwGT0om4Jpn8b0QJtJ5I1E=
41,11,XTsLNQkN4UmRAD4Sc3ezLdjkEuY=,GZZK6DwGT0om4Jpn8b0QJtJ5I1E=
42,11,XTsLNQkN4UmRAD4Sc3ezLdjkEuY=,GZZK6DwGT0om4Jpn8b0QJtJ5I1E=
39,11,XTsLNQkN4UmRAD4Sc3ezLdjkEuY=,GZZK6DwGT0om4Jpn8b0QJtJ5I1E=
42,15,gDmuF51FJF6nrUneBnCvzkefqWM=,GZZK6DwGT0om4Jpn8b0QJtJ5I1E=
43,15,gDmuF51FJF6nrUneBnCvzkefqWM=,GZZK6DwGT0om4Jpn8b0QJtJ5I1E=
42,3,gDmuF51FJF6nrUneBnCvzkefqWM=,GZZK6DwGT0om4Jpn8b0QJtJ5I1E=
35,13,gDmuF51FJF6nrUneBnCvzkefqWM=,GZZK6DwGT0om4Jpn8b0QJtJ5I1E=
37,13,gDmuF51FJF6nrUneBnCvzkefqWM=,GZZK6DwGT0om4Jpn8b0QJtJ5I1E=
40,11,gDmuF51FJF6nrUneBnCvzkefqWM=,GZZK6DwGT0om4Jpn8b0QJtJ5I1E=
42,13,gDmuF51FJF6nrUneBnCvzkefqWM=,GZZK6DwGT0om4Jpn8b0QJtJ5I1E=
43,14,gDmuF51FJF6nrUneBnCvzkefqWM=,GZZK6DwGT0om4Jpn8b0QJtJ5I1E=
45,0,gDmuF51FJF6nrUneBnCvzkefqWM=,GZZK6DwGT0om4Jpn8b0QJtJ5I1E=
46,2,gDmuF51FJF6nrUneBnCvzkefqWM=,GZZK6DwGT0om4Jpn8b0QJtJ5I1E=
41,13,gDmuF51FJF6nrUneBnCvzkefqWM=,GZZK6DwGT0om4Jpn8b0QJtJ5I1E=
40,14,gDmuF51FJF6nrUneBnCvzkefqWM=,GZZK6DwGT0om4Jpn8b0QJtJ5I1E=
35,12,gDmuF51FJF6nrUneBnCvzkefqWM=,GZZK6DwGT0om4Jpn8b0QJtJ5I1E=
47,10,gDmuF51FJF6nrUneBnCvzkefqWM=,GZZK6DwGT0om4Jpn8b0QJtJ5I1E=
46,10,gDmuF51FJF6nrUneBnCvzkefqWM=,GZZK6DwGT0om4Jpn8b0QJtJ5I1E=
45,1,gDmuF51FJF6nrUneBnCvzkefqWM=,GZZK6DwGT0om4Jpn8b0QJtJ5I1E=
41,3,gDmuF51FJF6nrUneBnCvzkefqWM=,GZZK6DwGT0om4Jpn8b0QJtJ5I1E=
38,13,gDmuF51FJF6nrUneBnCvzkefqWM=,GZZK6DwGT0om4Jpn8b0QJtJ5I1E=
40,15,gDmuF51FJF6nrUneBnCvzkefqWM=,GZZK6DwGT0om4Jpn8b0QJtJ5I1E=
42,12,gDmuF51FJF6nrUneBnCvzkefqWM=,GZZK6DwGT0om4Jpn8b0QJtJ5I1E=
45,10,gDmuF51FJF6nrUneBnCvzkefqWM=,GZZK6DwGT0om4Jpn8b0QJtJ5I1E=
42,10,gDmuF51FJF6nrUneBnCvzkefqWM=,GZZK6DwGT0om4Jpn8b0QJtJ5I1E=
43,10,gDmuF51FJF6nrUneBnCvzkefqWM=,GZZK6DwGT0om4Jpn8b0QJtJ5I1E=
44,10,gDmuF51FJF6nrUneBnCvzkefqWM=,GZZK6DwGT0om4Jpn8b0QJtJ5I1E=
39,10,gDmuF51FJF6nrUneBnCvzkefqWM=,GZZK6DwGT0om4Jpn8b0QJtJ5I1E=
40,10,gDmuF51FJF6nrUneBnCvzkefqWM=,GZZK6DwGT0om4Jpn8b0QJtJ5I1E=
41,10,gDmuF51FJF6nrUneBnCvzkefqWM=,GZZK6DwGT0om4Jpn8b0QJtJ5I1E=
38,10,gDmuF51FJF6nrUneBnCvzkefqWM=,GZZK6DwGT0om4Jpn8b0QJtJ5I1E=
37,10,gDmuF51FJF6nrUneBnCvzkefqWM=,GZZK6DwGT0om4Jpn8b0QJtJ5I1E=
45,2,gDmuF51FJF6nrUneBnCvzkefqWM=,GZZK6DwGT0om4Jpn8b0QJtJ5I1E=
47,9,gDmuF51FJF6nrUneBnCvzkefqWM=,GZZK6DwGT0om4Jpn8b0QJtJ5I1E=
44,0,gDmuF51FJF6nrUneBnCvzkefqWM=,GZZK6DwGT0om4Jpn8b0QJtJ5I1E=
36,14,gDmuF51FJF6nrUneBnCvzkefqWM=,GZZK6DwGT0om4Jpn8b0QJtJ5I1E=
44,1,gDmuF51FJF6nrUneBnCvzkefqWM=,GZZK6DwGT0om4Jpn8b0QJtJ5I1E=
41,15,gDmuF51FJF6nrUneBnCvzkefqWM=,GZZK6DwGT0om4Jpn8b0QJtJ5I1E=
46,9,gDmuF51FJF6nrUneBnCvzkefqWM=,GZZK6DwGT0om4Jpn8b0QJtJ5I1E=
39,13,gDmuF51FJF6nrUneBnCvzkefqWM=,GZZK6DwGT0om4Jpn8b0QJtJ5I1E=
45,9,gDmuF51FJF6nrUneBnCvzkefqWM=,GZZK6DwGT0om4Jpn8b0QJtJ5I1E=
43,9,gDmuF51FJF6nrUneBnCvzkefqWM=,GZZK6DwGT0om4Jpn8b0QJtJ5I1E=
44,9,gDmuF51FJF6nrUneBnCvzkefqWM=,GZZK6DwGT0om4Jpn8b0QJtJ5I1E=
41,9,gDmuF51FJF6nrUneBnCvzkefqWM=,GZZK6DwGT0om4Jpn8b0QJtJ5I1E=
40,9,gDmuF51FJF6nrUneBnCvzkefqWM=,GZZK6DwGT0om4Jpn8b0QJtJ5I1E=
42,9,gDmuF51FJF6nrUneBnCvzkefqWM=,GZZK6DwGT0om4Jpn8b0QJtJ5I1E=
39,9,gDmuF51FJF6nrUneBnCvzkefqWM=,GZZK6DwGT0om4Jpn8b0QJtJ5I1E=
41,14,gDmuF51FJF6nrUneBnCvzkefqWM=,GZZK6DwGT0om4Jpn8b0QJtJ5I1E=
38,9,gDmuF51FJF6nrUneBnCvzkefqWM=,GZZK6DwGT0om4Jpn8b0QJtJ5I1E=
37,9,gDmuF51FJF6nrUneBnCvzkefqWM=,GZZK6DwGT0om4Jpn8b0QJtJ5I1E=
44,2,gDmuF51FJF6nrUneBnCvzkefqWM=,GZZK6DwGT0om4Jpn8b0QJtJ5I1E=
34,9,gDmuF51FJF6nrUneBnCvzkefqWM=,GZZK6DwGT0om4Jpn8b0QJtJ5I1E=
43,0,gDmuF51FJF6nrUneBnCvzkefqWM=,GZZK6DwGT0om4Jpn8b0QJtJ5I1E=
40,12,gDmuF51FJF6nrUneBnCvzkefqWM=,GZZK6DwGT0om4Jpn8b0QJtJ5I1E=
47,8,gDmuF51FJF6nrUneBnCvzkefqWM=,GZZK6DwGT0om4Jpn8b0QJtJ5I1E=
46,8,gDmuF51FJF6nrUneBnCvzkefqWM=,GZZK6DwGT0om4Jpn8b0QJtJ5I1E=
43,1,gDmuF51FJF6nrUneBnCvzkefqWM=,GZZK6DwGT0om4Jpn8b0QJtJ5I1E=
45,8,gDmuF51FJF6nrUneBnCvzkefqWM=,GZZK6DwGT0om4Jpn8b0QJtJ5I1E=
33,12,gDmuF51FJF6nrUneBnCvzkefqWM=,GZZK6DwGT0om4Jpn8b0QJtJ5I1E=
44,8,gDmuF51FJF6nrUneBnCvzkefqWM=,GZZK6DwGT0om4Jpn8b0QJtJ5I1E=
39,8,gDmuF51FJF6nrUneBnCvzkefqWM=,GZZK6DwGT0om4Jpn8b0QJtJ5I1E=
40,8,gDmuF51FJF6nrUneBnCvzkefqWM=,GZZK6DwGT0om4Jpn8b0QJtJ5I1E=
38,8,gDmuF51FJF6nrUneBnCvzkefqWM=,GZZK6DwGT0om4Jpn8b0QJtJ5I1E=
40,13,gDmuF51FJF6nrUneBnCvzkefqWM=,GZZK6DwGT0om4Jpn8b0QJtJ5I1E=
38,12,gDmuF51FJF6nrUneBnCvzkefqWM=,GZZK6DwGT0om4Jpn8b0QJtJ5I1E=
36,10,gDmuF51FJF6nrUneBnCvzkefqWM=,GZZK6DwGT0om4Jpn8b0QJtJ5I1E=
39,12,gDmuF51FJF6nrUneBnCvzkefqWM=,GZZK6DwGT0om4Jpn8b0QJtJ5I1E=
36,8,gDmuF51FJF6nrUneBnCvzkefqWM=,GZZK6DwGT0om4Jpn8b0QJtJ5I1E=
37,8,gDmuF51FJF6nrUneBnCvzkefqWM=,GZZK6DwGT0om4Jpn8b0QJtJ5I1E=
37,12,gDmuF51FJF6nrUneBnCvzkefqWM=,GZZK6DwGT0om4Jpn8b0QJtJ5I1E=
42,1,gDmuF51FJF6nrUneBnCvzkefqWM=,GZZK6DwGT0om4Jpn8b0QJtJ5I1E=
47,7,gDmuF51FJF6nrUneBnCvzkefqWM=,GZZK6DwGT0om4Jpn8b0QJtJ5I1E=
46,7,gDmuF51FJF6nrUneBnCvzkefqWM=,GZZK6DwGT0om4Jpn8b0QJtJ5I1E=
45,7,gDmuF51FJF6nrUneBnCvzkefqWM=,GZZK6DwGT0om4Jpn8b0QJtJ5I1E=
44,7,gDmuF51FJF6nrUneBnCvzkefqWM=,GZZK6DwGT0om4Jpn8b0QJtJ5I1E=
36,12,gDmuF51FJF6nrUneBnCvzkefqWM=,GZZK6DwGT0om4Jpn8b0QJtJ5I1E=
37,4,gDmuF51FJF6nrUneBnCvzkefqWM=,GZZK6DwGT0om4Jpn8b0QJtJ5I1E=
38,11,gDmuF51FJF6nrUneBnCvzkefqWM=,GZZK6DwGT0om4Jpn8b0QJtJ5I1E=
36,11,gDmuF51FJF6nrUneBnCvzkefqWM=,GZZK6DwGT0om4Jpn8b0QJtJ5I1E=
37,11,gDmuF51FJF6nrUneBnCvzkefqWM=,GZZK6DwGT0om4Jpn8b0QJtJ5I1E=
38,7,gDmuF51FJF6nrUneBnCvzkefqWM=,GZZK6DwGT0om4Jpn8b0QJtJ5I1E=
33,11,gDmuF51FJF6nrUneBnCvzkefqWM=,GZZK6DwGT0om4Jpn8b0QJtJ5I1E=
32,10,gDmuF51FJF6nrUneBnCvzkefqWM=,GZZK6DwGT0om4Jpn8b0QJtJ5I1E=
34,11,gDmuF51FJF6nrUneBnCvzkefqWM=,GZZK6DwGT0om4Jpn8b0QJtJ5I1E=
36,7,gDmuF51FJF6nrUneBnCvzkefqWM=,GZZK6DwGT0om4Jpn8b0QJtJ5I1E=
32,11,gDmuF51FJF6nrUneBnCvzkefqWM=,GZZK6DwGT0om4Jpn8b0QJtJ5I1E=
35,7,gDmuF51FJF6nrUneBnCvzkefqWM=,GZZK6DwGT0om4Jpn8b0QJtJ5I1E=
35,11,gDmuF51FJF6nrUneBnCvzkefqWM=,GZZK6DwGT0om4Jpn8b0QJtJ5I1E=
33,7,gDmuF51FJF6nrUneBnCvzkefqWM=,GZZK6DwGT0om4Jpn8b0QJtJ5I1E=
43,8,gDmuF51FJF6nrUneBnCvzkefqWM=,GZZK6DwGT0om4Jpn8b0QJtJ5I1E=
41,8,gDmuF51FJF6nrUneBnCvzkefqWM=,GZZK6DwGT0om4Jpn8b0QJtJ5I1E=
35,10,gDmuF51FJF6nrUneBnCvzkefqWM=,GZZK6DwGT0om4Jpn8b0QJtJ5I1E=
34,10,gDmuF51FJF6nrUneBnCvzkefqWM=,GZZK6DwGT0om4Jpn8b0QJtJ5I1E=
42,8,gDmuF51FJF6nrUneBnCvzkefqWM=,GZZK6DwGT0om4Jpn8b0QJtJ5I1E=
47,6,gDmuF51FJF6nrUneBnCvzkefqWM=,GZZK6DwGT0om4Jpn8b0QJtJ5I1E=
45,6,gDmuF51FJF6nrUneBnCvzkefqWM=,GZZK6DwGT0om4Jpn8b0QJtJ5I1E=
46,6,gDmuF51FJF6nrUneBnCvzkefqWM=,GZZK6DwGT0om4Jpn8b0QJtJ5I1E=
36,9,gDmuF51FJF6nrUneBnCvzkefqWM=,GZZK6DwGT0om4Jpn8b0QJtJ5I1E=
34,8,gDmuF51FJF6nrUneBnCvzkefqWM=,GZZK6DwGT0om4Jpn8b0QJtJ5I1E=
33,8,gDmuF51FJF6nrUneBnCvzkefqWM=,GZZK6DwGT0om4Jpn8b0QJtJ5I1E=
35,8,gDmuF51FJF6nrUneBnCvzkefqWM=,GZZK6DwGT0om4Jpn8b0QJtJ5I1E=
32,8,gDmuF51FJF6nrUneBnCvzkefqWM=,GZZK6DwGT0om4Jpn8b0QJtJ5I1E=
32,9,gDmuF51FJF6nrUneBnCvzkefqWM=,GZZK6DwGT0om4Jpn8b0QJtJ5I1E=
33,10,gDmuF51FJF6nrUneBnCvzkefqWM=,GZZK6DwGT0om4Jpn8b0QJtJ5I1E=
42,0,gDmuF51FJF6nrUneBnCvzkefqWM=,GZZK6DwGT0om4Jpn8b0QJtJ5I1E=
43,2,gDmuF51FJF6nrUneBnCvzkefqWM=,GZZK6DwGT0om4Jpn8b0QJtJ5I1E=
33,9,gDmuF51FJF6nrUneBnCvzkefqWM=,GZZK6DwGT0om4Jpn8b0QJtJ5I1E=
42,7,gDmuF51FJF6nrUneBnCvzkefqWM=,GZZK6DwGT0om4Jpn8b0QJtJ5I1E=
38,4,gDmuF51FJF6nrUneBnCvzkefqWM=,GZZK6DwGT0om4Jpn8b0QJtJ5I1E=
33,6,gDmuF51FJF6nrUneBnCvzkefqWM=,GZZK6DwGT0om4Jpn8b0QJtJ5I1E=
32,6,gDmuF51FJF6nrUneBnCvzkefqWM=,GZZK6DwGT0om4Jpn8b0QJtJ5I1E=
34,6,gDmuF51FJF6nrUneBnCvzkefqWM=,GZZK6DwGT0om4Jpn8b0QJtJ5I1E=
45,5,gDmuF51FJF6nrUneBnCvzkefqWM=,GZZK6DwGT0om4Jpn8b0QJtJ5I1E=
41,7,gDmuF51FJF6nrUneBnCvzkefqWM=,GZZK6DwGT0om4Jpn8b0QJtJ5I1E=
34,7,gDmuF51FJF6nrUneBnCvzkefqWM=,GZZK6DwGT0om4Jpn8b0QJtJ5I1E=
47,5,gDmuF51FJF6nrUneBnCvzkefqWM=,GZZK6DwGT0om4Jpn8b0QJtJ5I1E=
32,7,gDmuF51FJF6nrUneBnCvzkefqWM=,GZZK6DwGT0om4Jpn8b0QJtJ5I1E=
40,7,gDmuF51FJF6nrUneBnCvzkefqWM=,GZZK6DwGT0om4Jpn8b0QJtJ5I1E=
37,7,gDmuF51FJF6nrUneBnCvzkefqWM=,GZZK6DwGT0om4Jpn8b0QJtJ5I1E=
46,5,gDmuF51FJF6nrUneBnCvzkefqWM=,GZZK6DwGT0om4Jpn8b0QJtJ5I1E=
39,4,gDmuF51FJF6nrUneBnCvzkefqWM=,GZZK6DwGT0om4Jpn8b0QJtJ5I1E=
41,5,gDmuF51FJF6nrUneBnCvzkefqWM=,GZZK6DwGT0om4Jpn8b0QJtJ5I1E=
43,7,gDmuF51FJF6nrUneBnCvzkefqWM=,GZZK6DwGT0om4Jpn8b0QJtJ5I1E=
40,4,gDmuF51FJF6nrUneBnCvzkefqWM=,GZZK6DwGT0om4Jpn8b0QJtJ5I1E=
39,7,gDmuF51FJF6nrUneBnCvzkefqWM=,GZZK6DwGT0om4Jpn8b0QJtJ5I1E=
41,1,gDmuF51FJF6nrUneBnCvzkefqWM=,GZZK6DwGT0om4Jpn8b0QJtJ5I1E=
36,5,gDmuF51FJF6nrUneBnCvzkefqWM=,GZZK6DwGT0om4Jpn8b0QJtJ5I1E=
35,9,gDmuF51FJF6nrUneBnCvzkefqWM=,GZZK6DwGT0om4Jpn8b0QJtJ5I1E=
32,0,gDmuF51FJF6nrUneBnCvzkefqWM=,GZZK6DwGT0om4Jpn8b0QJtJ5I1E=
35,5,gDmuF51FJF6nrUneBnCvzkefqWM=,GZZK6DwGT0om4Jpn8b0QJtJ5I1E=
38,5,gDmuF51FJF6nrUneBnCvzkefqWM=,GZZK6DwGT0om4Jpn8b0QJtJ5I1E=
41,6,gDmuF51FJF6nrUneBnCvzkefqWM=,GZZK6DwGT0om4Jpn8b0QJtJ5I1E=
41,4,gDmuF51FJF6nrUneBnCvzkefqWM=,GZZK6DwGT0om4Jpn8b0QJtJ5I1E=
47,4,gDmuF51FJF6nrUneBnCvzkefqWM=,GZZK6DwGT0om4Jpn8b0QJtJ5I1E=
42,6,gDmuF51FJF6nrUneBnCvzkefqWM=,GZZK6DwGT0om4Jpn8b0QJtJ5I1E=
40,6,gDmuF51FJF6nrUneBnCvzkefqWM=,GZZK6DwGT0om4Jpn8b0QJtJ5I1E=
46,4,gDmuF51FJF6nrUneBnCvzkefqWM=,GZZK6DwGT0om4Jpn8b0QJtJ5I1E=
45,4,gDmuF51FJF6nrUneBnCvzkefqWM=,GZZK6DwGT0om4Jpn8b0QJtJ5I1E=
44,4,gDmuF51FJF6nrUneBnCvzkefqWM=,GZZK6DwGT0om4Jpn8b0QJtJ5I1E=
34,5,gDmuF51FJF6nrUneBnCvzkefqWM=,GZZK6DwGT0om4Jpn8b0QJtJ5I1E=
39,6,gDmuF51FJF6nrUneBnCvzkefqWM=,GZZK6DwGT0om4Jpn8b0QJtJ5I1E=
32,5,gDmuF51FJF6nrUneBnCvzkefqWM=,GZZK6DwGT0om4Jpn8b0QJtJ5I1E=
43,6,gDmuF51FJF6nrUneBnCvzkefqWM=,GZZK6DwGT0om4Jpn8b0QJtJ5I1E=
41,0,gDmuF51FJF6nrUneBnCvzkefqWM=,GZZK6DwGT0om4Jpn8b0QJtJ5I1E=
44,6,gDmuF51FJF6nrUneBnCvzkefqWM=,GZZK6DwGT0om4Jpn8b0QJtJ5I1E=
42,4,gDmuF51FJF6nrUneBnCvzkefqWM=,GZZK6DwGT0om4Jpn8b0QJtJ5I1E=
37,6,gDmuF51FJF6nrUneBnCvzkefqWM=,GZZK6DwGT0om4Jpn8b0QJtJ5I1E=
42,2,gDmuF51FJF6nrUneBnCvzkefqWM=,GZZK6DwGT0om4Jpn8b0QJtJ5I1E=
38,6,gDmuF51FJF6nrUneBnCvzkefqWM=,GZZK6DwGT0om4Jpn8b0QJtJ5I1E=
36,6,gDmuF51FJF6nrUneBnCvzkefqWM=,GZZK6DwGT0om4Jpn8b0QJtJ5I1E=
35,6,gDmuF51FJF6nrUneBnCvzkefqWM=,GZZK6DwGT0om4Jpn8b0QJtJ5I1E=
41,2,gDmuF51FJF6nrUneBnCvzkefqWM=,GZZK6DwGT0om4Jpn8b0QJtJ5I1E=
39,5,gDmuF51FJF6nrUneBnCvzkefqWM=,GZZK6DwGT0om4Jpn8b0QJtJ5I1E=
40,5,gDmuF51FJF6nrUneBnCvzkefqWM=,GZZK6DwGT0om4Jpn8b0QJtJ5I1E=
44,5,gDmuF51FJF6nrUneBnCvzkefqWM=,GZZK6DwGT0om4Jpn8b0QJtJ5I1E=
40,0,gDmuF51FJF6nrUneBnCvzkefqWM=,GZZK6DwGT0om4Jpn8b0QJtJ5I1E=
42,5,gDmuF51FJF6nrUneBnCvzkefqWM=,GZZK6DwGT0om4Jpn8b0QJtJ5I1E=
39,1,gDmuF51FJF6nrUneBnCvzkefqWM=,GZZK6DwGT0om4Jpn8b0QJtJ5I1E=
37,5,gDmuF51FJF6nrUneBnCvzkefqWM=,GZZK6DwGT0om4Jpn8b0QJtJ5I1E=
40,2,gDmuF51FJF6nrUneBnCvzkefqWM=,GZZK6DwGT0om4Jpn8b0QJtJ5I1E=
43,5,gDmuF51FJF6nrUneBnCvzkefqWM=,GZZK6DwGT0om4Jpn8b0QJtJ5I1E=
40,1,gDmuF51FJF6nrUneBnCvzkefqWM=,GZZK6DwGT0om4Jpn8b0QJtJ5I1E=
33,5,gDmuF51FJF6nrUneBnCvzkefqWM=,GZZK6DwGT0om4Jpn8b0QJtJ5I1E=
39,0,gDmuF51FJF6nrUneBnCvzkefqWM=,GZZK6DwGT0om4Jpn8b0QJtJ5I1E=
43,4,gDmuF51FJF6nrUneBnCvzkefqWM=,GZZK6DwGT0om4Jpn8b0QJtJ5I1E=
43,19,gDmuF51FJF6nrUneBnCvzkefqWM=,sRqOxJojzyuUFaP/0USOli9DSxE=
42,19,gDmuF51FJF6nrUneBnCvzkefqWM=,sRqOxJojzyuUFaP/0USOli9DSxE=
37,16,gDmuF51FJF6nrUneBnCvzkefqWM=,sRqOxJojzyuUFaP/0USOli9DSxE=
35,16,gDmuF51FJF6nrUneBnCvzkefqWM=,sRqOxJojzyuUFaP/0USOli9DSxE=
39,31,gDmuF51FJF6nrUneBnCvzkefqWM=,sRqOxJojzyuUFaP/0USOli9DSxE=
33,16,gDmuF51FJF6nrUneBnCvzkefqWM=,sRqOxJojzyuUFaP/0USOli9DSxE=
37,31,gDmuF51FJF6nrUneBnCvzkefqWM=,sRqOxJojzyuUFaP/0USOli9DSxE=
38,31,gDmuF51FJF6nrUneBnCvzkefqWM=,sRqOxJojzyuUFaP/0USOli9DSxE=
36,17,gDmuF51FJF6nrUneBnCvzkefqWM=,sRqOxJojzyuUFaP/0USOli9DSxE=
36,31,gDmuF51FJF6nrUneBnCvzkefqWM=,sRqOxJojzyuUFaP/0USOli9DSxE=
47,31,gDmuF51FJF6nrUneBnCvzkefqWM=,sRqOxJojzyuUFaP/0USOli9DSxE=
44,19,gDmuF51FJF6nrUneBnCvzkefqWM=,sRqOxJojzyuUFaP/0USOli9DSxE=
35,31,gDmuF51FJF6nrUneBnCvzkefqWM=,sRqOxJojzyuUFaP/0USOli9DSxE=
45,31,gDmuF51FJF6nrUneBnCvzkefqWM=,sRqOxJojzyuUFaP/0USOli9DSxE=
44,31,gDmuF51FJF6nrUneBnCvzkefqWM=,sRqOxJojzyuUFaP/0USOli9DSxE=
43,31,gDmuF51FJF6nrUneBnCvzkefqWM=,sRqOxJojzyuUFaP/0USOli9DSxE=
42,31,gDmuF51FJF6nrUneBnCvzkefqWM=,sRqOxJojzyuUFaP/0USOli9DSxE=
46,31,gDmuF51FJF6nrUneBnCvzkefqWM=,sRqOxJojzyuUFaP/0USOli9DSxE=
34,31,gDmuF51FJF6nrUneBnCvzkefqWM=,sRqOxJojzyuUFaP/0USOli9DSxE=
36,16,gDmuF51FJF6nrUneBnCvzkefqWM=,sRqOxJojzyuUFaP/0USOli9DSxE=
33,31,gDmuF51FJF6nrUneBnCvzkefqWM=,sRqOxJojzyuUFaP/0USOli9DSxE=
32,31,gDmuF51FJF6nrUneBnCvzkefqWM=,sRqOxJojzyuUFaP/0USOli9DSxE=
40,31,gDmuF51FJF6nrUneBnCvzkefqWM=,sRqOxJojzyuUFaP/0USOli9DSxE=
41,31,gDmuF51FJF6nrUneBnCvzkefqWM=,sRqOxJojzyuUFaP/0USOli9DSxE=
47,30,gDmuF51FJF6nrUneBnCvzkefqWM=,sRqOxJojzyuUFaP/0USOli9DSxE=
45,19,gDmuF51FJF6nrUneBnCvzkefqWM=,sRqOxJojzyuUFaP/0USOli9DSxE=
35,18,gDmuF51FJF6nrUneBnCvzkefqWM=,sRqOxJojzyuUFaP/0USOli9DSxE=
46,30,gDmuF51FJF6nrUneBnCvzkefqWM=,sRqOxJojzyuUFaP/0USOli9DSxE=
44,30,gDmuF51FJF6nrUneBnCvzkefqWM=,sRqOxJojzyuUFaP/0USOli9DSxE=
45,30,gDmuF51FJF6nrUneBnCvzkefqWM=,sRqOxJojzyuUFaP/0USOli9DSxE=
42,30,gDmuF51FJF6nrUneBnCvzkefqWM=,sRqOxJojzyuUFaP/0USOli9DSxE=
43,30,gDmuF51FJF6nrUneBnCvzkefqWM=,sRqOxJojzyuUFaP/0USOli9DSxE=
46,19,gDmuF51FJF6nrUneBnCvzkefqWM=,sRqOxJojzyuUFaP/0USOli9DSxE=
41,30,gDmuF51FJF6nrUneBnCvzkefqWM=,sRqOxJojzyuUFaP/0USOli9DSxE=
39,30,gDmuF51FJF6nrUneBnCvzkefqWM=,sRqOxJojzyuUFaP/0USOli9DSxE=
38,30,gDmuF51FJF6nrUneBnCvzkefqWM=,sRqOxJojzyuUFaP/0USOli9DSxE=
40,30,gDmuF51FJF6nrUneBnCvzkefqWM=,sRqOxJojzyuUFaP/0USOli9DSxE=
34,30,gDmuF51FJF6nrUneBnCvzkefqWM=,sRqOxJojzyuUFaP/0USOli9DSxE=
37,30,gDmuF51FJF6nrUneBnCvzkefqWM=,sRqOxJojzyuUFaP/0USOli9DSxE=
35,17,gDmuF51FJF6nrUneBnCvzkefqWM=,sRqOxJojzyuUFaP/0USOli9DSxE=
35,30,gDmuF51FJF6nrUneBnCvzkefqWM=,sRqOxJojzyuUFaP/0USOli9DSxE=
47,29,gDmuF51FJF6nrUneBnCvzkefqWM=,sRqOxJojzyuUFaP/0USOli9DSxE=
46,29,gDmuF51FJF6nrUneBnCvzkefqWM=,sRqOxJojzyuUFaP/0USOli9DSxE=
47,19,gDmuF51FJF6nrUneBnCvzkefqWM=,sRqOxJojzyuUFaP/0USOli9DSxE=
36,30,gDmuF51FJF6nrUneBnCvzkefqWM=,sRqOxJojzyuUFaP/0USOli9DSxE=
39,29,gDmuF51FJF6nrUneBnCvzkefqWM=,sRqOxJojzyuUFaP/0USOli9DSxE=
45,29,gDmuF51FJF6nrUneBnCvzkefqWM=,sRqOxJojzyuUFaP/0USOli9DSxE=
33,30,gDmuF51FJF6nrUneBnCvzkefqWM=,sRqOxJojzyuUFaP/0USOli9DSxE=
37,29,gDmuF51FJF6nrUneBnCvzkefqWM=,sRqOxJojzyuUFaP/0USOli9DSxE=
41,29,gDmuF51FJF6nrUneBnCvzkefqWM=,sRqOxJojzyuUFaP/0USOli9DSxE=
36,29,gDmuF51FJF6nrUneBnCvzkefqWM=,sRqOxJojzyuUFaP/0USOli9DSxE=
32,30,gDmuF51FJF6nrUneBnCvzkefqWM=,sRqOxJojzyuUFaP/0USOli9DSxE=
40,29,gDmuF51FJF6nrUneBnCvzkefqWM=,sRqOxJojzyuUFaP/0USOli9DSxE=
43,29,gDmuF51FJF6nrUneBnCvzkefqWM=,sRqOxJojzyuUFaP/0USOli9DSxE=
42,29,gDmuF51FJF6nrUneBnCvzkefqWM=,sRqOxJojzyuUFaP/0USOli9DSxE=
44,29,gDmuF51FJF6nrUneBnCvzkefqWM=,sRqOxJojzyuUFaP/0USOli9DSxE=
34,29,gDmuF51FJF6nrUneBnCvzkefqWM=,sRqOxJojzyuUFaP/0USOli9DSxE=
35,29,gDmuF51FJF6nrUneBnCvzkefqWM=,sRqOxJojzyuUFaP/0USOli9DSxE=
38,29,gDmuF51FJF6nrUneBnCvzkefqWM=,sRqOxJojzyuUFaP/0USOli9DSxE=
32,29,gDmuF51FJF6nrUneBnCvzkefqWM=,sRqOxJojzyuUFaP/0USOli9DSxE=
33,29,gDmuF51FJF6nrUneBnCvzkefqWM=,sRqOxJojzyuUFaP/0USOli9DSxE=
47,28,gDmuF51FJF6nrUneBnCvzkefqWM=,sRqOxJojzyuUFaP/0USOli9DSxE=
42,28,gDmuF51FJF6nrUneBnCvzkefqWM=,sRqOxJojzyuUFaP/0USOli9DSxE=
45,28,gDmuF51FJF6nrUneBnCvzkefqWM=,sRqOxJojzyuUFaP/0USOli9DSxE=
46,28,gDmuF51FJF6nrUneBnCvzkefqWM=,sRqOxJojzyuUFaP/0USOli9DSxE=
43,28,gDmuF51FJF6nrUneBnCvzkefqWM=,sRqOxJojzyuUFaP/0USOli9DSxE=
44,28,gDmuF51FJF6nrUneBnCvzkefqWM=,sRqOxJojzyuUFaP/0USOli9DSxE=
39,28,gDmuF51FJF6nrUneBnCvzkefqWM=,sRqOxJojzyuUFaP/0USOli9DSxE=
38,28,gDmuF51FJF6nrUneBnCvzkefqWM=,sRqOxJojzyuUFaP/0USOli9DSxE=
41,28,gDmuF51FJF6nrUneBnCvzkefqWM=,sRqOxJojzyuUFaP/0USOli9DSxE=
40,28,gDmuF51FJF6nrUneBnCvzkefqWM=,sRqOxJojzyuUFaP/0USOli9DSxE=
37,28,gDmuF51FJF6nrUneBnCvzkefqWM=,sRqOxJojzyuUFaP/0USOli9DSxE=
36,28,gDmuF51FJF6nrUneBnCvzkefqWM=,sRqOxJojzyuUFaP/0USOli9DSxE=
33,28,gDmuF51FJF6nrUneBnCvzkefqWM=,sRqOxJojzyuUFaP/0USOli9DSxE=
32,28,gDmuF51FJF6nrUneBnCvzkefqWM=,sRqOxJojzyuUFaP/0USOli9DSxE=
35,28,gDmuF51FJF6nrUneBnCvzkefqWM=,sRqOxJojzyuUFaP/0USOli9DSxE=
47,16,gDmuF51FJF6nrUneBnCvzkefqWM=,sRqOxJojzyuUFaP/0USOli9DSxE=
46,16,gDmuF51FJF6nrUneBnCvzkefqWM=,sRqOxJojzyuUFaP/0USOli9DSxE=
34,28,gDmuF51FJF6nrUneBnCvzkefqWM=,sRqOxJojzyuUFaP/0USOli9DSxE=
47,18,gDmuF51FJF6nrUneBnCvzkefqWM=,sRqOxJojzyuUFaP/0USOli9DSxE=
47,17,gDmuF51FJF6nrUneBnCvzkefqWM=,sRqOxJojzyuUFaP/0USOli9DSxE=
46,17,gDmuF51FJF6nrUneBnCvzkefqWM=,sRqOxJojzyuUFaP/0USOli9DSxE=
34,16,gDmuF51FJF6nrUneBnCvzkefqWM=,sRqOxJojzyuUFaP/0USOli9DSxE=
47,27,gDmuF51FJF6nrUneBnCvzkefqWM=,sRqOxJojzyuUFaP/0USOli9DSxE=
46,27,gDmuF51FJF6nrUneBnCvzkefqWM=,sRqOxJojzyuUFaP/0USOli9DSxE=
45,27,gDmuF51FJF6nrUneBnCvzkefqWM=,sRqOxJojzyuUFaP/0USOli9DSxE=
41,27,gDmuF51FJF6nrUneBnCvzkefqWM=,sRqOxJojzyuUFaP/0USOli9DSxE=
43,27,gDmuF51FJF6nrUneBnCvzkefqWM=,sRqOxJojzyuUFaP/0USOli9DSxE=
44,27,gDmuF51FJF6nrUneBnCvzkefqWM=,sRqOxJojzyuUFaP/0USOli9DSxE=
42,27,gDmuF51FJF6nrUneBnCvzkefqWM=,sRqOxJojzyuUFaP/0USOli9DSxE=
40,27,gDmuF51FJF6nrUneBnCvzkefqWM=,sRqOxJojzyuUFaP/0USOli9DSxE=
39,27,gDmuF51FJF6nrUneBnCvzkefqWM=,sRqOxJojzyuUFaP/0USOli9DSxE=
36,27,gDmuF51FJF6nrUneBnCvzkefqWM=,sRqOxJojzyuUFaP/0USOli9DSxE=
35,27,gDmuF51FJF6nrUneBnCvzkefqWM=,sRqOxJojzyuUFaP/0USOli9DSxE=
34,27,gDmuF51FJF6nrUneBnCvzkefqWM=,sRqOxJojzyuUFaP/0USOli9DSxE=
46,18,gDmuF51FJF6nrUneBnCvzkefqWM=,sRqOxJojzyuUFaP/0USOli9DSxE=
33,27,gDmuF51FJF6nrUneBnCvzkefqWM=,sRqOxJojzyuUFaP/0USOli9DSxE=
45,16,gDmuF51FJF6nrUneBnCvzkefqWM=,sRqOxJojzyuUFaP/0USOli9DSxE=
45,17,gDmuF51FJF6nrUneBnCvzkefqWM=,sRqOxJojzyuUFaP/0USOli9DSxE=
47,26,gDmuF51FJF6nrUneBnCvzkefqWM=,sRqOxJojzyuUFaP/0USOli9DSxE=
46,26,gDmuF51FJF6nrUneBnCvzkefqWM=,sRqOxJojzyuUFaP/0USOli9DSxE=
45,26,gDmuF51FJF6nrUneBnCvzkefqWM=,sRqOxJojzyuUFaP/0USOli9DSxE=
44,26,gDmuF51FJF6nrUneBnCvzkefqWM=,sRqOxJojzyuUFaP/0USOli9DSxE=
32,27,gDmuF51FJF6nrUneBnCvzkefqWM=,sRqOxJojzyuUFaP/0USOli9DSxE=
42,26,gDmuF51FJF6nrUneBnCvzkefqWM=,sRqOxJojzyuUFaP/0USOli9DSxE=
41,26,2jNkUfig0X9OhCYz3hy1SIatmWU=,sRqOxJojzyuUFaP/0USOli9DSxE=
40,26,2jNkUfig0X9OhCYz3hy1SIatmWU=,sRqOxJojzyuUFaP/0USOli9DSxE=
43,26,2jNkUfig0X9OhCYz3hy1SIatmWU=,sRqOxJojzyuUFaP/0USOli9DSxE=
35,26,2jNkUfig0X9OhCYz3hy1SIatmWU=,sRqOxJojzyuUFaP/0USOli9DSxE=
34,26,2jNkUfig0X9OhCYz3hy1SIatmWU=,sRqOxJojzyuUFaP/0USOli9DSxE=
33,26,2jNkUfig0X9OhCYz3hy1SIatmWU=,sRqOxJojzyuUFaP/0USOli9DSxE=
44,16,2jNkUfig0X9OhCYz3hy1SIatmWU=,sRqOxJojzyuUFaP/0USOli9DSxE=
45,18,2jNkUfig0X9OhCYz3hy1SIatmWU=,sRqOxJojzyuUFaP/0USOli9DSxE=
32,26,2jNkUfig0X9OhCYz3hy1SIatmWU=,sRqOxJojzyuUFaP/0USOli9DSxE=
44,17,2jNkUfig0X9OhCYz3hy1SIatmWU=,sRqOxJojzyuUFaP/0USOli9DSxE=
47,25,2jNkUfig0X9OhCYz3hy1SIatmWU=,sRqOxJojzyuUFaP/0USOli9DSxE=
46,25,2jNkUfig0X9OhCYz3hy1SIatmWU=,sRqOxJojzyuUFaP/0USOli9DSxE=
45,25,2jNkUfig0X9OhCYz3hy1SIatmWU=,sRqOxJojzyuUFaP/0USOli9DSxE=
35,19,2jNkUfig0X9OhCYz3hy1SIatmWU=,sRqOxJojzyuUFaP/0USOli9DSxE=
37,17,2jNkUfig0X9OhCYz3hy1SIatmWU=,sRqOxJojzyuUFaP/0USOli9DSxE=
43,25,2jNkUfig0X9OhCYz3hy1SIatmWU=,sRqOxJojzyuUFaP/0USOli9DSxE=
42,25,2jNkUfig0X9OhCYz3hy1SIatmWU=,sRqOxJojzyuUFaP/0USOli9DSxE=
39,19,2jNkUfig0X9OhCYz3hy1SIatmWU=,sRqOxJojzyuUFaP/0USOli9DSxE=
37,18,2jNkUfig0X9OhCYz3hy1SIatmWU=,sRqOxJojzyuUFaP/0USOli9DSxE=
34,17,2jNkUfig0X9OhCYz3hy1SIatmWU=,sRqOxJojzyuUFaP/0USOli9DSxE=
34,18,2jNkUfig0X9OhCYz3hy1SIatmWU=,sRqOxJojzyuUFaP/0USOli9DSxE=
44,25,2jNkUfig0X9OhCYz3hy1SIatmWU=,sRqOxJojzyuUFaP/0USOli9DSxE=
41,25,2jNkUfig0X9OhCYz3hy1SIatmWU=,sRqOxJojzyuUFaP/0USOli9DSxE=
38,17,2jNkUfig0X9OhCYz3hy1SIatmWU=,sRqOxJojzyuUFaP/0USOli9DSxE=
36,19,2jNkUfig0X9OhCYz3hy1SIatmWU=,sRqOxJojzyuUFaP/0USOli9DSxE=
38,27,2jNkUfig0X9OhCYz3hy1SIatmWU=,sRqOxJojzyuUFaP/0USOli9DSxE=
41,19,2jNkUfig0X9OhCYz3hy1SIatmWU=,sRqOxJojzyuUFaP/0USOli9DSxE=
35,25,2jNkUfig0X9OhCYz3hy1SIatmWU=,sRqOxJojzyuUFaP/0USOli9DSxE=
34,19,2jNkUfig0X9OhCYz3hy1SIatmWU=,sRqOxJojzyuUFaP/0USOli9DSxE=
43,16,2jNkUfig0X9OhCYz3hy1SIatmWU=,sRqOxJojzyuUFaP/0USOli9DSxE=
44,18,2jNkUfig0X9OhCYz3hy1SIatmWU=,sRqOxJojzyuUFaP/0USOli9DSxE=
38,18,2jNkUfig0X9OhCYz3hy1SIatmWU=,sRqOxJojzyuUFaP/0USOli9DSxE=
43,17,2jNkUfig0X9OhCYz3hy1SIatmWU=,sRqOxJojzyuUFaP/0USOli9DSxE=
38,26,2jNkUfig0X9OhCYz3hy1SIatmWU=,sRqOxJojzyuUFaP/0USOli9DSxE=
32,25,2jNkUfig0X9OhCYz3hy1SIatmWU=,sRqOxJojzyuUFaP/0USOli9DSxE=
37,19,2jNkUfig0X9OhCYz3hy1SIatmWU=,sRqOxJojzyuUFaP/0USOli9DSxE=
46,24,2jNkUfig0X9OhCYz3hy1SIatmWU=,sRqOxJojzyuUFaP/0USOli9DSxE=
44,24,2jNkUfig0X9OhCYz3hy1SIatmWU=,sRqOxJojzyuUFaP/0USOli9DSxE=
36,18,2jNkUfig0X9OhCYz3hy1SIatmWU=,sRqOxJojzyuUFaP/0USOli9DSxE=
40,19,2jNkUfig0X9OhCYz3hy1SIatmWU=,sRqOxJojzyuUFaP/0USOli9DSxE=
43,24,2jNkUfig0X9OhCYz3hy1SIatmWU=,sRqOxJojzyuUFaP/0USOli9DSxE=
47,24,2jNkUfig0X9OhCYz3hy1SIatmWU=,sRqOxJojzyuUFaP/0USOli9DSxE=
38,19,2jNkUfig0X9OhCYz3hy1SIatmWU=,sRqOxJojzyuUFaP/0USOli9DSxE=
45,24,2jNkUfig0X9OhCYz3hy1SIatmWU=,sRqOxJojzyuUFaP/0USOli9DSxE=
42,24,2jNkUfig0X9OhCYz3hy1SIatmWU=,sRqOxJojzyuUFaP/0USOli9DSxE=
34,24,2jNkUfig0X9OhCYz3hy1SIatmWU=,sRqOxJojzyuUFaP/0USOli9DSxE=
33,19,2jNkUfig0X9OhCYz3hy1SIatmWU=,sRqOxJojzyuUFaP/0USOli9DSxE=
34,25,2jNkUfig0X9OhCYz3hy1SIatmWU=,sRqOxJojzyuUFaP/0USOli9DSxE=
33,18,2jNkUfig0X9OhCYz3hy1SIatmWU=,sRqOxJojzyuUFaP/0USOli9DSxE=
33,24,2jNkUfig0X9OhCYz3hy1SIatmWU=,sRqOxJojzyuUFaP/0USOli9DSxE=
35,24,2jNkUfig0X9OhCYz3hy1SIatmWU=,sRqOxJojzyuUFaP/0USOli9DSxE=
33,25,2jNkUfig0X9OhCYz3hy1SIatmWU=,sRqOxJojzyuUFaP/0USOli9DSxE=
47,23,2jNkUfig0X9OhCYz3hy1SIatmWU=,sRqOxJojzyuUFaP/0USOli9DSxE=
43,18,2jNkUfig0X9OhCYz3hy1SIatmWU=,sRqOxJojzyuUFaP/0USOli9DSxE=
46,23,2jNkUfig0X9OhCYz3hy1SIatmWU=,sRqOxJojzyuUFaP/0USOli9DSxE=
45,23,2jNkUfig0X9OhCYz3hy1SIatmWU=,sRqOxJojzyuUFaP/0USOli9DSxE=
32,17,2jNkUfig0X9OhCYz3hy1SIatmWU=,sRqOxJojzyuUFaP/0USOli9DSxE=
43,23,2jNkUfig0X9OhCYz3hy1SIatmWU=,sRqOxJojzyuUFaP/0USOli9DSxE=
32,24,2jNkUfig0X9OhCYz3hy1SIatmWU=,sRqOxJojzyuUFaP/0USOli9DSxE=
42,23,2jNkUfig0X9OhCYz3hy1SIatmWU=,sRqOxJojzyuUFaP/0USOli9DSxE=
37,27,2jNkUfig0X9OhCYz3hy1SIatmWU=,sRqOxJojzyuUFaP/0USOli9DSxE=
44,23,2jNkUfig0X9OhCYz3hy1SIatmWU=,sRqOxJojzyuUFaP/0USOli9DSxE=
39,26,2jNkUfig0X9OhCYz3hy1SIatmWU=,sRqOxJojzyuUFaP/0USOli9DSxE=
34,23,2jNkUfig0X9OhCYz3hy1SIatmWU=,sRqOxJojzyuUFaP/0USOli9DSxE=
33,17,2jNkUfig0X9OhCYz3hy1SIatmWU=,sRqOxJojzyuUFaP/0USOli9DSxE=
32,18,2jNkUfig0X9OhCYz3hy1SIatmWU=,sRqOxJojzyuUFaP/0USOli9DSxE=
42,18,2jNkUfig0X9OhCYz3hy1SIatmWU=,sRqOxJojzyuUFaP/0USOli9DSxE=
33,23,2jNkUfig0X9OhCYz3hy1SIatmWU=,sRqOxJojzyuUFaP/0USOli9DSxE=
32,23,2jNkUfig0X9OhCYz3hy1SIatmWU=,sRqOxJojzyuUFaP/0USOli9DSxE=
32,19,2jNkUfig0X9OhCYz3hy1SIatmWU=,sRqOxJojzyuUFaP/0USOli9DSxE=
46,22,2jNkUfig0X9OhCYz3hy1SIatmWU=,sRqOxJojzyuUFaP/0USOli9DSxE=
37,26,2jNkUfig0X9OhCYz3hy1SIatmWU=,sRqOxJojzyuUFaP/0USOli9DSxE=
45,22,2jNkUfig0X9OhCYz3hy1SIatmWU=,sRqOxJojzyuUFaP/0USOli9DSxE=
44,22,2jNkUfig0X9OhCYz3hy1SIatmWU=,sRqOxJojzyuUFaP/0USOli9DSxE=
43,22,2jNkUfig0X9OhCYz3hy1SIatmWU=,sRqOxJojzyuUFaP/0USOli9DSxE=
42,22,2jNkUfig0X9OhCYz3hy1SIatmWU=,sRqOxJojzyuUFaP/0USOli9DSxE=
41,22,2jNkUfig0X9OhCYz3hy1SIatmWU=,sRqOxJojzyuUFaP/0USOli9DSxE=
36,25,2jNkUfig0X9OhCYz3hy1SIatmWU=,sRqOxJojzyuUFaP/0USOli9DSxE=
47,22,2jNkUfig0X9OhCYz3hy1SIatmWU=,sRqOxJojzyuUFaP/0USOli9DSxE=
36,26,2jNkUfig0X9OhCYz3hy1SIatmWU=,sRqOxJojzyuUFaP/0USOli9DSxE=
41,24,2jNkUfig0X9OhCYz3hy1SIatmWU=,sRqOxJojzyuUFaP/0USOli9DSxE=
42,17,2jNkUfig0X9OhCYz3hy1SIatmWU=,sRqOxJojzyuUFaP/0USOli9DSxE=
33,22,2jNkUfig0X9OhCYz3hy1SIatmWU=,sRqOxJojzyuUFaP/0USOli9DSxE=
42,16,2jNkUfig0X9OhCYz3hy1SIatmWU=,sRqOxJojzyuUFaP/0USOli9DSxE=
37,25,2jNkUfig0X9OhCYz3hy1SIatmWU=,sRqOxJojzyuUFaP/0USOli9DSxE=
36,24,2jNkUfig0X9OhCYz3hy1SIatmWU=,sRqOxJojzyuUFaP/0USOli9DSxE=
39,25,2jNkUfig0X9OhCYz3hy1SIatmWU=,sRqOxJojzyuUFaP/0USOli9DSxE=
32,20,2jNkUfig0X9OhCYz3hy1SIatmWU=,sRqOxJojzyuUFaP/0USOli9DSxE=
40,25,2jNkUfig0X9OhCYz3hy1SIatmWU=,sRqOxJojzyuUFaP/0USOli9DSxE=
40,23,2jNkUfig0X9OhCYz3hy1SIatmWU=,sRqOxJojzyuUFaP/0USOli9DSxE=
41,16,2jNkUfig0X9OhCYz3hy1SIatmWU=,sRqOxJojzyuUFaP/0USOli9DSxE=
46,21,2jNkUfig0X9OhCYz3hy1SIatmWU=,sRqOxJojzyuUFaP/0USOli9DSxE=
38,16,2jNkUfig0X9OhCYz3hy1SIatmWU=,sRqOxJojzyuUFaP/0USOli9DSxE=
45,21,2jNkUfig0X9OhCYz3hy1SIatmWU=,sRqOxJojzyuUFaP/0USOli9DSxE=
35,23,2jNkUfig0X9OhCYz3hy1SIatmWU=,sRqOxJojzyuUFaP/0USOli9DSxE=
38,25,2jNkUfig0X9OhCYz3hy1SIatmWU=,sRqOxJojzyuUFaP/0USOli9DSxE=
47,21,2jNkUfig0X9OhCYz3hy1SIatmWU=,sRqOxJojzyuUFaP/0USOli9DSxE=
44,21,2jNkUfig0X9OhCYz3hy1SIatmWU=,sRqOxJojzyuUFaP/0USOli9DSxE=
41,21,2jNkUfig0X9OhCYz3hy1SIatmWU=,sRqOxJojzyuUFaP/0USOli9DSxE=
43,21,2jNkUfig0X9OhCYz3hy1SIatmWU=,sRqOxJojzyuUFaP/0USOli9DSxE=
42,21,2jNkUfig0X9OhCYz3hy1SIatmWU=,sRqOxJojzyuUFaP/0USOli9DSxE=
41,23,2jNkUfig0X9OhCYz3hy1SIatmWU=,sRqOxJojzyuUFaP/0USOli9DSxE=
40,22,2jNkUfig0X9OhCYz3hy1SIatmWU=,sRqOxJojzyuUFaP/0USOli9DSxE=
39,24,2jNkUfig0X9OhCYz3hy1SIatmWU=,sRqOxJojzyuUFaP/0USOli9DSxE=
37,24,2jNkUfig0X9OhCYz3hy1SIatmWU=,sRqOxJojzyuUFaP/0USOli9DSxE=
38,24,2jNkUfig0X9OhCYz3hy1SIatmWU=,sRqOxJojzyuUFaP/0USOli9DSxE=
33,21,2jNkUfig0X9OhCYz3hy1SIatmWU=,sRqOxJojzyuUFaP/0USOli9DSxE=
36,23,2jNkUfig0X9OhCYz3hy1SIatmWU=,sRqOxJojzyuUFaP/0USOli9DSxE=
40,24,2jNkUfig0X9OhCYz3hy1SIatmWU=,sRqOxJojzyuUFaP/0USOli9DSxE=
37,23,2jNkUfig0X9OhCYz3hy1SIatmWU=,sRqOxJojzyuUFaP/0USOli9DSxE=
47,20,2jNkUfig0X9OhCYz3hy1SIatmWU=,sRqOxJojzyuUFaP/0USOli9DSxE=
46,20,2jNkUfig0X9OhCYz3hy1SIatmWU=,sRqOxJojzyuUFaP/0USOli9DSxE=
45,20,2jNkUfig0X9OhCYz3hy1SIatmWU=,sRqOxJojzyuUFaP/0USOli9DSxE=
44,20,2jNkUfig0X9OhCYz3hy1SIatmWU=,sRqOxJojzyuUFaP/0USOli9DSxE=
43,20,2jNkUfig0X9OhCYz3hy1SIatmWU=,sRqOxJojzyuUFaP/0USOli9DSxE=
42,20,2jNkUfig0X9OhCYz3hy1SIatmWU=,sRqOxJojzyuUFaP/0USOli9DSxE=
32,16,2jNkUfig0X9OhCYz3hy1SIatmWU=,sRqOxJojzyuUFaP/0USOli9DSxE=
41,20,2jNkUfig0X9OhCYz3hy1SIatmWU=,sRqOxJojzyuUFaP/0USOli9DSxE=
38,22,2jNkUfig0X9OhCYz3hy1SIatmWU=,sRqOxJojzyuUFaP/0USOli9DSxE=
39,22,2jNkUfig0X9OhCYz3hy1SIatmWU=,sRqOxJojzyuUFaP/0USOli9DSxE=
38,23,2jNkUfig0X9OhCYz3hy1SIatmWU=,sRqOxJojzyuUFaP/0USOli9DSxE=
39,23,2jNkUfig0X9OhCYz3hy1SIatmWU=,sRqOxJojzyuUFaP/0USOli9DSxE=
37,22,2jNkUfig0X9OhCYz3hy1SIatmWU=,sRqOxJojzyuUFaP/0USOli9DSxE=
39,21,2jNkUfig0X9OhCYz3hy1SIatmWU=,sRqOxJojzyuUFaP/0USOli9DSxE=
41,17,2jNkUfig0X9OhCYz3hy1SIatmWU=,sRqOxJojzyuUFaP/0USOli9DSxE=
34,22,2jNkUfig0X9OhCYz3hy1SIatmWU=,sRqOxJojzyuUFaP/0USOli9DSxE=
41,18,2jNkUfig0X9OhCYz3hy1SIatmWU=,sRqOxJojzyuUFaP/0USOli9DSxE=
35,22,2jNkUfig0X9OhCYz3hy1SIatmWU=,sRqOxJojzyuUFaP/0USOli9DSxE=
38,21,2jNkUfig0X9OhCYz3hy1SIatmWU=,sRqOxJojzyuUFaP/0USOli9DSxE=
32,22,2jNkUfig0X9OhCYz3hy1SIatmWU=,sRqOxJojzyuUFaP/0USOli9DSxE=
36,22,2jNkUfig0X9OhCYz3hy1SIatmWU=,sRqOxJojzyuUFaP/0USOli9DSxE=
40,21,2jNkUfig0X9OhCYz3hy1SIatmWU=,sRqOxJojzyuUFaP/0USOli9DSxE=
37,21,2jNkUfig0X9OhCYz3hy1SIatmWU=,sRqOxJojzyuUFaP/0USOli9DSxE=
36,21,2jNkUfig0X9OhCYz3hy1SIatmWU=,sRqOxJojzyuUFaP/0USOli9DSxE=
40,16,2jNkUfig0X9OhCYz3hy1SIatmWU=,sRqOxJojzyuUFaP/0USOli9DSxE=
40,17,2jNkUfig0X9OhCYz3hy1SIatmWU=,sRqOxJojzyuUFaP/0USOli9DSxE=
39,20,2jNkUfig0X9OhCYz3hy1SIatmWU=,sRqOxJojzyuUFaP/0USOli9DSxE=
39,18,2jNkUfig0X9OhCYz3hy1SIatmWU=,sRqOxJojzyuUFaP/0USOli9DSxE=
39,16,2jNkUfig0X9OhCYz3hy1SIatmWU=,sRqOxJojzyuUFaP/0USOli9DSxE=
40,18,2jNkUfig0X9OhCYz3hy1SIatmWU=,sRqOxJojzyuUFaP/0USOli9DSxE=
32,21,2jNkUfig0X9OhCYz3hy1SIatmWU=,sRqOxJojzyuUFaP/0USOli9DSxE=
34,21,2jNkUfig0X9OhCYz3hy1SIatmWU=,sRqOxJojzyuUFaP/0USOli9DSxE=
35,21,2jNkUfig0X9OhCYz3hy1SIatmWU=,sRqOxJojzyuUFaP/0USOli9DSxE=
39,17,2jNkUfig0X9OhCYz3hy1SIatmWU=,sRqOxJojzyuUFaP/0USOli9DSxE=
38,20,2jNkUfig0X9OhCYz3hy1SIatmWU=,sRqOxJojzyuUFaP/0USOli9DSxE=
40,20,2jNkUfig0X9OhCYz3hy1SIatmWU=,sRqOxJojzyuUFaP/0USOli9DSxE=
37,20,2jNkUfig0X9OhCYz3hy1SIatmWU=,sRqOxJojzyuUFaP/0USOli9DSxE=
33,20,2jNkUfig0X9OhCYz3hy1SIatmWU=,sRqOxJojzyuUFaP/0USOli9DSxE=
34,20,2jNkUfig0X9OhCYz3hy1SIatmWU=,sRqOxJojzyuUFaP/0USOli9DSxE=
35,20,2jNkUfig0X9OhCYz3hy1SIatmWU=,sRqOxJojzyuUFaP/0USOli9DSxE=
36,20,2jNkUfig0X9OhCYz3hy1SIatmWU=,sRqOxJojzyuUFaP/0USOli9DSxE=
49,31,8Vz0mrlSMpcAp7xpH4n9QtS9chI=,U2TDUD4xQXb32ZXNys9wBGhPZ4Y=
49,19,8Vz0mrlSMpcAp7xpH4n9QtS9chI=,U2TDUD4xQXb32ZXNys9wBGhPZ4Y=
48,31,8Vz0mrlSMpcAp7xpH4n9QtS9chI=,U2TDUD4xQXb32ZXNys9wBGhPZ4Y=
49,30,8Vz0mrlSMpcAp7xpH4n9QtS9chI=,U2TDUD4xQXb32ZXNys9wBGhPZ4Y=
48,30,8Vz0mrlSMpcAp7xpH4n9QtS9chI=,U2TDUD4xQXb32ZXNys9wBGhPZ4Y=
63,31,8Vz0mrlSMpcAp7xpH4n9QtS9chI=,U2TDUD4xQXb32ZXNys9wBGhPZ4Y=
61,31,8Vz0mrlSMpcAp7xpH4n9QtS9chI=,U2TDUD4xQXb32ZXNys9wBGhPZ4Y=
60,31,8Vz0mrlSMpcAp7xpH4n9QtS9chI=,U2TDUD4xQXb32ZXNys9wBGhPZ4Y=
63,29,8Vz0mrlSMpcAp7xpH4n9QtS9chI=,U2TDUD4xQXb32ZXNys9wBGhPZ4Y=
62,31,8Vz0mrlSMpcAp7xpH4n9QtS9chI=,U2TDUD4xQXb32ZXNys9wBGhPZ4Y=
61,30,8Vz0mrlSMpcAp7xpH4n9QtS9chI=,U2TDUD4xQXb32ZXNys9wBGhPZ4Y=
60,30,8Vz0mrlSMpcAp7xpH4n9QtS9chI=,U2TDUD4xQXb32ZXNys9wBGhPZ4Y=
63,30,8Vz0mrlSMpcAp7xpH4n9QtS9chI=,U2TDUD4xQXb32ZXNys9wBGhPZ4Y=
62,30,8Vz0mrlSMpcAp7xpH4n9QtS9chI=,U2TDUD4xQXb32ZXNys9wBGhPZ4Y=
61,29,8Vz0mrlSMpcAp7xpH4n9QtS9chI=,U2TDUD4xQXb32ZXNys9wBGhPZ4Y=
62,29,8Vz0mrlSMpcAp7xpH4n9QtS9chI=,U2TDUD4xQXb32ZXNys9wBGhPZ4Y=
60,29,8Vz0mrlSMpcAp7xpH4n9QtS9chI=,U2TDUD4xQXb32ZXNys9wBGhPZ4Y=
55,19,8Vz0mrlSMpcAp7xpH4n9QtS9chI=,U2TDUD4xQXb32ZXNys9wBGhPZ4Y=
59,29,8Vz0mrlSMpcAp7xpH4n9QtS9chI=,U2TDUD4xQXb32ZXNys9wBGhPZ4Y=
58,29,8Vz0mrlSMpcAp7xpH4n9QtS9chI=,U2TDUD4xQXb32ZXNys9wBGhPZ4Y=
54,19,8Vz0mrlSMpcAp7xpH4n9QtS9chI=,U2TDUD4xQXb32ZXNys9wBGhPZ4Y=
52,19,8Vz0mrlSMpcAp7xpH4n9QtS9chI=,U2TDUD4xQXb32ZXNys9wBGhPZ4Y=
56,29,8Vz0mrlSMpcAp7xpH4n9QtS9chI=,U2TDUD4xQXb32ZXNys9wBGhPZ4Y=
57,29,8Vz0mrlSMpcAp7xpH4n9QtS9chI=,U2TDUD4xQXb32ZXNys9wBGhPZ4Y=
55,29,8Vz0mrlSMpcAp7xpH4n9QtS9chI=,U2TDUD4xQXb32ZXNys9wBGhPZ4Y=
51,29,8Vz0mrlSMpcAp7xpH4n9QtS9chI=,U2TDUD4xQXb32ZXNys9wBGhPZ4Y=
54,18,8Vz0mrlSMpcAp7xpH4n9QtS9chI=,U2TDUD4xQXb32ZXNys9wBGhPZ4Y=
51,19,8Vz0mrlSMpcAp7xpH4n9QtS9chI=,U2TDUD4xQXb32ZXNys9wBGhPZ4Y=
53,29,8Vz0mrlSMpcAp7xpH4n9QtS9chI=,U2TDUD4xQXb32ZXNys9wBGhPZ4Y=
58,31,8Vz0mrlSMpcAp7xpH4n9QtS9chI=,U2TDUD4xQXb32ZXNys9wBGhPZ4Y=
54,29,8Vz0mrlSMpcAp7xpH4n9QtS9chI=,U2TDUD4xQXb32ZXNys9wBGhPZ4Y=
50,29,8Vz0mrlSMpcAp7xpH4n9QtS9chI=,U2TDUD4xQXb32ZXNys9wBGhPZ4Y=
52,29,8Vz0mrlSMpcAp7xpH4n9QtS9chI=,U2TDUD4xQXb32ZXNys9wBGhPZ4Y=
50,19,8Vz0mrlSMpcAp7xpH4n9QtS9chI=,U2TDUD4xQXb32ZXNys9wBGhPZ4Y=
55,30,8Vz0mrlSMpcAp7xpH4n9QtS9chI=,U2TDUD4xQXb32ZXNys9wBGhPZ4Y=
53,19,8Vz0mrlSMpcAp7xpH4n9QtS9chI=,U2TDUD4xQXb32ZXNys9wBGhPZ4Y=
51,30,8Vz0mrlSMpcAp7xpH4n9QtS9chI=,U2TDUD4xQXb32ZXNys9wBGhPZ4Y=
49,29,8Vz0mrlSMpcAp7xpH4n9QtS9chI=,U2TDUD4xQXb32ZXNys9wBGhPZ4Y=
50,18,8Vz0mrlSMpcAp7xpH4n9QtS9chI=,U2TDUD4xQXb32ZXNys9wBGhPZ4Y=
48,29,8Vz0mrlSMpcAp7xpH4n9QtS9chI=,U2TDUD4xQXb32ZXNys9wBGhPZ4Y=
49,18,8Vz0mrlSMpcAp7xpH4n9QtS9chI=,U2TDUD4xQXb32ZXNys9wBGhPZ4Y=
56,30,8Vz0mrlSMpcAp7xpH4n9QtS9chI=,U2TDUD4xQXb32ZXNys9wBGhPZ4Y=
59,31,8Vz0mrlSMpcAp7xpH4n9QtS9chI=,U2TDUD4xQXb32ZXNys9wBGhPZ4Y=
51,31,8Vz0mrlSMpcAp7xpH4n9QtS9chI=,U2TDUD4xQXb32ZXNys9wBGhPZ4Y=
55,31,8Vz0mrlSMpcAp7xpH4n9QtS9chI=,U2TDUD4xQXb32ZXNys9wBGhPZ4Y=
52,31,8Vz0mrlSMpcAp7xpH4n9QtS9chI=,U2TDUD4xQXb32ZXNys9wBGhPZ4Y=
63,28,8Vz0mrlSMpcAp7xpH4n9QtS9chI=,U2TDUD4xQXb32ZXNys9wBGhPZ4Y=
50,30,8Vz0mrlSMpcAp7xpH4n9QtS9chI=,U2TDUD4xQXb32ZXNys9wBGhPZ4Y=
60,28,8Vz0mrlSMpcAp7xpH4n9QtS9chI=,U2TDUD4xQXb32ZXNys9wBGhPZ4Y=
61,28,8Vz0mrlSMpcAp7xpH4n9QtS9chI=,U2TDUD4xQXb32ZXNys9wBGhPZ4Y=
57,30,8Vz0mrlSMpcAp7xpH4n9QtS9chI=,U2TDUD4xQXb32ZXNys9wBGhPZ4Y=
57,31,8Vz0mrlSMpcAp7xpH4n9QtS9chI=,U2TDUD4xQXb32ZXNys9wBGhPZ4Y=
52,30,8Vz0mrlSMpcAp7xpH4n9QtS9chI=,U2TDUD4xQXb32ZXNys9wBGhPZ4Y=
48,28,8Vz0mrlSMpcAp7xpH4n9QtS9chI=,U2TDUD4xQXb32ZXNys9wBGhPZ4Y=
62,28,8Vz0mrlSMpcAp7xpH4n9QtS9chI=,U2TDUD4xQXb32ZXNys9wBGhPZ4Y=
58,30,8Vz0mrlSMpcAp7xpH4n9QtS9chI=,U2TDUD4xQXb32ZXNys9wBGhPZ4Y=
54,30,8Vz0mrlSMpcAp7xpH4n9QtS9chI=,U2TDUD4xQXb32ZXNys9wBGhPZ4Y=
54,31,8Vz0mrlSMpcAp7xpH4n9QtS9chI=,U2TDUD4xQXb32ZXNys9wBGhPZ4Y=
50,31,8Vz0mrlSMpcAp7xpH4n9QtS9chI=,U2TDUD4xQXb32ZXNys9wBGhPZ4Y=
48,19,8Vz0mrlSMpcAp7xpH4n9QtS9chI=,U2TDUD4xQXb32ZXNys9wBGhPZ4Y=
48,17,8Vz0mrlSMpcAp7xpH4n9QtS9chI=,U2TDUD4xQXb32ZXNys9wBGhPZ4Y=
49,28,8Vz0mrlSMpcAp7xpH4n9QtS9chI=,U2TDUD4xQXb32ZXNys9wBGhPZ4Y=
59,30,8Vz0mrlSMpcAp7xpH4n9QtS9chI=,U2TDUD4xQXb32ZXNys9wBGhPZ4Y=
56,31,8Vz0mrlSMpcAp7xpH4n9QtS9chI=,U2TDUD4xQXb32ZXNys9wBGhPZ4Y=
53,30,8Vz0mrlSMpcAp7xpH4n9QtS9chI=,U2TDUD4xQXb32ZXNys9wBGhPZ4Y=
54,28,8Vz0mrlSMpcAp7xpH4n9QtS9chI=,U2TDUD4xQXb32ZXNys9wBGhPZ4Y=
53,28,8Vz0mrlSMpcAp7xpH4n9QtS9chI=,U2TDUD4xQXb32ZXNys9wBGhPZ4Y=
52,28,8Vz0mrlSMpcAp7xpH4n9QtS9chI=,U2TDUD4xQXb32ZXNys9wBGhPZ4Y=
53,31,8Vz0mrlSMpcAp7xpH4n9QtS9chI=,U2TDUD4xQXb32ZXNys9wBGhPZ4Y=
58,28,8Vz0mrlSMpcAp7xpH4n9QtS9chI=,U2TDUD4xQXb32ZXNys9wBGhPZ4Y=
55,28,8Vz0mrlSMpcAp7xpH4n9QtS9chI=,U2TDUD4xQXb32ZXNys9wBGhPZ4Y=
59,28,8Vz0mrlSMpcAp7xpH4n9QtS9chI=,U2TDUD4xQXb32ZXNys9wBGhPZ4Y=
57,28,8Vz0mrlSMpcAp7xpH4n9QtS9chI=,U2TDUD4xQXb32ZXNys9wBGhPZ4Y=
56,19,8Vz0mrlSMpcAp7xpH4n9QtS9chI=,U2TDUD4xQXb32ZXNys9wBGhPZ4Y=
50,28,8Vz0mrlSMpcAp7xpH4n9QtS9chI=,U2TDUD4xQXb32ZXNys9wBGhPZ4Y=
56,28,8Vz0mrlSMpcAp7xpH4n9QtS9chI=,U2TDUD4xQXb32ZXNys9wBGhPZ4Y=
51,28,8Vz0mrlSMpcAp7xpH4n9QtS9chI=,U2TDUD4xQXb32ZXNys9wBGhPZ4Y=
61,24,8Vz0mrlSMpcAp7xpH4n9QtS9chI=,U2TDUD4xQXb32ZXNys9wBGhPZ4Y=
57,19,8Vz0mrlSMpcAp7xpH4n9QtS9chI=,U2TDUD4xQXb32ZXNys9wBGhPZ4Y=
63,17,8Vz0mrlSMpcAp7xpH4n9QtS9chI=,U2TDUD4xQXb32ZXNys9wBGhPZ4Y=
48,18,8Vz0mrlSMpcAp7xpH4n9QtS9chI=,U2TDUD4xQXb32ZXNys9wBGhPZ4Y=
63,24,8Vz0mrlSMpcAp7xpH4n9QtS9chI=,U2TDUD4xQXb32ZXNys9wBGhPZ4Y=
61,27,8Vz0mrlSMpcAp7xpH4n9QtS9chI=,U2TDUD4xQXb32ZXNys9wBGhPZ4Y=
60,24,8Vz0mrlSMpcAp7xpH4n9QtS9chI=,U2TDUD4xQXb32ZXNys9wBGhPZ4Y=
62,16,8Vz0mrlSMpcAp7xpH4n9QtS9chI=,U2TDUD4xQXb32ZXNys9wBGhPZ4Y=
62,27,8Vz0mrlSMpcAp7xpH4n9QtS9chI=,U2TDUD4xQXb32ZXNys9wBGhPZ4Y=
60,27,8Vz0mrlSMpcAp7xpH4n9QtS9chI=,U2TDUD4xQXb32ZXNys9wBGhPZ4Y=
62,24,8Vz0mrlSMpcAp7xpH4n9QtS9chI=,U2TDUD4xQXb32ZXNys9wBGhPZ4Y=
59,27,8Vz0mrlSMpcAp7xpH4n9QtS9chI=,U2TDUD4xQXb32ZXNys9wBGhPZ4Y=
63,16,8Vz0mrlSMpcAp7xpH4n9QtS9chI=,U2TDUD4xQXb32ZXNys9wBGhPZ4Y=
63,27,8Vz0mrlSMpcAp7xpH4n9QtS9chI=,U2TDUD4xQXb32ZXNys9wBGhPZ4Y=
57,24,8Vz0mrlSMpcAp7xpH4n9QtS9chI=,U2TDUD4xQXb32ZXNys9wBGhPZ4Y=
58,27,8Vz0mrlSMpcAp7xpH4n9QtS9chI=,U2TDUD4xQXb32ZXNys9wBGhPZ4Y=
58,19,8Vz0mrlSMpcAp7xpH4n9QtS9chI=,U2TDUD4xQXb32ZXNys9wBGhPZ4Y=
63,18,8Vz0mrlSMpcAp7xpH4n9QtS9chI=,U2TDUD4xQXb32ZXNys9wBGhPZ4Y=
58,24,8Vz0mrlSMpcAp7xpH4n9QtS9chI=,U2TDUD4xQXb32ZXNys9wBGhPZ4Y=
56,27,8Vz0mrlSMpcAp7xpH4n9QtS9chI=,U2TDUD4xQXb32ZXNys9wBGhPZ4Y=
56,24,8Vz0mrlSMpcAp7xpH4n9QtS9chI=,U2TDUD4xQXb32ZXNys9wBGhPZ4Y=
57,27,8Vz0mrlSMpcAp7xpH4n9QtS9chI=,U2TDUD4xQXb32ZXNys9wBGhPZ4Y=
62,17,8Vz0mrlSMpcAp7xpH4n9QtS9chI=,U2TDUD4xQXb32ZXNys9wBGhPZ4Y=
48,27,8Vz0mrlSMpcAp7xpH4n9QtS9chI=,U2TDUD4xQXb32ZXNys9wBGhPZ4Y=
49,27,8Vz0mrlSMpcAp7xpH4n9QtS9chI=,U2TDUD4xQXb32ZXNys9wBGhPZ4Y=
63,26,8Vz0mrlSMpcAp7xpH4n9QtS9chI=,U2TDUD4xQXb32ZXNys9wBGhPZ4Y=
49,24,8Vz0mrlSMpcAp7xpH4n9QtS9chI=,U2TDUD4xQXb32ZXNys9wBGhPZ4Y=
62,18,8Vz0mrlSMpcAp7xpH4n9QtS9chI=,U2TDUD4xQXb32ZXNys9wBGhPZ4Y=
59,19,8Vz0mrlSMpcAp7xpH4n9QtS9chI=,U2TDUD4xQXb32ZXNys9wBGhPZ4Y=
55,27,8Vz0mrlSMpcAp7xpH4n9QtS9chI=,U2TDUD4xQXb32ZXNys9wBGhPZ4Y=
54,27,8Vz0mrlSMpcAp7xpH4n9QtS9chI=,U2TDUD4xQXb32ZXNys9wBGhPZ4Y=
61,17,8Vz0mrlSMpcAp7xpH4n9QtS9chI=,U2TDUD4xQXb32ZXNys9wBGhPZ4Y=
53,27,8Vz0mrlSMpcAp7xpH4n9QtS9chI=,U2TDUD4xQXb32ZXNys9wBGhPZ4Y=
54,24,8Vz0mrlSMpcAp7xpH4n9QtS9chI=,U2TDUD4xQXb32ZXNys9wBGhPZ4Y=
53,24,8Vz0mrlSMpcAp7xpH4n9QtS9chI=,U2TDUD4xQXb32ZXNys9wBGhPZ4Y=
55,24,8Vz0mrlSMpcAp7xpH4n9QtS9chI=,U2TDUD4xQXb32ZXNys9wBGhPZ4Y=
59,18,8Vz0mrlSMpcAp7xpH4n9QtS9chI=,U2TDUD4xQXb32ZXNys9wBGhPZ4Y=
52,27,8Vz0mrlSMpcAp7xpH4n9QtS9chI=,U2TDUD4xQXb32ZXNys9wBGhPZ4Y=
59,24,8Vz0mrlSMpcAp7xpH4n9QtS9chI=,U2TDUD4xQXb32ZXNys9wBGhPZ4Y=
48,24,8Vz0mrlSMpcAp7xpH4n9QtS9chI=,U2TDUD4xQXb32ZXNys9wBGhPZ4Y=
60,26,8Vz0mrlSMpcAp7xpH4n9QtS9chI=,U2TDUD4xQXb32ZXNys9wBGhPZ4Y=
63,23,8Vz0mrlSMpcAp7xpH4n9QtS9chI=,U2TDUD4xQXb32ZXNys9wBGhPZ4Y=
62,23,8Vz0mrlSMpcAp7xpH4n9QtS9chI=,U2TDUD4xQXb32ZXNys9wBGhPZ4Y=
61,26,8Vz0mrlSMpcAp7xpH4n9QtS9chI=,U2TDUD4xQXb32ZXNys9wBGhPZ4Y=
62,26,8Vz0mrlSMpcAp7xpH4n9QtS9chI=,U2TDUD4xQXb32ZXNys9wBGhPZ4Y=
52,24,8Vz0mrlSMpcAp7xpH4n9QtS9chI=,U2TDUD4xQXb32ZXNys9wBGhPZ4Y=
56,26,8Vz0mrlSMpcAp7xpH4n9QtS9chI=,U2TDUD4xQXb32ZXNys9wBGhPZ4Y=
51,27,8Vz0mrlSMpcAp7xpH4n9QtS9chI=,U2TDUD4xQXb32ZXNys9wBGhPZ4Y=
50,27,8Vz0mrlSMpcAp7xpH4n9QtS9chI=,U2TDUD4xQXb32ZXNys9wBGhPZ4Y=
51,24,8Vz0mrlSMpcAp7xpH4n9QtS9chI=,U2TDUD4xQXb32ZXNys9wBGhPZ4Y=
61,18,8Vz0mrlSMpcAp7xpH4n9QtS9chI=,U2TDUD4xQXb32ZXNys9wBGhPZ4Y=
61,23,8Vz0mrlSMpcAp7xpH4n9QtS9chI=,U2TDUD4xQXb32ZXNys9wBGhPZ4Y=
49,26,8Vz0mrlSMpcAp7xpH4n9QtS9chI=,U2TDUD4xQXb32ZXNys9wBGhPZ4Y=
59,26,8Vz0mrlSMpcAp7xpH4n9QtS9chI=,U2TDUD4xQXb32ZXNys9wBGhPZ4Y=
50,24,8Vz0mrlSMpcAp7xpH4n9QtS9chI=,U2TDUD4xQXb32ZXNys9wBGhPZ4Y=
60,17,8Vz0mrlSMpcAp7xpH4n9QtS9chI=,U2TDUD4xQXb32ZXNys9wBGhPZ4Y=
52,26,8Vz0mrlSMpcAp7xpH4n9QtS9chI=,U2TDUD4xQXb32ZXNys9wBGhPZ4Y=
57,26,8Vz0mrlSMpcAp7xpH4n9QtS9chI=,U2TDUD4xQXb32ZXNys9wBGhPZ4Y=
55,26,8Vz0mrlSMpcAp7xpH4n9QtS9chI=,U2TDUD4xQXb32ZXNys9wBGhPZ4Y=
52,25,8Vz0mrlSMpcAp7xpH4n9QtS9chI=,U2TDUD4xQXb32ZXNys9wBGhPZ4Y=
60,16,8Vz0mrlSMpcAp7xpH4n9QtS9chI=,U2TDUD4xQXb32ZXNys9wBGhPZ4Y=
54,26,8Vz0mrlSMpcAp7xpH4n9QtS9chI=,U2TDUD4xQXb32ZXNys9wBGhPZ4Y=
62,19,8Vz0mrlSMpcAp7xpH4n9QtS9chI=,U2TDUD4xQXb32ZXNys9wBGhPZ4Y=
50,26,8Vz0mrlSMpcAp7xpH4n9QtS9chI=,U2TDUD4xQXb32ZXNys9wBGhPZ4Y=
48,26,8Vz0mrlSMpcAp7xpH4n9QtS9chI=,U2TDUD4xQXb32ZXNys9wBGhPZ4Y=
56,25,8Vz0mrlSMpcAp7xpH4n9QtS9chI=,U2TDUD4xQXb32ZXNys9wBGhPZ4Y=
63,25,8Vz0mrlSMpcAp7xpH4n9QtS9chI=,U2TDUD4xQXb32ZXNys9wBGhPZ4Y=
48,25,8Vz0mrlSMpcAp7xpH4n9QtS9chI=,U2TDUD4xQXb32ZXNys9wBGhPZ4Y=
51,23,8Vz0mrlSMpcAp7xpH4n9QtS9chI=,U2TDUD4xQXb32ZXNys9wBGhPZ4Y=
57,23,8Vz0mrlSMpcAp7xpH4n9QtS9chI=,U2TDUD4xQXb32ZXNys9wBGhPZ4Y=
50,23,8Vz0mrlSMpcAp7xpH4n9QtS9chI=,U2TDUD4xQXb32ZXNys9wBGhPZ4Y=
58,25,8Vz0mrlSMpcAp7xpH4n9QtS9chI=,U2TDUD4xQXb32ZXNys9wBGhPZ4Y=
55,25,8Vz0mrlSMpcAp7xpH4n9QtS9chI=,U2TDUD4xQXb32ZXNys9wBGhPZ4Y=
54,23,8Vz0mrlSMpcAp7xpH4n9QtS9chI=,U2TDUD4xQXb32ZXNys9wBGhPZ4Y=
60,19,8Vz0mrlSMpcAp7xpH4n9QtS9chI=,U2TDUD4xQXb32ZXNys9wBGhPZ4Y=
62,25,8Vz0mrlSMpcAp7xpH4n9QtS9chI=,U2TDUD4xQXb32ZXNys9wBGhPZ4Y=
53,26,8Vz0mrlSMpcAp7xpH4n9QtS9chI=,U2TDUD4xQXb32ZXNys9wBGhPZ4Y=
58,18,8Vz0mrlSMpcAp7xpH4n9QtS9chI=,U2TDUD4xQXb32ZXNys9wBGhPZ4Y=
60,25,8Vz0mrlSMpcAp7xpH4n9QtS9chI=,U2TDUD4xQXb32ZXNys9wBGhPZ4Y=
60,23,8Vz0mrlSMpcAp7xpH4n9QtS9chI=,U2TDUD4xQXb32ZXNys9wBGhPZ4Y=
55,23,8Vz0mrlSMpcAp7xpH4n9QtS9chI=,U2TDUD4xQXb32ZXNys9wBGhPZ4Y=
49,23,8Vz0mrlSMpcAp7xpH4n9QtS9chI=,U2TDUD4xQXb32ZXNys9wBGhPZ4Y=
61,25,8Vz0mrlSMpcAp7xpH4n9QtS9chI=,U2TDUD4xQXb32ZXNys9wBGhPZ4Y=
51,26,8Vz0mrlSMpcAp7xpH4n9QtS9chI=,U2TDUD4xQXb32ZXNys9wBGhPZ4Y=
59,25,8Vz0mrlSMpcAp7xpH4n9QtS9chI=,U2TDUD4xQXb32ZXNys9wBGhPZ4Y=
58,23,8Vz0mrlSMpcAp7xpH4n9QtS9chI=,U2TDUD4xQXb32ZXNys9wBGhPZ4Y=
58,26,8Vz0mrlSMpcAp7xpH4n9QtS9chI=,U2TDUD4xQXb32ZXNys9wBGhPZ4Y=
57,25,8Vz0mrlSMpcAp7xpH4n9QtS9chI=,U2TDUD4xQXb32ZXNys9wBGhPZ4Y=
52,23,8Vz0mrlSMpcAp7xpH4n9QtS9chI=,U2TDUD4xQXb32ZXNys9wBGhPZ4Y=
56,23,8Vz0mrlSMpcAp7xpH4n9QtS9chI=,U2TDUD4xQXb32ZXNys9wBGhPZ4Y=
59,23,8Vz0mrlSMpcAp7xpH4n9QtS9chI=,U2TDUD4xQXb32ZXNys9wBGhPZ4Y=
53,23,8Vz0mrlSMpcAp7xpH4n9QtS9chI=,U2TDUD4xQXb32ZXNys9wBGhPZ4Y=
53,25,8Vz0mrlSMpcAp7xpH4n9QtS9chI=,U2TDUD4xQXb32ZXNys9wBGhPZ4Y=
60,18,8Vz0mrlSMpcAp7xpH4n9QtS9chI=,U2TDUD4xQXb32ZXNys9wBGhPZ4Y=
49,25,8Vz0mrlSMpcAp7xpH4n9QtS9chI=,U2TDUD4xQXb32ZXNys9wBGhPZ4Y=
50,25,8Vz0mrlSMpcAp7xpH4n9QtS9chI=,U2TDUD4xQXb32ZXNys9wBGhPZ4Y=
54,25,8Vz0mrlSMpcAp7xpH4n9QtS9chI=,U2TDUD4xQXb32ZXNys9wBGhPZ4Y=
61,19,8Vz0mrlSMpcAp7xpH4n9QtS9chI=,U2TDUD4xQXb32ZXNys9wBGhPZ4Y=
48,23,8Vz0mrlSMpcAp7xpH4n9QtS9chI=,U2TDUD4xQXb32ZXNys9wBGhPZ4Y=
63,22,8Vz0mrlSMpcAp7xpH4n9QtS9chI=,U2TDUD4xQXb32ZXNys9wBGhPZ4Y=
61,22,8Vz0mrlSMpcAp7xpH4n9QtS9chI=,U2TDUD4xQXb32ZXNys9wBGhPZ4Y=
60,22,8Vz0mrlSMpcAp7xpH4n9QtS9chI=,U2TDUD4xQXb32ZXNys9wBGhPZ4Y=
59,22,8Vz0mrlSMpcAp7xpH4n9QtS9chI=,U2TDUD4xQXb32ZXNys9wBGhPZ4Y=
57,22,8Vz0mrlSMpcAp7xpH4n9QtS9chI=,U2TDUD4xQXb32ZXNys9wBGhPZ4Y=
58,22,8Vz0mrlSMpcAp7xpH4n9QtS9chI=,U2TDUD4xQXb32ZXNys9wBGhPZ4Y=
56,22,8Vz0mrlSMpcAp7xpH4n9QtS9chI=,U2TDUD4xQXb32ZXNys9wBGhPZ4Y=
51,25,8Vz0mrlSMpcAp7xpH4n9QtS9chI=,U2TDUD4xQXb32ZXNys9wBGhPZ4Y=
57,17,8Vz0mrlSMpcAp7xpH4n9QtS9chI=,U2TDUD4xQXb32ZXNys9wBGhPZ4Y=
62,22,8Vz0mrlSMpcAp7xpH4n9QtS9chI=,U2TDUD4xQXb32ZXNys9wBGhPZ4Y=
55,22,8Vz0mrlSMpcAp7xpH4n9QtS9chI=,U2TDUD4xQXb32ZXNys9wBGhPZ4Y=
54,22,8Vz0mrlSMpcAp7xpH4n9QtS9chI=,U2TDUD4xQXb32ZXNys9wBGhPZ4Y=
53,22,8Vz0mrlSMpcAp7xpH4n9QtS9chI=,U2TDUD4xQXb32ZXNys9wBGhPZ4Y=
52,22,8Vz0mrlSMpcAp7xpH4n9QtS9chI=,U2TDUD4xQXb32ZXNys9wBGhPZ4Y=
50,22,8Vz0mrlSMpcAp7xpH4n9QtS9chI=,U2TDUD4xQXb32ZXNys9wBGhPZ4Y=
51,22,8Vz0mrlSMpcAp7xpH4n9QtS9chI=,U2TDUD4xQXb32ZXNys9wBGhPZ4Y=
57,18,8Vz0mrlSMpcAp7xpH4n9QtS9chI=,U2TDUD4xQXb32ZXNys9wBGhPZ4Y=
48,22,8Vz0mrlSMpcAp7xpH4n9QtS9chI=,U2TDUD4xQXb32ZXNys9wBGhPZ4Y=
49,22,8Vz0mrlSMpcAp7xpH4n9QtS9chI=,U2TDUD4xQXb32ZXNys9wBGhPZ4Y=
56,17,8Vz0mrlSMpcAp7xpH4n9QtS9chI=,U2TDUD4xQXb32ZXNys9wBGhPZ4Y=
61,21,8Vz0mrlSMpcAp7xpH4n9QtS9chI=,U2TDUD4xQXb32ZXNys9wBGhPZ4Y=
62,21,8Vz0mrlSMpcAp7xpH4n9QtS9chI=,U2TDUD4xQXb32ZXNys9wBGhPZ4Y=
60,21,8Vz0mrlSMpcAp7xpH4n9QtS9chI=,U2TDUD4xQXb32ZXNys9wBGhPZ4Y=
59,21,8Vz0mrlSMpcAp7xpH4n9QtS9chI=,U2TDUD4xQXb32ZXNys9wBGhPZ4Y=
58,21,8Vz0mrlSMpcAp7xpH4n9QtS9chI=,U2TDUD4xQXb32ZXNys9wBGhPZ4Y=
63,21,8Vz0mrlSMpcAp7xpH4n9QtS9chI=,U2TDUD4xQXb32ZXNys9wBGhPZ4Y=
57,21,8Vz0mrlSMpcAp7xpH4n9QtS9chI=,U2TDUD4xQXb32ZXNys9wBGhPZ4Y=
55,21,8Vz0mrlSMpcAp7xpH4n9QtS9chI=,U2TDUD4xQXb32ZXNys9wBGhPZ4Y=
56,21,8Vz0mrlSMpcAp7xpH4n9QtS9chI=,U2TDUD4xQXb32ZXNys9wBGhPZ4Y=
54,21,8Vz0mrlSMpcAp7xpH4n9QtS9chI=,U2TDUD4xQXb32ZXNys9wBGhPZ4Y=
53,21,8Vz0mrlSMpcAp7xpH4n9QtS9chI=,U2TDUD4xQXb32ZXNys9wBGhPZ4Y=
52,21,8Vz0mrlSMpcAp7xpH4n9QtS9chI=,U2TDUD4xQXb32ZXNys9wBGhPZ4Y=
51,21,8Vz0mrlSMpcAp7xpH4n9QtS9chI=,U2TDUD4xQXb32ZXNys9wBGhPZ4Y=
50,21,8Vz0mrlSMpcAp7xpH4n9QtS9chI=,U2TDUD4xQXb32ZXNys9wBGhPZ4Y=
49,21,8Vz0mrlSMpcAp7xpH4n9QtS9chI=,U2TDUD4xQXb32ZXNys9wBGhPZ4Y=
48,21,8Vz0mrlSMpcAp7xpH4n9QtS9chI=,U2TDUD4xQXb32ZXNys9wBGhPZ4Y=
62,20,8Vz0mrlSMpcAp7xpH4n9QtS9chI=,U2TDUD4xQXb32ZXNys9wBGhPZ4Y=
61,20,8Vz0mrlSMpcAp7xpH4n9QtS9chI=,U2TDUD4xQXb32ZXNys9wBGhPZ4Y=
63,20,8Vz0mrlSMpcAp7xpH4n9QtS9chI=,U2TDUD4xQXb32ZXNys9wBGhPZ4Y=
56,18,8Vz0mrlSMpcAp7xpH4n9QtS9chI=,U2TDUD4xQXb32ZXNys9wBGhPZ4Y=
60,20,8Vz0mrlSMpcAp7xpH4n9QtS9chI=,U2TDUD4xQXb32ZXNys9wBGhPZ4Y=
59,20,8Vz0mrlSMpcAp7xpH4n9QtS9chI=,U2TDUD4xQXb32ZXNys9wBGhPZ4Y=
57,20,8Vz0mrlSMpcAp7xpH4n9QtS9chI=,U2TDUD4xQXb32ZXNys9wBGhPZ4Y=
55,20,8Vz0mrlSMpcAp7xpH4n9QtS9chI=,U2TDUD4xQXb32ZXNys9wBGhPZ4Y=
58,20,8Vz0mrlSMpcAp7xpH4n9QtS9chI=,U2TDUD4xQXb32ZXNys9wBGhPZ4Y=
54,20,8Vz0mrlSMpcAp7xpH4n9QtS9chI=,U2TDUD4xQXb32ZXNys9wBGhPZ4Y=
53,20,8Vz0mrlSMpcAp7xpH4n9QtS9chI=,U2TDUD4xQXb32ZXNys9wBGhPZ4Y=
52,20,8Vz0mrlSMpcAp7xpH4n9QtS9chI=,U2TDUD4xQXb32ZXNys9wBGhPZ4Y=
51,20,8Vz0mrlSMpcAp7xpH4n9QtS9chI=,U2TDUD4xQXb32ZXNys9wBGhPZ4Y=
50,20,8Vz0mrlSMpcAp7xpH4n9QtS9chI=,U2TDUD4xQXb32ZXNys9wBGhPZ4Y=
49,20,8Vz0mrlSMpcAp7xpH4n9QtS9chI=,U2TDUD4xQXb32ZXNys9wBGhPZ4Y=
48,20,8Vz0mrlSMpcAp7xpH4n9QtS9chI=,U2TDUD4xQXb32ZXNys9wBGhPZ4Y=
59,17,8Vz0mrlSMpcAp7xpH4n9QtS9chI=,U2TDUD4xQXb32ZXNys9wBGhPZ4Y=
56,20,8Vz0mrlSMpcAp7xpH4n9QtS9chI=,U2TDUD4xQXb32ZXNys9wBGhPZ4Y=
63,19,8Vz0mrlSMpcAp7xpH4n9QtS9chI=,U2TDUD4xQXb32ZXNys9wBGhPZ4Y=
51,16,8Vz0mrlSMpcAp7xpH4n9QtS9chI=,U2TDUD4xQXb32ZXNys9wBGhPZ4Y=
49,16,8Vz0mrlSMpcAp7xpH4n9QtS9chI=,U2TDUD4xQXb32ZXNys9wBGhPZ4Y=
59,16,8Vz0mrlSMpcAp7xpH4n9QtS9chI=,U2TDUD4xQXb32ZXNys9wBGhPZ4Y=
61,16,8Vz0mrlSMpcAp7xpH4n9QtS9chI=,U2TDUD4xQXb32ZXNys9wBGhPZ4Y=
53,18,8Vz0mrlSMpcAp7xpH4n9QtS9chI=,U2TDUD4xQXb32ZXNys9wBGhPZ4Y=
52,16,8Vz0mrlSMpcAp7xpH4n9QtS9chI=,U2TDUD4xQXb32ZXNys9wBGhPZ4Y=
51,18,8Vz0mrlSMpcAp7xpH4n9QtS9chI=,U2TDUD4xQXb32ZXNys9wBGhPZ4Y=
50,16,8Vz0mrlSMpcAp7xpH4n9QtS9chI=,U2TDUD4xQXb32ZXNys9wBGhPZ4Y=
52,18,8Vz0mrlSMpcAp7xpH4n9QtS9chI=,U2TDUD4xQXb32ZXNys9wBGhPZ4Y=
49,17,8Vz0mrlSMpcAp7xpH4n9QtS9chI=,U2TDUD4xQXb32ZXNys9wBGhPZ4Y=
52,17,8Vz0mrlSMpcAp7xpH4n9QtS9chI=,U2TDUD4xQXb32ZXNys9wBGhPZ4Y=
53,17,8Vz0mrlSMpcAp7xpH4n9QtS9chI=,U2TDUD4xQXb32ZXNys9wBGhPZ4Y=
53,16,8Vz0mrlSMpcAp7xpH4n9QtS9chI=,U2TDUD4xQXb32ZXNys9wBGhPZ4Y=
50,17,8Vz0mrlSMpcAp7xpH4n9QtS9chI=,U2TDUD4xQXb32ZXNys9wBGhPZ4Y=
58,17,8Vz0mrlSMpcAp7xpH4n9QtS9chI=,U2TDUD4xQXb32ZXNys9wBGhPZ4Y=
51,17,8Vz0mrlSMpcAp7xpH4n9QtS9chI=,U2TDUD4xQXb32ZXNys9wBGhPZ4Y=
58,16,8Vz0mrlSMpcAp7xpH4n9QtS9chI=,U2TDUD4xQXb32ZXNys9wBGhPZ4Y=
54,17,8Vz0mrlSMpcAp7xpH4n9QtS9chI=,U2TDUD4xQXb32ZXNys9wBGhPZ4Y=
57,16,8Vz0mrlSMpcAp7xpH4n9QtS9chI=,U2TDUD4xQXb32ZXNys9wBGhPZ4Y=
55,17,8Vz0mrlSMpcAp7xpH4n9QtS9chI=,U2TDUD4xQXb32ZXNys9wBGhPZ4Y=
48,16,8Vz0mrlSMpcAp7xpH4n9QtS9chI=,U2TDUD4xQXb32ZXNys9wBGhPZ4Y=
55,16,8Vz0mrlSMpcAp7xpH4n9QtS9chI=,U2TDUD4xQXb32ZXNys9wBGhPZ4Y=
55,18,8Vz0mrlSMpcAp7xpH4n9QtS9chI=,U2TDUD4xQXb32ZXNys9wBGhPZ4Y=
56,16,8Vz0mrlSMpcAp7xpH4n9QtS9chI=,U2TDUD4xQXb32ZXNys9wBGhPZ4Y=
54,16,8Vz0mrlSMpcAp7xpH4n9QtS9chI=,U2TDUD4xQXb32ZXNys9wBGhPZ4Y=
49,0,8Vz0mrlSMpcAp7xpH4n9QtS9chI=,gucv07uJMuyIirqD5CaPFeKMOPc=
63,15,8Vz0mrlSMpcAp7xpH4n9QtS9chI=,gucv07uJMuyIirqD5CaPFeKMOPc=
62,15,8Vz0mrlSMpcAp7xpH4n9QtS9chI=,gucv07uJMuyIirqD5CaPFeKMOPc=
52,3,8Vz0mrlSMpcAp7xpH4n9QtS9chI=,gucv07uJMuyIirqD5CaPFeKMOPc=
50,3,8Vz0mrlSMpcAp7xpH4n9QtS9chI=,gucv07uJMuyIirqD5CaPFeKMOPc=
57,15,8Vz0mrlSMpcAp7xpH4n9QtS9chI=,gucv07uJMuyIirqD5CaPFeKMOPc=
51,3,8Vz0mrlSMpcAp7xpH4n9QtS9chI=,gucv07uJMuyIirqD5CaPFeKMOPc=
52,2,8Vz0mrlSMpcAp7xpH4n9QtS9chI=,gucv07uJMuyIirqD5CaPFeKMOPc=
61,15,8Vz0mrlSMpcAp7xpH4n9QtS9chI=,gucv07uJMuyIirqD5CaPFeKMOPc=
54,15,8Vz0mrlSMpcAp7xpH4n9QtS9chI=,gucv07uJMuyIirqD5CaPFeKMOPc=
56,15,8Vz0mrlSMpcAp7xpH4n9QtS9chI=,gucv07uJMuyIirqD5CaPFeKMOPc=
58,14,8Vz0mrlSMpcAp7xpH4n9QtS9chI=,gucv07uJMuyIirqD5CaPFeKMOPc=
53,3,8Vz0mrlSMpcAp7xpH4n9QtS9chI=,gucv07uJMuyIirqD5CaPFeKMOPc=
56,14,8Vz0mrlSMpcAp7xpH4n9QtS9chI=,gucv07uJMuyIirqD5CaPFeKMOPc=
63,13,8Vz0mrlSMpcAp7xpH4n9QtS9chI=,gucv07uJMuyIirqD5CaPFeKMOPc=
50,2,8Vz0mrlSMpcAp7xpH4n9QtS9chI=,gucv07uJMuyIirqD5CaPFeKMOPc=
62,13,8Vz0mrlSMpcAp7xpH4n9QtS9chI=,gucv07uJMuyIirqD5CaPFeKMOPc=
51,1,8Vz0mrlSMpcAp7xpH4n9QtS9chI=,gucv07uJMuyIirqD5CaPFeKMOPc=
55,15,8Vz0mrlSMpcAp7xpH4n9QtS9chI=,gucv07uJMuyIirqD5CaPFeKMOPc=
60,15,8Vz0mrlSMpcAp7xpH4n9QtS9chI=,gucv07uJMuyIirqD5CaPFeKMOPc=
58,15,8Vz0mrlSMpcAp7xpH4n9QtS9chI=,gucv07uJMuyIirqD5CaPFeKMOPc=
49,3,8Vz0mrlSMpcAp7xpH4n9QtS9chI=,gucv07uJMuyIirqD5CaPFeKMOPc=
59,3,8Vz0mrlSMpcAp7xpH4n9QtS9chI=,gucv07uJMuyIirqD5CaPFeKMOPc=
51,2,8Vz0mrlSMpcAp7xpH4n9QtS9chI=,gucv07uJMuyIirqD5CaPFeKMOPc=
60,3,8Vz0mrlSMpcAp7xpH4n9QtS9chI=,gucv07uJMuyIirqD5CaPFeKMOPc=
55,14,8Vz0mrlSMpcAp7xpH4n9QtS9chI=,gucv07uJMuyIirqD5CaPFeKMOPc=
59,13,8Vz0mrlSMpcAp7xpH4n9QtS9chI=,gucv07uJMuyIirqD5CaPFeKMOPc=
53,15,8Vz0mrlSMpcAp7xpH4n9QtS9chI=,gucv07uJMuyIirqD5CaPFeKMOPc=
60,14,8Vz0mrlSMpcAp7xpH4n9QtS9chI=,gucv07uJMuyIirqD5CaPFeKMOPc=
61,14,8Vz0mrlSMpcAp7xpH4n9QtS9chI=,gucv07uJMuyIirqD5CaPFeKMOPc=
49,14,8Vz0mrlSMpcAp7xpH4n9QtS9chI=,gucv07uJMuyIirqD5CaPFeKMOPc=
48,15,8Vz0mrlSMpcAp7xpH4n9QtS9chI=,gucv07uJMuyIirqD5CaPFeKMOPc=
57,3,8Vz0mrlSMpcAp7xpH4n9QtS9chI=,gucv07uJMuyIirqD5CaPFeKMOPc=
54,3,8Vz0mrlSMpcAp7xpH4n9QtS9chI=,gucv07uJMuyIirqD5CaPFeKMOPc=
48,13,8Vz0mrlSMpcAp7xpH4n9QtS9chI=,gucv07uJMuyIirqD5CaPFeKMOPc=
51,14,8Vz0mrlSMpcAp7xpH4n9QtS9chI=,gucv07uJMuyIirqD5CaPFeKMOPc=
52,14,8Vz0mrlSMpcAp7xpH4n9QtS9chI=,gucv07uJMuyIirqD5CaPFeKMOPc=
59,15,8Vz0mrlSMpcAp7xpH4n9QtS9chI=,gucv07uJMuyIirqD5CaPFeKMOPc=
53,2,8Vz0mrlSMpcAp7xpH4n9QtS9chI=,gucv07uJMuyIirqD5CaPFeKMOPc=
51,0,8Vz0mrlSMpcAp7xpH4n9QtS9chI=,gucv07uJMuyIirqD5CaPFeKMOPc=
50,1,8Vz0mrlSMpcAp7xpH4n9QtS9chI=,gucv07uJMuyIirqD5CaPFeKMOPc=
49,15,8Vz0mrlSMpcAp7xpH4n9QtS9chI=,gucv07uJMuyIirqD5CaPFeKMOPc=
52,0,8Vz0mrlSMpcAp7xpH4n9QtS9chI=,gucv07uJMuyIirqD5CaPFeKMOPc=
54,14,8Vz0mrlSMpcAp7xpH4n9QtS9chI=,gucv07uJMuyIirqD5CaPFeKMOPc=
49,2,8Vz0mrlSMpcAp7xpH4n9QtS9chI=,gucv07uJMuyIirqD5CaPFeKMOPc=
63,14,8Vz0mrlSMpcAp7xpH4n9QtS9chI=,gucv07uJMuyIirqD5CaPFeKMOPc=
63,12,8Vz0mrlSMpcAp7xpH4n9QtS9chI=,gucv07uJMuyIirqD5CaPFeKMOPc=
58,13,8Vz0mrlSMpcAp7xpH4n9QtS9chI=,gucv07uJMuyIirqD5CaPFeKMOPc=
53,0,8Vz0mrlSMpcAp7xpH4n9QtS9chI=,gucv07uJMuyIirqD5CaPFeKMOPc=
60,13,8Vz0mrlSMpcAp7xpH4n9QtS9chI=,gucv07uJMuyIirqD5CaPFeKMOPc=
59,12,8Vz0mrlSMpcAp7xpH4n9QtS9chI=,gucv07uJMuyIirqD5CaPFeKMOPc=
50,15,8Vz0mrlSMpcAp7xpH4n9QtS9chI=,gucv07uJMuyIirqD5CaPFeKMOPc=
48,14,8Vz0mrlSMpcAp7xpH4n9QtS9chI=,gucv07uJMuyIirqD5CaPFeKMOPc=
52,12,8Vz0mrlSMpcAp7xpH4n9QtS9chI=,gucv07uJMuyIirqD5CaPFeKMOPc=
60,12,8Vz0mrlSMpcAp7xpH4n9QtS9chI=,gucv07uJMuyIirqD5CaPFeKMOPc=
61,13,8Vz0mrlSMpcAp7xpH4n9QtS9chI=,gucv07uJMuyIirqD5CaPFeKMOPc=
52,1,8Vz0mrlSMpcAp7xpH4n9QtS9chI=,gucv07uJMuyIirqD5CaPFeKMOPc=
49,12,8Vz0mrlSMpcAp7xpH4n9QtS9chI=,gucv07uJMuyIirqD5CaPFeKMOPc=
53,14,8Vz0mrlSMpcAp7xpH4n9QtS9chI=,gucv07uJMuyIirqD5CaPFeKMOPc=
49,1,8Vz0mrlSMpcAp7xpH4n9QtS9chI=,gucv07uJMuyIirqD5CaPFeKMOPc=
50,12,8Vz0mrlSMpcAp7xpH4n9QtS9chI=,gucv07uJMuyIirqD5CaPFeKMOPc=
48,12,8Vz0mrlSMpcAp7xpH4n9QtS9chI=,gucv07uJMuyIirqD5CaPFeKMOPc=
48,1,8Vz0mrlSMpcAp7xpH4n9QtS9chI=,gucv07uJMuyIirqD5CaPFeKMOPc=
51,12,8Vz0mrlSMpcAp7xpH4n9QtS9chI=,gucv07uJMuyIirqD5CaPFeKMOPc=
48,3,8Vz0mrlSMpcAp7xpH4n9QtS9chI=,gucv07uJMuyIirqD5CaPFeKMOPc=
50,14,8Vz0mrlSMpcAp7xpH4n9QtS9chI=,gucv07uJMuyIirqD5CaPFeKMOPc=
48,2,8Vz0mrlSMpcAp7xpH4n9QtS9chI=,gucv07uJMuyIirqD5CaPFeKMOPc=
62,14,8Vz0mrlSMpcAp7xpH4n9QtS9chI=,gucv07uJMuyIirqD5CaPFeKMOPc=
57,14,8Vz0mrlSMpcAp7xpH4n9QtS9chI=,gucv07uJMuyIirqD5CaPFeKMOPc=
61,3,8Vz0mrlSMpcAp7xpH4n9QtS9chI=,gucv07uJMuyIirqD5CaPFeKMOPc=
51,13,8Vz0mrlSMpcAp7xpH4n9QtS9chI=,gucv07uJMuyIirqD5CaPFeKMOPc=
56,13,8Vz0mrlSMpcAp7xpH4n9QtS9chI=,gucv07uJMuyIirqD5CaPFeKMOPc=
63,11,8Vz0mrlSMpcAp7xpH4n9QtS9chI=,gucv07uJMuyIirqD5CaPFeKMOPc=
49,13,8Vz0mrlSMpcAp7xpH4n9QtS9chI=,gucv07uJMuyIirqD5CaPFeKMOPc=
57,13,8Vz0mrlSMpcAp7xpH4n9QtS9chI=,gucv07uJMuyIirqD5CaPFeKMOPc=
53,12,8Vz0mrlSMpcAp7xpH4n9QtS9chI=,gucv07uJMuyIirqD5CaPFeKMOPc=
52,13,8Vz0mrlSMpcAp7xpH4n9QtS9chI=,gucv07uJMuyIirqD5CaPFeKMOPc=
57,12,8Vz0mrlSMpcAp7xpH4n9QtS9chI=,gucv07uJMuyIirqD5CaPFeKMOPc=
58,3,8Vz0mrlSMpcAp7xpH4n9QtS9chI=,gucv07uJMuyIirqD5CaPFeKMOPc=
56,3,8Vz0mrlSMpcAp7xpH4n9QtS9chI=,gucv07uJMuyIirqD5CaPFeKMOPc=
58,12,8Vz0mrlSMpcAp7xpH4n9QtS9chI=,gucv07uJMuyIirqD5CaPFeKMOPc=
62,1,8Vz0mrlSMpcAp7xpH4n9QtS9chI=,gucv07uJMuyIirqD5CaPFeKMOPc=
61,12,8Vz0mrlSMpcAp7xpH4n9QtS9chI=,gucv07uJMuyIirqD5CaPFeKMOPc=
55,13,8Vz0mrlSMpcAp7xpH4n9QtS9chI=,gucv07uJMuyIirqD5CaPFeKMOPc=
54,12,8Vz0mrlSMpcAp7xpH4n9QtS9chI=,gucv07uJMuyIirqD5CaPFeKMOPc=
52,15,8Vz0mrlSMpcAp7xpH4n9QtS9chI=,gucv07uJMuyIirqD5CaPFeKMOPc=
54,13,8Vz0mrlSMpcAp7xpH4n9QtS9chI=,gucv07uJMuyIirqD5CaPFeKMOPc=
53,13,8Vz0mrlSMpcAp7xpH4n9QtS9chI=,gucv07uJMuyIirqD5CaPFeKMOPc=
51,15,8Vz0mrlSMpcAp7xpH4n9QtS9chI=,gucv07uJMuyIirqD5CaPFeKMOPc=
49,11,8Vz0mrlSMpcAp7xpH4n9QtS9chI=,gucv07uJMuyIirqD5CaPFeKMOPc=
62,12,8Vz0mrlSMpcAp7xpH4n9QtS9chI=,gucv07uJMuyIirqD5CaPFeKMOPc=
54,11,8Vz0mrlSMpcAp7xpH4n9QtS9chI=,gucv07uJMuyIirqD5CaPFeKMOPc=
55,11,8Vz0mrlSMpcAp7xpH4n9QtS9chI=,gucv07uJMuyIirqD5CaPFeKMOPc=
53,11,8Vz0mrlSMpcAp7xpH4n9QtS9chI=,gucv07uJMuyIirqD5CaPFeKMOPc=
51,11,8Vz0mrlSMpcAp7xpH4n9QtS9chI=,gucv07uJMuyIirqD5CaPFeKMOPc=
50,11,8Vz0mrlSMpcAp7xpH4n9QtS9chI=,gucv07uJMuyIirqD5CaPFeKMOPc=
52,11,8Vz0mrlSMpcAp7xpH4n9QtS9chI=,gucv07uJMuyIirqD5CaPFeKMOPc=
50,0,8Vz0mrlSMpcAp7xpH4n9QtS9chI=,gucv07uJMuyIirqD5CaPFeKMOPc=
48,11,8Vz0mrlSMpcAp7xpH4n9QtS9chI=,gucv07uJMuyIirqD5CaPFeKMOPc=
63,10,8Vz0mrlSMpcAp7xpH4n9QtS9chI=,gucv07uJMuyIirqD5CaPFeKMOPc=
62,11,8Vz0mrlSMpcAp7xpH4n9QtS9chI=,gucv07uJMuyIirqD5CaPFeKMOPc=
59,11,8Vz0mrlSMpcAp7xpH4n9QtS9chI=,gucv07uJMuyIirqD5CaPFeKMOPc=
50,13,8Vz0mrlSMpcAp7xpH4n9QtS9chI=,gucv07uJMuyIirqD5CaPFeKMOPc=
63,0,8Vz0mrlSMpcAp7xpH4n9QtS9chI=,gucv07uJMuyIirqD5CaPFeKMOPc=
58,10,8Vz0mrlSMpcAp7xpH4n9QtS9chI=,gucv07uJMuyIirqD5CaPFeKMOPc=
53,1,8Vz0mrlSMpcAp7xpH4n9QtS9chI=,gucv07uJMuyIirqD5CaPFeKMOPc=
55,10,8Vz0mrlSMpcAp7xpH4n9QtS9chI=,gucv07uJMuyIirqD5CaPFeKMOPc=
53,10,8Vz0mrlSMpcAp7xpH4n9QtS9chI=,gucv07uJMuyIirqD5CaPFeKMOPc=
54,10,8Vz0mrlSMpcAp7xpH4n9QtS9chI=,gucv07uJMuyIirqD5CaPFeKMOPc=
52,10,8Vz0mrlSMpcAp7xpH4n9QtS9chI=,gucv07uJMuyIirqD5CaPFeKMOPc=
51,10,8Vz0mrlSMpcAp7xpH4n9QtS9chI=,gucv07uJMuyIirqD5CaPFeKMOPc=
50,10,8Vz0mrlSMpcAp7xpH4n9QtS9chI=,gucv07uJMuyIirqD5CaPFeKMOPc=
49,10,8Vz0mrlSMpcAp7xpH4n9QtS9chI=,gucv07uJMuyIirqD5CaPFeKMOPc=
48,10,8Vz0mrlSMpcAp7xpH4n9QtS9chI=,gucv07uJMuyIirqD5CaPFeKMOPc=
56,12,8Vz0mrlSMpcAp7xpH4n9QtS9chI=,gucv07uJMuyIirqD5CaPFeKMOPc=
63,9,8Vz0mrlSMpcAp7xpH4n9QtS9chI=,gucv07uJMuyIirqD5CaPFeKMOPc=
57,11,8Vz0mrlSMpcAp7xpH4n9QtS9chI=,gucv07uJMuyIirqD5CaPFeKMOPc=
55,12,8Vz0mrlSMpcAp7xpH4n9QtS9chI=,gucv07uJMuyIirqD5CaPFeKMOPc=
58,9,8Vz0mrlSMpcAp7xpH4n9QtS9chI=,gucv07uJMuyIirqD5CaPFeKMOPc=
57,9,8Vz0mrlSMpcAp7xpH4n9QtS9chI=,gucv07uJMuyIirqD5CaPFeKMOPc=
62,3,8Vz0mrlSMpcAp7xpH4n9QtS9chI=,gucv07uJMuyIirqD5CaPFeKMOPc=
55,3,8Vz0mrlSMpcAp7xpH4n9QtS9chI=,gucv07uJMuyIirqD5CaPFeKMOPc=
62,0,8Vz0mrlSMpcAp7xpH4n9QtS9chI=,gucv07uJMuyIirqD5CaPFeKMOPc=
57,10,8Vz0mrlSMpcAp7xpH4n9QtS9chI=,gucv07uJMuyIirqD5CaPFeKMOPc=
56,9,8Vz0mrlSMpcAp7xpH4n9QtS9chI=,gucv07uJMuyIirqD5CaPFeKMOPc=
54,9,8Vz0mrlSMpcAp7xpH4n9QtS9chI=,gucv07uJMuyIirqD5CaPFeKMOPc=
53,9,8Vz0mrlSMpcAp7xpH4n9QtS9chI=,gucv07uJMuyIirqD5CaPFeKMOPc=
59,10,8Vz0mrlSMpcAp7xpH4n9QtS9chI=,gucv07uJMuyIirqD5CaPFeKMOPc=
52,9,8Vz0mrlSMpcAp7xpH4n9QtS9chI=,gucv07uJMuyIirqD5CaPFeKMOPc=
51,9,8Vz0mrlSMpcAp7xpH4n9QtS9chI=,gucv07uJMuyIirqD5CaPFeKMOPc=
55,9,8Vz0mrlSMpcAp7xpH4n9QtS9chI=,gucv07uJMuyIirqD5CaPFeKMOPc=
50,9,8Vz0mrlSMpcAp7xpH4n9QtS9chI=,gucv07uJMuyIirqD5CaPFeKMOPc=
49,9,8Vz0mrlSMpcAp7xpH4n9QtS9chI=,gucv07uJMuyIirqD5CaPFeKMOPc=
48,9,8Vz0mrlSMpcAp7xpH4n9QtS9chI=,gucv07uJMuyIirqD5CaPFeKMOPc=
59,0,8Vz0mrlSMpcAp7xpH4n9QtS9chI=,gucv07uJMuyIirqD5CaPFeKMOPc=
63,2,8Vz0mrlSMpcAp7xpH4n9QtS9chI=,gucv07uJMuyIirqD5CaPFeKMOPc=
63,1,8Vz0mrlSMpcAp7xpH4n9QtS9chI=,gucv07uJMuyIirqD5CaPFeKMOPc=
59,8,8Vz0mrlSMpcAp7xpH4n9QtS9chI=,gucv07uJMuyIirqD5CaPFeKMOPc=
61,11,8Vz0mrlSMpcAp7xpH4n9QtS9chI=,gucv07uJMuyIirqD5CaPFeKMOPc=
59,14,8Vz0mrlSMpcAp7xpH4n9QtS9chI=,gucv07uJMuyIirqD5CaPFeKMOPc=
58,8,8Vz0mrlSMpcAp7xpH4n9QtS9chI=,gucv07uJMuyIirqD5CaPFeKMOPc=
57,8,8Vz0mrlSMpcAp7xpH4n9QtS9chI=,gucv07uJMuyIirqD5CaPFeKMOPc=
56,8,8Vz0mrlSMpcAp7xpH4n9QtS9chI=,gucv07uJMuyIirqD5CaPFeKMOPc=
55,8,8Vz0mrlSMpcAp7xpH4n9QtS9chI=,gucv07uJMuyIirqD5CaPFeKMOPc=
54,8,8Vz0mrlSMpcAp7xpH4n9QtS9chI=,gucv07uJMuyIirqD5CaPFeKMOPc=
53,8,8Vz0mrlSMpcAp7xpH4n9QtS9chI=,gucv07uJMuyIirqD5CaPFeKMOPc=
52,8,8Vz0mrlSMpcAp7xpH4n9QtS9chI=,gucv07uJMuyIirqD5CaPFeKMOPc=
51,8,8Vz0mrlSMpcAp7xpH4n9QtS9chI=,gucv07uJMuyIirqD5CaPFeKMOPc=
50,8,8Vz0mrlSMpcAp7xpH4n9QtS9chI=,gucv07uJMuyIirqD5CaPFeKMOPc=
49,8,8Vz0mrlSMpcAp7xpH4n9QtS9chI=,gucv07uJMuyIirqD5CaPFeKMOPc=
48,8,8Vz0mrlSMpcAp7xpH4n9QtS9chI=,gucv07uJMuyIirqD5CaPFeKMOPc=
54,2,8Vz0mrlSMpcAp7xpH4n9QtS9chI=,gucv07uJMuyIirqD5CaPFeKMOPc=
60,11,8Vz0mrlSMpcAp7xpH4n9QtS9chI=,gucv07uJMuyIirqD5CaPFeKMOPc=
56,11,8Vz0mrlSMpcAp7xpH4n9QtS9chI=,gucv07uJMuyIirqD5CaPFeKMOPc=
56,10,8Vz0mrlSMpcAp7xpH4n9QtS9chI=,gucv07uJMuyIirqD5CaPFeKMOPc=
62,10,8Vz0mrlSMpcAp7xpH4n9QtS9chI=,gucv07uJMuyIirqD5CaPFeKMOPc=
61,2,8Vz0mrlSMpcAp7xpH4n9QtS9chI=,gucv07uJMuyIirqD5CaPFeKMOPc=
60,0,8Vz0mrlSMpcAp7xpH4n9QtS9chI=,gucv07uJMuyIirqD5CaPFeKMOPc=
60,7,8Vz0mrlSMpcAp7xpH4n9QtS9chI=,gucv07uJMuyIirqD5CaPFeKMOPc=
59,7,8Vz0mrlSMpcAp7xpH4n9QtS9chI=,gucv07uJMuyIirqD5CaPFeKMOPc=
57,7,8Vz0mrlSMpcAp7xpH4n9QtS9chI=,gucv07uJMuyIirqD5CaPFeKMOPc=
58,7,8Vz0mrlSMpcAp7xpH4n9QtS9chI=,gucv07uJMuyIirqD5CaPFeKMOPc=
56,7,8Vz0mrlSMpcAp7xpH4n9QtS9chI=,gucv07uJMuyIirqD5CaPFeKMOPc=
55,7,8Vz0mrlSMpcAp7xpH4n9QtS9chI=,gucv07uJMuyIirqD5CaPFeKMOPc=
61,0,8Vz0mrlSMpcAp7xpH4n9QtS9chI=,gucv07uJMuyIirqD5CaPFeKMOPc=
54,7,8Vz0mrlSMpcAp7xpH4n9QtS9chI=,gucv07uJMuyIirqD5CaPFeKMOPc=
59,9,8Vz0mrlSMpcAp7xpH4n9QtS9chI=,gucv07uJMuyIirqD5CaPFeKMOPc=
61,1,8Vz0mrlSMpcAp7xpH4n9QtS9chI=,gucv07uJMuyIirqD5CaPFeKMOPc=
51,7,8Vz0mrlSMpcAp7xpH4n9QtS9chI=,gucv07uJMuyIirqD5CaPFeKMOPc=
53,7,8Vz0mrlSMpcAp7xpH4n9QtS9chI=,gucv07uJMuyIirqD5CaPFeKMOPc=
52,7,8Vz0mrlSMpcAp7xpH4n9QtS9chI=,gucv07uJMuyIirqD5CaPFeKMOPc=
58,11,8Vz0mrlSMpcAp7xpH4n9QtS9chI=,gucv07uJMuyIirqD5CaPFeKMOPc=
57,0,8Vz0mrlSMpcAp7xpH4n9QtS9chI=,gucv07uJMuyIirqD5CaPFeKMOPc=
49,7,8Vz0mrlSMpcAp7xpH4n9QtS9chI=,gucv07uJMuyIirqD5CaPFeKMOPc=
62,2,8Vz0mrlSMpcAp7xpH4n9QtS9chI=,gucv07uJMuyIirqD5CaPFeKMOPc=
48,7,8Vz0mrlSMpcAp7xpH4n9QtS9chI=,gucv07uJMuyIirqD5CaPFeKMOPc=
50,7,8Vz0mrlSMpcAp7xpH4n9QtS9chI=,gucv07uJMuyIirqD5CaPFeKMOPc=
59,6,8Vz0mrlSMpcAp7xpH4n9QtS9chI=,gucv07uJMuyIirqD5CaPFeKMOPc=
60,6,8Vz0mrlSMpcAp7xpH4n9QtS9chI=,gucv07uJMuyIirqD5CaPFeKMOPc=
58,6,8Vz0mrlSMpcAp7xpH4n9QtS9chI=,gucv07uJMuyIirqD5CaPFeKMOPc=
56,6,8Vz0mrlSMpcAp7xpH4n9QtS9chI=,gucv07uJMuyIirqD5CaPFeKMOPc=
57,6,8Vz0mrlSMpcAp7xpH4n9QtS9chI=,gucv07uJMuyIirqD5CaPFeKMOPc=
55,6,8Vz0mrlSMpcAp7xpH4n9QtS9chI=,gucv07uJMuyIirqD5CaPFeKMOPc=
60,10,8Vz0mrlSMpcAp7xpH4n9QtS9chI=,gucv07uJMuyIirqD5CaPFeKMOPc=
63,3,8Vz0mrlSMpcAp7xpH4n9QtS9chI=,gucv07uJMuyIirqD5CaPFeKMOPc=
61,10,8Vz0mrlSMpcAp7xpH4n9QtS9chI=,gucv07uJMuyIirqD5CaPFeKMOPc=
54,6,8Vz0mrlSMpcAp7xpH4n9QtS9chI=,gucv07uJMuyIirqD5CaPFeKMOPc=
62,6,8Vz0mrlSMpcAp7xpH4n9QtS9chI=,gucv07uJMuyIirqD5CaPFeKMOPc=
53,6,8Vz0mrlSMpcAp7xpH4n9QtS9chI=,gucv07uJMuyIirqD5CaPFeKMOPc=
61,6,8Vz0mrlSMpcAp7xpH4n9QtS9chI=,gucv07uJMuyIirqD5CaPFeKMOPc=
51,6,8Vz0mrlSMpcAp7xpH4n9QtS9chI=,gucv07uJMuyIirqD5CaPFeKMOPc=
52,6,8Vz0mrlSMpcAp7xpH4n9QtS9chI=,gucv07uJMuyIirqD5CaPFeKMOPc=
49,6,8Vz0mrlSMpcAp7xpH4n9QtS9chI=,gucv07uJMuyIirqD5CaPFeKMOPc=
50,6,8Vz0mrlSMpcAp7xpH4n9QtS9chI=,gucv07uJMuyIirqD5CaPFeKMOPc=
56,0,8Vz0mrlSMpcAp7xpH4n9QtS9chI=,gucv07uJMuyIirqD5CaPFeKMOPc=
61,9,8Vz0mrlSMpcAp7xpH4n9QtS9chI=,gucv07uJMuyIirqD5CaPFeKMOPc=
63,5,8Vz0mrlSMpcAp7xpH4n9QtS9chI=,gucv07uJMuyIirqD5CaPFeKMOPc=
61,5,8Vz0mrlSMpcAp7xpH4n9QtS9chI=,gucv07uJMuyIirqD5CaPFeKMOPc=
60,5,8Vz0mrlSMpcAp7xpH4n9QtS9chI=,gucv07uJMuyIirqD5CaPFeKMOPc=
60,1,8Vz0mrlSMpcAp7xpH4n9QtS9chI=,gucv07uJMuyIirqD5CaPFeKMOPc=
48,6,8Vz0mrlSMpcAp7xpH4n9QtS9chI=,gucv07uJMuyIirqD5CaPFeKMOPc=
58,5,8Vz0mrlSMpcAp7xpH4n9QtS9chI=,gucv07uJMuyIirqD5CaPFeKMOPc=
61,8,8Vz0mrlSMpcAp7xpH4n9QtS9chI=,gucv07uJMuyIirqD5CaPFeKMOPc=
57,5,8Vz0mrlSMpcAp7xpH4n9QtS9chI=,gucv07uJMuyIirqD5CaPFeKMOPc=
55,5,8Vz0mrlSMpcAp7xpH4n9QtS9chI=,gucv07uJMuyIirqD5CaPFeKMOPc=
59,5,8Vz0mrlSMpcAp7xpH4n9QtS9chI=,gucv07uJMuyIirqD5CaPFeKMOPc=
63,8,8Vz0mrlSMpcAp7xpH4n9QtS9chI=,gucv07uJMuyIirqD5CaPFeKMOPc=
53,5,8Vz0mrlSMpcAp7xpH4n9QtS9chI=,gucv07uJMuyIirqD5CaPFeKMOPc=
54,5,8Vz0mrlSMpcAp7xpH4n9QtS9chI=,gucv07uJMuyIirqD5CaPFeKMOPc=
52,5,8Vz0mrlSMpcAp7xpH4n9QtS9chI=,gucv07uJMuyIirqD5CaPFeKMOPc=
51,5,8Vz0mrlSMpcAp7xpH4n9QtS9chI=,gucv07uJMuyIirqD5CaPFeKMOPc=
49,5,8Vz0mrlSMpcAp7xpH4n9QtS9chI=,gucv07uJMuyIirqD5CaPFeKMOPc=
60,8,8Vz0mrlSMpcAp7xpH4n9QtS9chI=,gucv07uJMuyIirqD5CaPFeKMOPc=
56,5,8Vz0mrlSMpcAp7xpH4n9QtS9chI=,gucv07uJMuyIirqD5CaPFeKMOPc=
50,5,8Vz0mrlSMpcAp7xpH4n9QtS9chI=,gucv07uJMuyIirqD5CaPFeKMOPc=
62,4,8Vz0mrlSMpcAp7xpH4n9QtS9chI=,gucv07uJMuyIirqD5CaPFeKMOPc=
61,4,8Vz0mrlSMpcAp7xpH4n9QtS9chI=,gucv07uJMuyIirqD5CaPFeKMOPc=
60,4,8Vz0mrlSMpcAp7xpH4n9QtS9chI=,gucv07uJMuyIirqD5CaPFeKMOPc=
48,0,8Vz0mrlSMpcAp7xpH4n9QtS9chI=,gucv07uJMuyIirqD5CaPFeKMOPc=
62,9,8Vz0mrlSMpcAp7xpH4n9QtS9chI=,gucv07uJMuyIirqD5CaPFeKMOPc=
48,5,8Vz0mrlSMpcAp7xpH4n9QtS9chI=,gucv07uJMuyIirqD5CaPFeKMOPc=
54,4,8Vz0mrlSMpcAp7xpH4n9QtS9chI=,gucv07uJMuyIirqD5CaPFeKMOPc=
60,9,8Vz0mrlSMpcAp7xpH4n9QtS9chI=,gucv07uJMuyIirqD5CaPFeKMOPc=
59,1,8Vz0mrlSMpcAp7xpH4n9QtS9chI=,gucv07uJMuyIirqD5CaPFeKMOPc=
52,4,8Vz0mrlSMpcAp7xpH4n9QtS9chI=,gucv07uJMuyIirqD5CaPFeKMOPc=
51,4,8Vz0mrlSMpcAp7xpH4n9QtS9chI=,gucv07uJMuyIirqD5CaPFeKMOPc=
50,4,8Vz0mrlSMpcAp7xpH4n9QtS9chI=,gucv07uJMuyIirqD5CaPFeKMOPc=
53,4,8Vz0mrlSMpcAp7xpH4n9QtS9chI=,gucv07uJMuyIirqD5CaPFeKMOPc=
49,4,8Vz0mrlSMpcAp7xpH4n9QtS9chI=,gucv07uJMuyIirqD5CaPFeKMOPc=
48,4,8Vz0mrlSMpcAp7xpH4n9QtS9chI=,gucv07uJMuyIirqD5CaPFeKMOPc=
62,7,8Vz0mrlSMpcAp7xpH4n9QtS9chI=,gucv07uJMuyIirqD5CaPFeKMOPc=
63,7,8Vz0mrlSMpcAp7xpH4n9QtS9chI=,gucv07uJMuyIirqD5CaPFeKMOPc=
58,0,8Vz0mrlSMpcAp7xpH4n9QtS9chI=,gucv07uJMuyIirqD5CaPFeKMOPc=
60,2,8Vz0mrlSMpcAp7xpH4n9QtS9chI=,gucv07uJMuyIirqD5CaPFeKMOPc=
62,8,8Vz0mrlSMpcAp7xpH4n9QtS9chI=,gucv07uJMuyIirqD5CaPFeKMOPc=
58,1,8Vz0mrlSMpcAp7xpH4n9QtS9chI=,gucv07uJMuyIirqD5CaPFeKMOPc=
61,7,8Vz0mrlSMpcAp7xpH4n9QtS9chI=,gucv07uJMuyIirqD5CaPFeKMOPc=
59,2,8Vz0mrlSMpcAp7xpH4n9QtS9chI=,gucv07uJMuyIirqD5CaPFeKMOPc=
57,1,8Vz0mrlSMpcAp7xpH4n9QtS9chI=,gucv07uJMuyIirqD5CaPFeKMOPc=
63,6,8Vz0mrlSMpcAp7xpH4n9QtS9chI=,gucv07uJMuyIirqD5CaPFeKMOPc=
63,4,8Vz0mrlSMpcAp7xpH4n9QtS9chI=,gucv07uJMuyIirqD5CaPFeKMOPc=
62,5,8Vz0mrlSMpcAp7xpH4n9QtS9chI=,gucv07uJMuyIirqD5CaPFeKMOPc=
57,2,8Vz0mrlSMpcAp7xpH4n9QtS9chI=,gucv07uJMuyIirqD5CaPFeKMOPc=
59,4,8Vz0mrlSMpcAp7xpH4n9QtS9chI=,gucv07uJMuyIirqD5CaPFeKMOPc=
58,2,8Vz0mrlSMpcAp7xpH4n9QtS9chI=,gucv07uJMuyIirqD5CaPFeKMOPc=
58,4,8Vz0mrlSMpcAp7xpH4n9QtS9chI=,gucv07uJMuyIirqD5CaPFeKMOPc=
55,0,8Vz0mrlSMpcAp7xpH4n9QtS9chI=,gucv07uJMuyIirqD5CaPFeKMOPc=
56,1,8Vz0mrlSMpcAp7xpH4n9QtS9chI=,gucv07uJMuyIirqD5CaPFeKMOPc=
55,4,8Vz0mrlSMpcAp7xpH4n9QtS9chI=,gucv07uJMuyIirqD5CaPFeKMOPc=
54,1,8Vz0mrlSMpcAp7xpH4n9QtS9chI=,gucv07uJMuyIirqD5CaPFeKMOPc=
57,4,8Vz0mrlSMpcAp7xpH4n9QtS9chI=,gucv07uJMuyIirqD5CaPFeKMOPc=
56,4,8Vz0mrlSMpcAp7xpH4n9QtS9chI=,gucv07uJMuyIirqD5CaPFeKMOPc=
56,2,8Vz0mrlSMpcAp7xpH4n9QtS9chI=,gucv07uJMuyIirqD5CaPFeKMOPc=
55,1,8Vz0mrlSMpcAp7xpH4n9QtS9chI=,gucv07uJMuyIirqD5CaPFeKMOPc=
55,2,NOMm2igbkIuqki1M3w4IitbVQf8=,gucv07uJMuyIirqD5CaPFeKMOPc=
54,0,NOMm2igbkIuqki1M3w4IitbVQf8=,gucv07uJMuyIirqD5CaPFeKMOPc=
