71,-44,7jOyeFv++X8daRwwYhO6/9mcMFA=,I/MjxVmkV/IakzMi12wHsg2O1X4=
70,-44,7jOyeFv++X8daRwwYhO6/9mcMFA=,I/MjxVmkV/IakzMi12wHsg2O1X4=
67,-48,7jOyeFv++X8daRwwYhO6/9mcMFA=,I/MjxVmkV/IakzMi12wHsg2O1X4=
70,-45,7jOyeFv++X8daRwwYhO6/9mcMFA=,I/MjxVmkV/IakzMi12wHsg2O1X4=
79,-45,7jOyeFv++X8daRwwYhO6/9mcMFA=,I/MjxVmkV/IakzMi12wHsg2O1X4=
78,-45,7jOyeFv++X8daRwwYhO6/9mcMFA=,I/MjxVmkV/IakzMi12wHsg2O1X4=
72,-44,7jOyeFv++X8daRwwYhO6/9mcMFA=,I/MjxVmkV/IakzMi12wHsg2O1X4=
76,-33,7jOyeFv++X8daRwwYhO6/9mcMFA=,I/MjxVmkV/IakzMi12wHsg2O1X4=
77,-45,7jOyeFv++X8daRwwYhO6/9mcMFA=,I/MjxVmkV/IakzMi12wHsg2O1X4=
75,-45,7jOyeFv++X8daRwwYhO6/9mcMFA=,I/MjxVmkV/IakzMi12wHsg2O1X4=
77,-33,7jOyeFv++X8daRwwYhO6/9mcMFA=,I/MjxVmkV/IakzMi12wHsg2O1X4=
76,-45,7jOyeFv++X8daRwwYhO6/9mcMFA=,I/MjxVmkV/IakzMi12wHsg2O1X4=
74,-45,7jOyeFv++X8daRwwYhO6/9mcMFA=,I/MjxVmkV/IakzMi12wHsg2O1X4=
70,-48,7jOyeFv++X8daRwwYhO6/9mcMFA=,I/MjxVmkV/IakzMi12wHsg2O1X4=
73,-45,7jOyeFv++X8daRwwYhO6/9mcMFA=,I/MjxVmkV/IakzMi12wHsg2O1X4=
72,-45,7jOyeFv++X8daRwwYhO6/9mcMFA=,I/MjxVmkV/IakzMi12wHsg2O1X4=
71,-45,7jOyeFv++X8daRwwYhO6/9mcMFA=,I/MjxVmkV/IakzMi12wHsg2O1X4=
67,-45,7jOyeFv++X8daRwwYhO6/9mcMFA=,I/MjxVmkV/IakzMi12wHsg2O1X4=
67,-47,7jOyeFv++X8daRwwYhO6/9mcMFA=,I/MjxVmkV/IakzMi12wHsg2O1X4=
67,-46,7jOyeFv++X8daRwwYhO6/9mcMFA=,I/MjxVmkV/IakzMi12wHsg2O1X4=
69,-48,7jOyeFv++X8daRwwYhO6/9mcMFA=,I/MjxVmkV/IakzMi12wHsg2O1X4=
64,-44,7jOyeFv++X8daRwwYhO6/9mcMFA=,I/MjxVmkV/IakzMi12wHsg2O1X4=
67,-44,7jOyeFv++X8daRwwYhO6/9mcMFA=,I/MjxVmkV/IakzMi12wHsg2O1X4=
69,-47,7jOyeFv++X8daRwwYhO6/9mcMFA=,I/MjxVmkV/IakzMi12wHsg2O1X4=
69,-44,7jOyeFv++X8daRwwYhO6/9mcMFA=,I/MjxVmkV/IakzMi12wHsg2O1X4=
65,-44,7jOyeFv++X8daRwwYhO6/9mcMFA=,I/MjxVmkV/IakzMi12wHsg2O1X4=
65,-48,7jOyeFv++X8daRwwYhO6/9mcMFA=,I/MjxVmkV/IakzMi12wHsg2O1X4=
68,-46,7jOyeFv++X8daRwwYhO6/9mcMFA=,I/MjxVmkV/IakzMi12wHsg2O1X4=
68,-47,7jOyeFv++X8daRwwYhO6/9mcMFA=,I/MjxVmkV/IakzMi12wHsg2O1X4=
66,-44,7jOyeFv++X8daRwwYhO6/9mcMFA=,I/MjxVmkV/IakzMi12wHsg2O1X4=
68,-44,7jOyeFv++X8daRwwYhO6/9mcMFA=,I/MjxVmkV/IakzMi12wHsg2O1X4=
68,-45,7jOyeFv++X8daRwwYhO6/9mcMFA=,I/MjxVmkV/IakzMi12wHsg2O1X4=
69,-46,7jOyeFv++X8daRwwYhO6/9mcMFA=,I/MjxVmkV/IakzMi12wHsg2O1X4=
69,-45,7jOyeFv++X8daRwwYhO6/9mcMFA=,I/MjxVmkV/IakzMi12wHsg2O1X4=
68,-48,7jOyeFv++X8daRwwYhO6/9mcMFA=,I/MjxVmkV/IakzMi12wHsg2O1X4=
73,-44,7jOyeFv++X8daRwwYhO6/9mcMFA=,I/MjxVmkV/IakzMi12wHsg2O1X4=
69,-33,7jOyeFv++X8daRwwYhO6/9mcMFA=,I/MjxVmkV/IakzMi12wHsg2O1X4=
68,-33,7jOyeFv++X8daRwwYhO6/9mcMFA=,I/MjxVmkV/IakzMi12wHsg2O1X4=
66,-45,7jOyeFv++X8daRwwYhO6/9mcMFA=,I/MjxVmkV/IakzMi12wHsg2O1X4=
67,-33,7jOyeFv++X8daRwwYhO6/9mcMFA=,I/MjxVmkV/IakzMi12wHsg2O1X4=
64,-33,7jOyeFv++X8daRwwYhO6/9mcMFA=,I/MjxVmkV/IakzMi12wHsg2O1X4=
74,-44,7jOyeFv++X8daRwwYhO6/9mcMFA=,I/MjxVmkV/IakzMi12wHsg2O1X4=
66,-47,7jOyeFv++X8daRwwYhO6/9mcMFA=,I/MjxVmkV/IakzMi12wHsg2O1X4=
65,-47,7jOyeFv++X8daRwwYhO6/9mcMFA=,I/MjxVmkV/IakzMi12wHsg2O1X4=
66,-33,7jOyeFv++X8daRwwYhO6/9mcMFA=,I/MjxVmkV/IakzMi12wHsg2O1X4=
66,-46,7jOyeFv++X8daRwwYhO6/9mcMFA=,I/MjxVmkV/IakzMi12wHsg2O1X4=
65,-33,7jOyeFv++X8daRwwYhO6/9mcMFA=,I/MjxVmkV/IakzMi12wHsg2O1X4=
65,-45,7jOyeFv++X8daRwwYhO6/9mcMFA=,I/MjxVmkV/IakzMi12wHsg2O1X4=
73,-34,7jOyeFv++X8daRwwYhO6/9mcMFA=,I/MjxVmkV/IakzMi12wHsg2O1X4=
73,-33,7jOyeFv++X8daRwwYhO6/9mcMFA=,I/MjxVmkV/IakzMi12wHsg2O1X4=
67,-34,7jOyeFv++X8daRwwYhO6/9mcMFA=,I/MjxVmkV/IakzMi12wHsg2O1X4=
64,-47,7jOyeFv++X8daRwwYhO6/9mcMFA=,I/MjxVmkV/IakzMi12wHsg2O1X4=
75,-44,7jOyeFv++X8daRwwYhO6/9mcMFA=,I/MjxVmkV/IakzMi12wHsg2O1X4=
65,-34,7jOyeFv++X8daRwwYhO6/9mcMFA=,I/MjxVmkV/IakzMi12wHsg2O1X4=
79,-35,7jOyeFv++X8daRwwYhO6/9mcMFA=,I/MjxVmkV/IakzMi12wHsg2O1X4=
76,-44,7jOyeFv++X8daRwwYhO6/9mcMFA=,I/MjxVmkV/IakzMi12wHsg2O1X4=
78,-35,7jOyeFv++X8daRwwYhO6/9mcMFA=,I/MjxVmkV/IakzMi12wHsg2O1X4=
75,-34,7jOyeFv++X8daRwwYhO6/9mcMFA=,I/MjxVmkV/IakzMi12wHsg2O1X4=
66,-34,7jOyeFv++X8daRwwYhO6/9mcMFA=,I/MjxVmkV/IakzMi12wHsg2O1X4=
74,-34,7jOyeFv++X8daRwwYhO6/9mcMFA=,I/MjxVmkV/IakzMi12wHsg2O1X4=
77,-44,7jOyeFv++X8daRwwYhO6/9mcMFA=,I/MjxVmkV/IakzMi12wHsg2O1X4=
65,-46,7jOyeFv++X8daRwwYhO6/9mcMFA=,I/MjxVmkV/IakzMi12wHsg2O1X4=
64,-45,7jOyeFv++X8daRwwYhO6/9mcMFA=,I/MjxVmkV/IakzMi12wHsg2O1X4=
78,-44,7jOyeFv++X8daRwwYhO6/9mcMFA=,I/MjxVmkV/IakzMi12wHsg2O1X4=
70,-46,7jOyeFv++X8daRwwYhO6/9mcMFA=,I/MjxVmkV/IakzMi12wHsg2O1X4=
79,-44,7jOyeFv++X8daRwwYhO6/9mcMFA=,I/MjxVmkV/IakzMi12wHsg2O1X4=
76,-35,7jOyeFv++X8daRwwYhO6/9mcMFA=,I/MjxVmkV/IakzMi12wHsg2O1X4=
70,-47,7jOyeFv++X8daRwwYhO6/9mcMFA=,I/MjxVmkV/IakzMi12wHsg2O1X4=
64,-43,7jOyeFv++X8daRwwYhO6/9mcMFA=,I/MjxVmkV/IakzMi12wHsg2O1X4=
75,-35,7jOyeFv++X8daRwwYhO6/9mcMFA=,I/MjxVmkV/IakzMi12wHsg2O1X4=
73,-35,7jOyeFv++X8daRwwYhO6/9mcMFA=,I/MjxVmkV/IakzMi12wHsg2O1X4=
78,-34,7jOyeFv++X8daRwwYhO6/9mcMFA=,I/MjxVmkV/IakzMi12wHsg2O1X4=
71,-34,7jOyeFv++X8daRwwYhO6/9mcMFA=,I/MjxVmkV/IakzMi12wHsg2O1X4=
65,-43,7jOyeFv++X8daRwwYhO6/9mcMFA=,I/MjxVmkV/IakzMi12wHsg2O1X4=
69,-34,7jOyeFv++X8daRwwYhO6/9mcMFA=,I/MjxVmkV/IakzMi12wHsg2O1X4=
66,-35,7jOyeFv++X8daRwwYhO6/9mcMFA=,I/MjxVmkV/IakzMi12wHsg2O1X4=
79,-36,7jOyeFv++X8daRwwYhO6/9mcMFA=,I/MjxVmkV/IakzMi12wHsg2O1X4=
65,-35,7jOyeFv++X8daRwwYhO6/9mcMFA=,I/MjxVmkV/IakzMi12wHsg2O1X4=
66,-43,7jOyeFv++X8daRwwYhO6/9mcMFA=,I/MjxVmkV/IakzMi12wHsg2O1X4=
64,-46,7jOyeFv++X8daRwwYhO6/9mcMFA=,I/MjxVmkV/IakzMi12wHsg2O1X4=
78,-36,7jOyeFv++X8daRwwYhO6/9mcMFA=,I/MjxVmkV/IakzMi12wHsg2O1X4=
67,-43,7jOyeFv++X8daRwwYhO6/9mcMFA=,I/MjxVmkV/IakzMi12wHsg2O1X4=
77,-36,7jOyeFv++X8daRwwYhO6/9mcMFA=,I/MjxVmkV/IakzMi12wHsg2O1X4=
76,-36,7jOyeFv++X8daRwwYhO6/9mcMFA=,I/MjxVmkV/IakzMi12wHsg2O1X4=
75,-36,7jOyeFv++X8daRwwYhO6/9mcMFA=,I/MjxVmkV/IakzMi12wHsg2O1X4=
68,-43,7jOyeFv++X8daRwwYhO6/9mcMFA=,I/MjxVmkV/IakzMi12wHsg2O1X4=
69,-43,7jOyeFv++X8daRwwYhO6/9mcMFA=,I/MjxVmkV/IakzMi12wHsg2O1X4=
70,-43,7jOyeFv++X8daRwwYhO6/9mcMFA=,I/MjxVmkV/IakzMi12wHsg2O1X4=
78,-33,7jOyeFv++X8daRwwYhO6/9mcMFA=,I/MjxVmkV/IakzMi12wHsg2O1X4=
71,-43,7jOyeFv++X8daRwwYhO6/9mcMFA=,I/MjxVmkV/IakzMi12wHsg2O1X4=
72,-43,7jOyeFv++X8daRwwYhO6/9mcMFA=,I/MjxVmkV/IakzMi12wHsg2O1X4=
64,-48,7jOyeFv++X8daRwwYhO6/9mcMFA=,I/MjxVmkV/IakzMi12wHsg2O1X4=
74,-36,7jOyeFv++X8daRwwYhO6/9mcMFA=,I/MjxVmkV/IakzMi12wHsg2O1X4=
73,-43,7jOyeFv++X8daRwwYhO6/9mcMFA=,I/MjxVmkV/IakzMi12wHsg2O1X4=
79,-33,7jOyeFv++X8daRwwYhO6/9mcMFA=,I/MjxVmkV/IakzMi12wHsg2O1X4=
74,-43,7jOyeFv++X8daRwwYhO6/9mcMFA=,I/MjxVmkV/IakzMi12wHsg2O1X4=
79,-47,7jOyeFv++X8daRwwYhO6/9mcMFA=,I/MjxVmkV/IakzMi12wHsg2O1X4=
75,-33,7jOyeFv++X8daRwwYhO6/9mcMFA=,I/MjxVmkV/IakzMi12wHsg2O1X4=
71,-48,7jOyeFv++X8daRwwYhO6/9mcMFA=,I/MjxVmkV/IakzMi12wHsg2O1X4=
75,-43,7jOyeFv++X8daRwwYhO6/9mcMFA=,I/MjxVmkV/IakzMi12wHsg2O1X4=
76,-34,7jOyeFv++X8daRwwYhO6/9mcMFA=,I/MjxVmkV/IakzMi12wHsg2O1X4=
71,-33,7jOyeFv++X8daRwwYhO6/9mcMFA=,I/MjxVmkV/IakzMi12wHsg2O1X4=
74,-33,7jOyeFv++X8daRwwYhO6/9mcMFA=,I/MjxVmkV/IakzMi12wHsg2O1X4=
76,-43,7jOyeFv++X8daRwwYhO6/9mcMFA=,I/MjxVmkV/IakzMi12wHsg2O1X4=
64,-34,7jOyeFv++X8daRwwYhO6/9mcMFA=,I/MjxVmkV/IakzMi12wHsg2O1X4=
79,-34,7jOyeFv++X8daRwwYhO6/9mcMFA=,I/MjxVmkV/IakzMi12wHsg2O1X4=
72,-33,7jOyeFv++X8daRwwYhO6/9mcMFA=,I/MjxVmkV/IakzMi12wHsg2O1X4=
74,-35,7jOyeFv++X8daRwwYhO6/9mcMFA=,I/MjxVmkV/IakzMi12wHsg2O1X4=
70,-33,7jOyeFv++X8daRwwYhO6/9mcMFA=,I/MjxVmkV/IakzMi12wHsg2O1X4=
77,-34,7jOyeFv++X8daRwwYhO6/9mcMFA=,I/MjxVmkV/IakzMi12wHsg2O1X4=
78,-37,7jOyeFv++X8daRwwYhO6/9mcMFA=,I/MjxVmkV/IakzMi12wHsg2O1X4=
79,-48,7jOyeFv++X8daRwwYhO6/9mcMFA=,I/MjxVmkV/IakzMi12wHsg2O1X4=
77,-37,7jOyeFv++X8daRwwYhO6/9mcMFA=,I/MjxVmkV/IakzMi12wHsg2O1X4=
68,-34,7jOyeFv++X8daRwwYhO6/9mcMFA=,I/MjxVmkV/IakzMi12wHsg2O1X4=
77,-48,7jOyeFv++X8daRwwYhO6/9mcMFA=,I/MjxVmkV/IakzMi12wHsg2O1X4=
78,-48,7jOyeFv++X8daRwwYhO6/9mcMFA=,I/MjxVmkV/IakzMi12wHsg2O1X4=
79,-46,7jOyeFv++X8daRwwYhO6/9mcMFA=,I/MjxVmkV/IakzMi12wHsg2O1X4=
77,-35,7jOyeFv++X8daRwwYhO6/9mcMFA=,I/MjxVmkV/IakzMi12wHsg2O1X4=
76,-37,7jOyeFv++X8daRwwYhO6/9mcMFA=,I/MjxVmkV/IakzMi12wHsg2O1X4=
72,-34,7jOyeFv++X8daRwwYhO6/9mcMFA=,I/MjxVmkV/IakzMi12wHsg2O1X4=
78,-47,7jOyeFv++X8daRwwYhO6/9mcMFA=,I/MjxVmkV/IakzMi12wHsg2O1X4=
77,-43,7jOyeFv++X8daRwwYhO6/9mcMFA=,I/MjxVmkV/IakzMi12wHsg2O1X4=
78,-46,7jOyeFv++X8daRwwYhO6/9mcMFA=,I/MjxVmkV/IakzMi12wHsg2O1X4=
79,-37,7jOyeFv++X8daRwwYhO6/9mcMFA=,I/MjxVmkV/IakzMi12wHsg2O1X4=
75,-37,7jOyeFv++X8daRwwYhO6/9mcMFA=,I/MjxVmkV/IakzMi12wHsg2O1X4=
70,-34,7jOyeFv++X8daRwwYhO6/9mcMFA=,I/MjxVmkV/IakzMi12wHsg2O1X4=
74,-37,7jOyeFv++X8daRwwYhO6/9mcMFA=,I/MjxVmkV/IakzMi12wHsg2O1X4=
77,-46,7jOyeFv++X8daRwwYhO6/9mcMFA=,I/MjxVmkV/IakzMi12wHsg2O1X4=
78,-43,7jOyeFv++X8daRwwYhO6/9mcMFA=,I/MjxVmkV/IakzMi12wHsg2O1X4=
68,-35,7jOyeFv++X8daRwwYhO6/9mcMFA=,I/MjxVmkV/IakzMi12wHsg2O1X4=
73,-37,7jOyeFv++X8daRwwYhO6/9mcMFA=,I/MjxVmkV/IakzMi12wHsg2O1X4=
77,-47,7jOyeFv++X8daRwwYhO6/9mcMFA=,I/MjxVmkV/IakzMi12wHsg2O1X4=
76,-46,7jOyeFv++X8daRwwYhO6/9mcMFA=,I/MjxVmkV/IakzMi12wHsg2O1X4=
79,-43,7jOyeFv++X8daRwwYhO6/9mcMFA=,I/MjxVmkV/IakzMi12wHsg2O1X4=
76,-47,7jOyeFv++X8daRwwYhO6/9mcMFA=,I/MjxVmkV/IakzMi12wHsg2O1X4=
69,-35,7jOyeFv++X8daRwwYhO6/9mcMFA=,I/MjxVmkV/IakzMi12wHsg2O1X4=
64,-42,7jOyeFv++X8daRwwYhO6/9mcMFA=,I/MjxVmkV/IakzMi12wHsg2O1X4=
71,-46,7jOyeFv++X8daRwwYhO6/9mcMFA=,I/MjxVmkV/IakzMi12wHsg2O1X4=
79,-38,7jOyeFv++X8daRwwYhO6/9mcMFA=,I/MjxVmkV/IakzMi12wHsg2O1X4=
78,-38,7jOyeFv++X8daRwwYhO6/9mcMFA=,I/MjxVmkV/IakzMi12wHsg2O1X4=
77,-38,7jOyeFv++X8daRwwYhO6/9mcMFA=,I/MjxVmkV/IakzMi12wHsg2O1X4=
71,-47,7jOyeFv++X8daRwwYhO6/9mcMFA=,I/MjxVmkV/IakzMi12wHsg2O1X4=
76,-38,7jOyeFv++X8daRwwYhO6/9mcMFA=,I/MjxVmkV/IakzMi12wHsg2O1X4=
75,-38,7jOyeFv++X8daRwwYhO6/9mcMFA=,I/MjxVmkV/IakzMi12wHsg2O1X4=
74,-38,7jOyeFv++X8daRwwYhO6/9mcMFA=,I/MjxVmkV/IakzMi12wHsg2O1X4=
65,-42,7jOyeFv++X8daRwwYhO6/9mcMFA=,I/MjxVmkV/IakzMi12wHsg2O1X4=
73,-38,7jOyeFv++X8daRwwYhO6/9mcMFA=,I/MjxVmkV/IakzMi12wHsg2O1X4=
72,-35,7jOyeFv++X8daRwwYhO6/9mcMFA=,I/MjxVmkV/IakzMi12wHsg2O1X4=
73,-36,7jOyeFv++X8daRwwYhO6/9mcMFA=,I/MjxVmkV/IakzMi12wHsg2O1X4=
64,-37,7jOyeFv++X8daRwwYhO6/9mcMFA=,I/MjxVmkV/IakzMi12wHsg2O1X4=
67,-35,7jOyeFv++X8daRwwYhO6/9mcMFA=,I/MjxVmkV/IakzMi12wHsg2O1X4=
71,-38,7jOyeFv++X8daRwwYhO6/9mcMFA=,I/MjxVmkV/IakzMi12wHsg2O1X4=
66,-42,7jOyeFv++X8daRwwYhO6/9mcMFA=,I/MjxVmkV/IakzMi12wHsg2O1X4=
70,-38,7jOyeFv++X8daRwwYhO6/9mcMFA=,I/MjxVmkV/IakzMi12wHsg2O1X4=
67,-42,7jOyeFv++X8daRwwYhO6/9mcMFA=,I/MjxVmkV/IakzMi12wHsg2O1X4=
71,-35,7jOyeFv++X8daRwwYhO6/9mcMFA=,I/MjxVmkV/IakzMi12wHsg2O1X4=
75,-47,7jOyeFv++X8daRwwYhO6/9mcMFA=,I/MjxVmkV/IakzMi12wHsg2O1X4=
68,-42,7jOyeFv++X8daRwwYhO6/9mcMFA=,I/MjxVmkV/IakzMi12wHsg2O1X4=
75,-46,7jOyeFv++X8daRwwYhO6/9mcMFA=,I/MjxVmkV/IakzMi12wHsg2O1X4=
69,-42,7jOyeFv++X8daRwwYhO6/9mcMFA=,I/MjxVmkV/IakzMi12wHsg2O1X4=
79,-39,7jOyeFv++X8daRwwYhO6/9mcMFA=,I/MjxVmkV/IakzMi12wHsg2O1X4=
72,-48,7jOyeFv++X8daRwwYhO6/9mcMFA=,I/MjxVmkV/IakzMi12wHsg2O1X4=
78,-39,7jOyeFv++X8daRwwYhO6/9mcMFA=,I/MjxVmkV/IakzMi12wHsg2O1X4=
70,-42,7jOyeFv++X8daRwwYhO6/9mcMFA=,I/MjxVmkV/IakzMi12wHsg2O1X4=
66,-48,7jOyeFv++X8daRwwYhO6/9mcMFA=,I/MjxVmkV/IakzMi12wHsg2O1X4=
70,-35,7jOyeFv++X8daRwwYhO6/9mcMFA=,I/MjxVmkV/IakzMi12wHsg2O1X4=
72,-36,7jOyeFv++X8daRwwYhO6/9mcMFA=,I/MjxVmkV/IakzMi12wHsg2O1X4=
64,-35,7jOyeFv++X8daRwwYhO6/9mcMFA=,I/MjxVmkV/IakzMi12wHsg2O1X4=
70,-36,7jOyeFv++X8daRwwYhO6/9mcMFA=,I/MjxVmkV/IakzMi12wHsg2O1X4=
71,-42,7jOyeFv++X8daRwwYhO6/9mcMFA=,I/MjxVmkV/IakzMi12wHsg2O1X4=
74,-39,7jOyeFv++X8daRwwYhO6/9mcMFA=,I/MjxVmkV/IakzMi12wHsg2O1X4=
75,-39,7jOyeFv++X8daRwwYhO6/9mcMFA=,I/MjxVmkV/IakzMi12wHsg2O1X4=
76,-39,7jOyeFv++X8daRwwYhO6/9mcMFA=,I/MjxVmkV/IakzMi12wHsg2O1X4=
77,-39,7jOyeFv++X8daRwwYhO6/9mcMFA=,I/MjxVmkV/IakzMi12wHsg2O1X4=
71,-36,7jOyeFv++X8daRwwYhO6/9mcMFA=,I/MjxVmkV/IakzMi12wHsg2O1X4=
72,-42,7jOyeFv++X8daRwwYhO6/9mcMFA=,I/MjxVmkV/IakzMi12wHsg2O1X4=
73,-39,7jOyeFv++X8daRwwYhO6/9mcMFA=,I/MjxVmkV/IakzMi12wHsg2O1X4=
72,-39,7jOyeFv++X8daRwwYhO6/9mcMFA=,I/MjxVmkV/IakzMi12wHsg2O1X4=
76,-48,7jOyeFv++X8daRwwYhO6/9mcMFA=,I/MjxVmkV/IakzMi12wHsg2O1X4=
70,-39,7jOyeFv++X8daRwwYhO6/9mcMFA=,I/MjxVmkV/IakzMi12wHsg2O1X4=
73,-42,7jOyeFv++X8daRwwYhO6/9mcMFA=,I/MjxVmkV/IakzMi12wHsg2O1X4=
66,-39,7jOyeFv++X8daRwwYhO6/9mcMFA=,I/MjxVmkV/IakzMi12wHsg2O1X4=
74,-47,7jOyeFv++X8daRwwYhO6/9mcMFA=,I/MjxVmkV/IakzMi12wHsg2O1X4=
74,-42,7jOyeFv++X8daRwwYhO6/9mcMFA=,I/MjxVmkV/IakzMi12wHsg2O1X4=
74,-46,7jOyeFv++X8daRwwYhO6/9mcMFA=,I/MjxVmkV/IakzMi12wHsg2O1X4=
75,-42,7jOyeFv++X8daRwwYhO6/9mcMFA=,I/MjxVmkV/IakzMi12wHsg2O1X4=
64,-36,7jOyeFv++X8daRwwYhO6/9mcMFA=,I/MjxVmkV/IakzMi12wHsg2O1X4=
79,-40,7jOyeFv++X8daRwwYhO6/9mcMFA=,I/MjxVmkV/IakzMi12wHsg2O1X4=
66,-36,7jOyeFv++X8daRwwYhO6/9mcMFA=,I/MjxVmkV/IakzMi12wHsg2O1X4=
78,-40,7jOyeFv++X8daRwwYhO6/9mcMFA=,I/MjxVmkV/IakzMi12wHsg2O1X4=
76,-42,7jOyeFv++X8daRwwYhO6/9mcMFA=,I/MjxVmkV/IakzMi12wHsg2O1X4=
77,-40,7jOyeFv++X8daRwwYhO6/9mcMFA=,I/MjxVmkV/IakzMi12wHsg2O1X4=
69,-36,7jOyeFv++X8daRwwYhO6/9mcMFA=,I/MjxVmkV/IakzMi12wHsg2O1X4=
76,-40,7jOyeFv++X8daRwwYhO6/9mcMFA=,I/MjxVmkV/IakzMi12wHsg2O1X4=
77,-42,7jOyeFv++X8daRwwYhO6/9mcMFA=,I/MjxVmkV/IakzMi12wHsg2O1X4=
75,-40,7jOyeFv++X8daRwwYhO6/9mcMFA=,I/MjxVmkV/IakzMi12wHsg2O1X4=
74,-40,7jOyeFv++X8daRwwYhO6/9mcMFA=,I/MjxVmkV/IakzMi12wHsg2O1X4=
73,-40,7jOyeFv++X8daRwwYhO6/9mcMFA=,I/MjxVmkV/IakzMi12wHsg2O1X4=
78,-42,7jOyeFv++X8daRwwYhO6/9mcMFA=,I/MjxVmkV/IakzMi12wHsg2O1X4=
72,-40,7jOyeFv++X8daRwwYhO6/9mcMFA=,I/MjxVmkV/IakzMi12wHsg2O1X4=
71,-40,7jOyeFv++X8daRwwYhO6/9mcMFA=,I/MjxVmkV/IakzMi12wHsg2O1X4=
70,-40,7jOyeFv++X8daRwwYhO6/9mcMFA=,I/MjxVmkV/IakzMi12wHsg2O1X4=
75,-48,7jOyeFv++X8daRwwYhO6/9mcMFA=,I/MjxVmkV/IakzMi12wHsg2O1X4=
79,-42,7jOyeFv++X8daRwwYhO6/9mcMFA=,I/MjxVmkV/IakzMi12wHsg2O1X4=
72,-46,7jOyeFv++X8daRwwYhO6/9mcMFA=,I/MjxVmkV/IakzMi12wHsg2O1X4=
69,-40,7jOyeFv++X8daRwwYhO6/9mcMFA=,I/MjxVmkV/IakzMi12wHsg2O1X4=
67,-39,7jOyeFv++X8daRwwYhO6/9mcMFA=,I/MjxVmkV/IakzMi12wHsg2O1X4=
67,-37,7jOyeFv++X8daRwwYhO6/9mcMFA=,I/MjxVmkV/IakzMi12wHsg2O1X4=
65,-36,7jOyeFv++X8daRwwYhO6/9mcMFA=,I/MjxVmkV/IakzMi12wHsg2O1X4=
68,-36,7jOyeFv++X8daRwwYhO6/9mcMFA=,I/MjxVmkV/IakzMi12wHsg2O1X4=
72,-47,7jOyeFv++X8daRwwYhO6/9mcMFA=,I/MjxVmkV/IakzMi12wHsg2O1X4=
68,-40,7jOyeFv++X8daRwwYhO6/9mcMFA=,I/MjxVmkV/IakzMi12wHsg2O1X4=
70,-37,7jOyeFv++X8daRwwYhO6/9mcMFA=,I/MjxVmkV/IakzMi12wHsg2O1X4=
73,-47,7jOyeFv++X8daRwwYhO6/9mcMFA=,I/MjxVmkV/IakzMi12wHsg2O1X4=
67,-40,7jOyeFv++X8daRwwYhO6/9mcMFA=,I/MjxVmkV/IakzMi12wHsg2O1X4=
73,-46,7jOyeFv++X8daRwwYhO6/9mcMFA=,I/MjxVmkV/IakzMi12wHsg2O1X4=
67,-36,7jOyeFv++X8daRwwYhO6/9mcMFA=,I/MjxVmkV/IakzMi12wHsg2O1X4=
66,-40,7jOyeFv++X8daRwwYhO6/9mcMFA=,I/MjxVmkV/IakzMi12wHsg2O1X4=
64,-41,7jOyeFv++X8daRwwYhO6/9mcMFA=,I/MjxVmkV/IakzMi12wHsg2O1X4=
64,-40,7jOyeFv++X8daRwwYhO6/9mcMFA=,I/MjxVmkV/IakzMi12wHsg2O1X4=
65,-40,7jOyeFv++X8daRwwYhO6/9mcMFA=,I/MjxVmkV/IakzMi12wHsg2O1X4=
79,-41,7jOyeFv++X8daRwwYhO6/9mcMFA=,I/MjxVmkV/IakzMi12wHsg2O1X4=
78,-41,7jOyeFv++X8daRwwYhO6/9mcMFA=,I/MjxVmkV/IakzMi12wHsg2O1X4=
72,-37,7jOyeFv++X8daRwwYhO6/9mcMFA=,I/MjxVmkV/IakzMi12wHsg2O1X4=
77,-41,7jOyeFv++X8daRwwYhO6/9mcMFA=,I/MjxVmkV/IakzMi12wHsg2O1X4=
69,-41,7jOyeFv++X8daRwwYhO6/9mcMFA=,I/MjxVmkV/IakzMi12wHsg2O1X4=
68,-41,7jOyeFv++X8daRwwYhO6/9mcMFA=,I/MjxVmkV/IakzMi12wHsg2O1X4=
75,-41,7jOyeFv++X8daRwwYhO6/9mcMFA=,I/MjxVmkV/IakzMi12wHsg2O1X4=
74,-41,7jOyeFv++X8daRwwYhO6/9mcMFA=,I/MjxVmkV/IakzMi12wHsg2O1X4=
73,-41,7jOyeFv++X8daRwwYhO6/9mcMFA=,I/MjxVmkV/IakzMi12wHsg2O1X4=
73,-48,7jOyeFv++X8daRwwYhO6/9mcMFA=,I/MjxVmkV/IakzMi12wHsg2O1X4=
71,-41,7jOyeFv++X8daRwwYhO6/9mcMFA=,I/MjxVmkV/IakzMi12wHsg2O1X4=
72,-41,7jOyeFv++X8daRwwYhO6/9mcMFA=,I/MjxVmkV/IakzMi12wHsg2O1X4=
67,-41,7jOyeFv++X8daRwwYhO6/9mcMFA=,I/MjxVmkV/IakzMi12wHsg2O1X4=
76,-41,7jOyeFv++X8daRwwYhO6/9mcMFA=,I/MjxVmkV/IakzMi12wHsg2O1X4=
70,-41,7jOyeFv++X8daRwwYhO6/9mcMFA=,I/MjxVmkV/IakzMi12wHsg2O1X4=
66,-41,7jOyeFv++X8daRwwYhO6/9mcMFA=,I/MjxVmkV/IakzMi12wHsg2O1X4=
65,-41,7jOyeFv++X8daRwwYhO6/9mcMFA=,I/MjxVmkV/IakzMi12wHsg2O1X4=
74,-48,7jOyeFv++X8daRwwYhO6/9mcMFA=,I/MjxVmkV/IakzMi12wHsg2O1X4=
67,-38,7jOyeFv++X8daRwwYhO6/9mcMFA=,I/MjxVmkV/IakzMi12wHsg2O1X4=
72,-38,6HcgwyGIBXGHEFHUgLjNCz7EgeQ=,I/MjxVmkV/IakzMi12wHsg2O1X4=
66,-37,6HcgwyGIBXGHEFHUgLjNCz7EgeQ=,I/MjxVmkV/IakzMi12wHsg2O1X4=
65,-37,6HcgwyGIBXGHEFHUgLjNCz7EgeQ=,I/MjxVmkV/IakzMi12wHsg2O1X4=
69,-37,6HcgwyGIBXGHEFHUgLjNCz7EgeQ=,I/MjxVmkV/IakzMi12wHsg2O1X4=
68,-37,6HcgwyGIBXGHEFHUgLjNCz7EgeQ=,I/MjxVmkV/IakzMi12wHsg2O1X4=
71,-37,6HcgwyGIBXGHEFHUgLjNCz7EgeQ=,I/MjxVmkV/IakzMi12wHsg2O1X4=
64,-38,6HcgwyGIBXGHEFHUgLjNCz7EgeQ=,I/MjxVmkV/IakzMi12wHsg2O1X4=
65,-38,6HcgwyGIBXGHEFHUgLjNCz7EgeQ=,I/MjxVmkV/IakzMi12wHsg2O1X4=
71,-39,6HcgwyGIBXGHEFHUgLjNCz7EgeQ=,I/MjxVmkV/IakzMi12wHsg2O1X4=
68,-38,6HcgwyGIBXGHEFHUgLjNCz7EgeQ=,I/MjxVmkV/IakzMi12wHsg2O1X4=
66,-38,6HcgwyGIBXGHEFHUgLjNCz7EgeQ=,I/MjxVmkV/IakzMi12wHsg2O1X4=
68,-39,6HcgwyGIBXGHEFHUgLjNCz7EgeQ=,I/MjxVmkV/IakzMi12wHsg2O1X4=
69,-38,6HcgwyGIBXGHEFHUgLjNCz7EgeQ=,I/MjxVmkV/IakzMi12wHsg2O1X4=
65,-39,6HcgwyGIBXGHEFHUgLjNCz7EgeQ=,I/MjxVmkV/IakzMi12wHsg2O1X4=
69,-39,6HcgwyGIBXGHEFHUgLjNCz7EgeQ=,I/MjxVmkV/IakzMi12wHsg2O1X4=
64,-39,6HcgwyGIBXGHEFHUgLjNCz7EgeQ=,I/MjxVmkV/IakzMi12wHsg2O1X4=
95,-33,lcYgaJ+eW+e3TJL0hFrsKoYOiAk=,iW0sWwEK3V1nYjkr0rFuz8X7N7o=
93,-33,lcYgaJ+eW+e3TJL0hFrsKoYOiAk=,iW0sWwEK3V1nYjkr0rFuz8X7N7o=
92,-33,lcYgaJ+eW+e3TJL0hFrsKoYOiAk=,iW0sWwEK3V1nYjkr0rFuz8X7N7o=
91,-33,lcYgaJ+eW+e3TJL0hFrsKoYOiAk=,iW0sWwEK3V1nYjkr0rFuz8X7N7o=
94,-33,lcYgaJ+eW+e3TJL0hFrsKoYOiAk=,iW0sWwEK3V1nYjkr0rFuz8X7N7o=
90,-33,lcYgaJ+eW+e3TJL0hFrsKoYOiAk=,iW0sWwEK3V1nYjkr0rFuz8X7N7o=
94,-34,lcYgaJ+eW+e3TJL0hFrsKoYOiAk=,iW0sWwEK3V1nYjkr0rFuz8X7N7o=
93,-34,lcYgaJ+eW+e3TJL0hFrsKoYOiAk=,iW0sWwEK3V1nYjkr0rFuz8X7N7o=
95,-34,lcYgaJ+eW+e3TJL0hFrsKoYOiAk=,iW0sWwEK3V1nYjkr0rFuz8X7N7o=
85,-33,lcYgaJ+eW+e3TJL0hFrsKoYOiAk=,iW0sWwEK3V1nYjkr0rFuz8X7N7o=
92,-34,lcYgaJ+eW+e3TJL0hFrsKoYOiAk=,iW0sWwEK3V1nYjkr0rFuz8X7N7o=
86,-45,lcYgaJ+eW+e3TJL0hFrsKoYOiAk=,iW0sWwEK3V1nYjkr0rFuz8X7N7o=
84,-33,lcYgaJ+eW+e3TJL0hFrsKoYOiAk=,iW0sWwEK3V1nYjkr0rFuz8X7N7o=
87,-33,lcYgaJ+eW+e3TJL0hFrsKoYOiAk=,iW0sWwEK3V1nYjkr0rFuz8X7N7o=
91,-34,lcYgaJ+eW+e3TJL0hFrsKoYOiAk=,iW0sWwEK3V1nYjkr0rFuz8X7N7o=
81,-45,lcYgaJ+eW+e3TJL0hFrsKoYOiAk=,iW0sWwEK3V1nYjkr0rFuz8X7N7o=
84,-48,lcYgaJ+eW+e3TJL0hFrsKoYOiAk=,iW0sWwEK3V1nYjkr0rFuz8X7N7o=
88,-33,lcYgaJ+eW+e3TJL0hFrsKoYOiAk=,iW0sWwEK3V1nYjkr0rFuz8X7N7o=
81,-33,lcYgaJ+eW+e3TJL0hFrsKoYOiAk=,iW0sWwEK3V1nYjkr0rFuz8X7N7o=
90,-34,lcYgaJ+eW+e3TJL0hFrsKoYOiAk=,iW0sWwEK3V1nYjkr0rFuz8X7N7o=
89,-33,lcYgaJ+eW+e3TJL0hFrsKoYOiAk=,iW0sWwEK3V1nYjkr0rFuz8X7N7o=
86,-33,lcYgaJ+eW+e3TJL0hFrsKoYOiAk=,iW0sWwEK3V1nYjkr0rFuz8X7N7o=
83,-46,lcYgaJ+eW+e3TJL0hFrsKoYOiAk=,iW0sWwEK3V1nYjkr0rFuz8X7N7o=
82,-33,lcYgaJ+eW+e3TJL0hFrsKoYOiAk=,iW0sWwEK3V1nYjkr0rFuz8X7N7o=
85,-48,lcYgaJ+eW+e3TJL0hFrsKoYOiAk=,iW0sWwEK3V1nYjkr0rFuz8X7N7o=
83,-33,lcYgaJ+eW+e3TJL0hFrsKoYOiAk=,iW0sWwEK3V1nYjkr0rFuz8X7N7o=
85,-45,lcYgaJ+eW+e3TJL0hFrsKoYOiAk=,iW0sWwEK3V1nYjkr0rFuz8X7N7o=
84,-45,lcYgaJ+eW+e3TJL0hFrsKoYOiAk=,iW0sWwEK3V1nYjkr0rFuz8X7N7o=
85,-46,lcYgaJ+eW+e3TJL0hFrsKoYOiAk=,iW0sWwEK3V1nYjkr0rFuz8X7N7o=
87,-45,lcYgaJ+eW+e3TJL0hFrsKoYOiAk=,iW0sWwEK3V1nYjkr0rFuz8X7N7o=
88,-34,lcYgaJ+eW+e3TJL0hFrsKoYOiAk=,iW0sWwEK3V1nYjkr0rFuz8X7N7o=
89,-34,lcYgaJ+eW+e3TJL0hFrsKoYOiAk=,iW0sWwEK3V1nYjkr0rFuz8X7N7o=
86,-46,lcYgaJ+eW+e3TJL0hFrsKoYOiAk=,iW0sWwEK3V1nYjkr0rFuz8X7N7o=
83,-48,lcYgaJ+eW+e3TJL0hFrsKoYOiAk=,iW0sWwEK3V1nYjkr0rFuz8X7N7o=
87,-34,lcYgaJ+eW+e3TJL0hFrsKoYOiAk=,iW0sWwEK3V1nYjkr0rFuz8X7N7o=
85,-47,lcYgaJ+eW+e3TJL0hFrsKoYOiAk=,iW0sWwEK3V1nYjkr0rFuz8X7N7o=
84,-47,lcYgaJ+eW+e3TJL0hFrsKoYOiAk=,iW0sWwEK3V1nYjkr0rFuz8X7N7o=
84,-46,lcYgaJ+eW+e3TJL0hFrsKoYOiAk=,iW0sWwEK3V1nYjkr0rFuz8X7N7o=
86,-34,lcYgaJ+eW+e3TJL0hFrsKoYOiAk=,iW0sWwEK3V1nYjkr0rFuz8X7N7o=
95,-35,lcYgaJ+eW+e3TJL0hFrsKoYOiAk=,iW0sWwEK3V1nYjkr0rFuz8X7N7o=
83,-45,lcYgaJ+eW+e3TJL0hFrsKoYOiAk=,iW0sWwEK3V1nYjkr0rFuz8X7N7o=
82,-45,lcYgaJ+eW+e3TJL0hFrsKoYOiAk=,iW0sWwEK3V1nYjkr0rFuz8X7N7o=
81,-48,lcYgaJ+eW+e3TJL0hFrsKoYOiAk=,iW0sWwEK3V1nYjkr0rFuz8X7N7o=
82,-34,lcYgaJ+eW+e3TJL0hFrsKoYOiAk=,iW0sWwEK3V1nYjkr0rFuz8X7N7o=
94,-35,lcYgaJ+eW+e3TJL0hFrsKoYOiAk=,iW0sWwEK3V1nYjkr0rFuz8X7N7o=
93,-35,lcYgaJ+eW+e3TJL0hFrsKoYOiAk=,iW0sWwEK3V1nYjkr0rFuz8X7N7o=
92,-35,lcYgaJ+eW+e3TJL0hFrsKoYOiAk=,iW0sWwEK3V1nYjkr0rFuz8X7N7o=
85,-34,lcYgaJ+eW+e3TJL0hFrsKoYOiAk=,iW0sWwEK3V1nYjkr0rFuz8X7N7o=
82,-46,lcYgaJ+eW+e3TJL0hFrsKoYOiAk=,iW0sWwEK3V1nYjkr0rFuz8X7N7o=
83,-34,lcYgaJ+eW+e3TJL0hFrsKoYOiAk=,iW0sWwEK3V1nYjkr0rFuz8X7N7o=
83,-47,lcYgaJ+eW+e3TJL0hFrsKoYOiAk=,iW0sWwEK3V1nYjkr0rFuz8X7N7o=
91,-35,lcYgaJ+eW+e3TJL0hFrsKoYOiAk=,iW0sWwEK3V1nYjkr0rFuz8X7N7o=
90,-35,lcYgaJ+eW+e3TJL0hFrsKoYOiAk=,iW0sWwEK3V1nYjkr0rFuz8X7N7o=
88,-45,lcYgaJ+eW+e3TJL0hFrsKoYOiAk=,iW0sWwEK3V1nYjkr0rFuz8X7N7o=
80,-33,lcYgaJ+eW+e3TJL0hFrsKoYOiAk=,iW0sWwEK3V1nYjkr0rFuz8X7N7o=
84,-34,lcYgaJ+eW+e3TJL0hFrsKoYOiAk=,iW0sWwEK3V1nYjkr0rFuz8X7N7o=
81,-46,lcYgaJ+eW+e3TJL0hFrsKoYOiAk=,iW0sWwEK3V1nYjkr0rFuz8X7N7o=
81,-34,lcYgaJ+eW+e3TJL0hFrsKoYOiAk=,iW0sWwEK3V1nYjkr0rFuz8X7N7o=
95,-36,lcYgaJ+eW+e3TJL0hFrsKoYOiAk=,iW0sWwEK3V1nYjkr0rFuz8X7N7o=
82,-47,lcYgaJ+eW+e3TJL0hFrsKoYOiAk=,iW0sWwEK3V1nYjkr0rFuz8X7N7o=
94,-36,lcYgaJ+eW+e3TJL0hFrsKoYOiAk=,iW0sWwEK3V1nYjkr0rFuz8X7N7o=
92,-36,lcYgaJ+eW+e3TJL0hFrsKoYOiAk=,iW0sWwEK3V1nYjkr0rFuz8X7N7o=
89,-35,lcYgaJ+eW+e3TJL0hFrsKoYOiAk=,iW0sWwEK3V1nYjkr0rFuz8X7N7o=
93,-36,lcYgaJ+eW+e3TJL0hFrsKoYOiAk=,iW0sWwEK3V1nYjkr0rFuz8X7N7o=
88,-35,lcYgaJ+eW+e3TJL0hFrsKoYOiAk=,iW0sWwEK3V1nYjkr0rFuz8X7N7o=
89,-45,lcYgaJ+eW+e3TJL0hFrsKoYOiAk=,iW0sWwEK3V1nYjkr0rFuz8X7N7o=
81,-47,lcYgaJ+eW+e3TJL0hFrsKoYOiAk=,iW0sWwEK3V1nYjkr0rFuz8X7N7o=
91,-36,lcYgaJ+eW+e3TJL0hFrsKoYOiAk=,iW0sWwEK3V1nYjkr0rFuz8X7N7o=
90,-36,lcYgaJ+eW+e3TJL0hFrsKoYOiAk=,iW0sWwEK3V1nYjkr0rFuz8X7N7o=
87,-35,lcYgaJ+eW+e3TJL0hFrsKoYOiAk=,iW0sWwEK3V1nYjkr0rFuz8X7N7o=
80,-47,lcYgaJ+eW+e3TJL0hFrsKoYOiAk=,iW0sWwEK3V1nYjkr0rFuz8X7N7o=
84,-35,lcYgaJ+eW+e3TJL0hFrsKoYOiAk=,iW0sWwEK3V1nYjkr0rFuz8X7N7o=
86,-35,lcYgaJ+eW+e3TJL0hFrsKoYOiAk=,iW0sWwEK3V1nYjkr0rFuz8X7N7o=
85,-35,lcYgaJ+eW+e3TJL0hFrsKoYOiAk=,iW0sWwEK3V1nYjkr0rFuz8X7N7o=
82,-48,lcYgaJ+eW+e3TJL0hFrsKoYOiAk=,iW0sWwEK3V1nYjkr0rFuz8X7N7o=
80,-45,lcYgaJ+eW+e3TJL0hFrsKoYOiAk=,iW0sWwEK3V1nYjkr0rFuz8X7N7o=
83,-35,lcYgaJ+eW+e3TJL0hFrsKoYOiAk=,iW0sWwEK3V1nYjkr0rFuz8X7N7o=
80,-34,lcYgaJ+eW+e3TJL0hFrsKoYOiAk=,iW0sWwEK3V1nYjkr0rFuz8X7N7o=
82,-35,lcYgaJ+eW+e3TJL0hFrsKoYOiAk=,iW0sWwEK3V1nYjkr0rFuz8X7N7o=
80,-46,lcYgaJ+eW+e3TJL0hFrsKoYOiAk=,iW0sWwEK3V1nYjkr0rFuz8X7N7o=
81,-35,lcYgaJ+eW+e3TJL0hFrsKoYOiAk=,iW0sWwEK3V1nYjkr0rFuz8X7N7o=
80,-35,lcYgaJ+eW+e3TJL0hFrsKoYOiAk=,iW0sWwEK3V1nYjkr0rFuz8X7N7o=
95,-46,lcYgaJ+eW+e3TJL0hFrsKoYOiAk=,iW0sWwEK3V1nYjkr0rFuz8X7N7o=
95,-37,lcYgaJ+eW+e3TJL0hFrsKoYOiAk=,iW0sWwEK3V1nYjkr0rFuz8X7N7o=
94,-37,lcYgaJ+eW+e3TJL0hFrsKoYOiAk=,iW0sWwEK3V1nYjkr0rFuz8X7N7o=
90,-45,lcYgaJ+eW+e3TJL0hFrsKoYOiAk=,iW0sWwEK3V1nYjkr0rFuz8X7N7o=
93,-37,lcYgaJ+eW+e3TJL0hFrsKoYOiAk=,iW0sWwEK3V1nYjkr0rFuz8X7N7o=
89,-36,lcYgaJ+eW+e3TJL0hFrsKoYOiAk=,iW0sWwEK3V1nYjkr0rFuz8X7N7o=
95,-48,lcYgaJ+eW+e3TJL0hFrsKoYOiAk=,iW0sWwEK3V1nYjkr0rFuz8X7N7o=
94,-48,lcYgaJ+eW+e3TJL0hFrsKoYOiAk=,iW0sWwEK3V1nYjkr0rFuz8X7N7o=
95,-47,lcYgaJ+eW+e3TJL0hFrsKoYOiAk=,iW0sWwEK3V1nYjkr0rFuz8X7N7o=
88,-36,lcYgaJ+eW+e3TJL0hFrsKoYOiAk=,iW0sWwEK3V1nYjkr0rFuz8X7N7o=
91,-37,lcYgaJ+eW+e3TJL0hFrsKoYOiAk=,iW0sWwEK3V1nYjkr0rFuz8X7N7o=
94,-47,lcYgaJ+eW+e3TJL0hFrsKoYOiAk=,iW0sWwEK3V1nYjkr0rFuz8X7N7o=
87,-36,lcYgaJ+eW+e3TJL0hFrsKoYOiAk=,iW0sWwEK3V1nYjkr0rFuz8X7N7o=
92,-37,lcYgaJ+eW+e3TJL0hFrsKoYOiAk=,iW0sWwEK3V1nYjkr0rFuz8X7N7o=
84,-36,lcYgaJ+eW+e3TJL0hFrsKoYOiAk=,iW0sWwEK3V1nYjkr0rFuz8X7N7o=
86,-36,lcYgaJ+eW+e3TJL0hFrsKoYOiAk=,iW0sWwEK3V1nYjkr0rFuz8X7N7o=
90,-37,lcYgaJ+eW+e3TJL0hFrsKoYOiAk=,iW0sWwEK3V1nYjkr0rFuz8X7N7o=
85,-36,lcYgaJ+eW+e3TJL0hFrsKoYOiAk=,iW0sWwEK3V1nYjkr0rFuz8X7N7o=
91,-45,lcYgaJ+eW+e3TJL0hFrsKoYOiAk=,iW0sWwEK3V1nYjkr0rFuz8X7N7o=
83,-36,lcYgaJ+eW+e3TJL0hFrsKoYOiAk=,iW0sWwEK3V1nYjkr0rFuz8X7N7o=
80,-36,lcYgaJ+eW+e3TJL0hFrsKoYOiAk=,iW0sWwEK3V1nYjkr0rFuz8X7N7o=
82,-36,lcYgaJ+eW+e3TJL0hFrsKoYOiAk=,iW0sWwEK3V1nYjkr0rFuz8X7N7o=
82,-37,lcYgaJ+eW+e3TJL0hFrsKoYOiAk=,iW0sWwEK3V1nYjkr0rFuz8X7N7o=
95,-38,lcYgaJ+eW+e3TJL0hFrsKoYOiAk=,iW0sWwEK3V1nYjkr0rFuz8X7N7o=
81,-36,lcYgaJ+eW+e3TJL0hFrsKoYOiAk=,iW0sWwEK3V1nYjkr0rFuz8X7N7o=
83,-37,lcYgaJ+eW+e3TJL0hFrsKoYOiAk=,iW0sWwEK3V1nYjkr0rFuz8X7N7o=
85,-37,lcYgaJ+eW+e3TJL0hFrsKoYOiAk=,iW0sWwEK3V1nYjkr0rFuz8X7N7o=
86,-37,lcYgaJ+eW+e3TJL0hFrsKoYOiAk=,iW0sWwEK3V1nYjkr0rFuz8X7N7o=
84,-37,lcYgaJ+eW+e3TJL0hFrsKoYOiAk=,iW0sWwEK3V1nYjkr0rFuz8X7N7o=
94,-46,lcYgaJ+eW+e3TJL0hFrsKoYOiAk=,iW0sWwEK3V1nYjkr0rFuz8X7N7o=
88,-37,lcYgaJ+eW+e3TJL0hFrsKoYOiAk=,iW0sWwEK3V1nYjkr0rFuz8X7N7o=
81,-37,lcYgaJ+eW+e3TJL0hFrsKoYOiAk=,iW0sWwEK3V1nYjkr0rFuz8X7N7o=
89,-37,lcYgaJ+eW+e3TJL0hFrsKoYOiAk=,iW0sWwEK3V1nYjkr0rFuz8X7N7o=
87,-37,lcYgaJ+eW+e3TJL0hFrsKoYOiAk=,iW0sWwEK3V1nYjkr0rFuz8X7N7o=
94,-38,lcYgaJ+eW+e3TJL0hFrsKoYOiAk=,iW0sWwEK3V1nYjkr0rFuz8X7N7o=
93,-48,lcYgaJ+eW+e3TJL0hFrsKoYOiAk=,iW0sWwEK3V1nYjkr0rFuz8X7N7o=
93,-47,lcYgaJ+eW+e3TJL0hFrsKoYOiAk=,iW0sWwEK3V1nYjkr0rFuz8X7N7o=
93,-38,lcYgaJ+eW+e3TJL0hFrsKoYOiAk=,iW0sWwEK3V1nYjkr0rFuz8X7N7o=
92,-45,lcYgaJ+eW+e3TJL0hFrsKoYOiAk=,iW0sWwEK3V1nYjkr0rFuz8X7N7o=
80,-37,lcYgaJ+eW+e3TJL0hFrsKoYOiAk=,iW0sWwEK3V1nYjkr0rFuz8X7N7o=
91,-38,lcYgaJ+eW+e3TJL0hFrsKoYOiAk=,iW0sWwEK3V1nYjkr0rFuz8X7N7o=
92,-38,lcYgaJ+eW+e3TJL0hFrsKoYOiAk=,iW0sWwEK3V1nYjkr0rFuz8X7N7o=
90,-38,lcYgaJ+eW+e3TJL0hFrsKoYOiAk=,iW0sWwEK3V1nYjkr0rFuz8X7N7o=
93,-46,lcYgaJ+eW+e3TJL0hFrsKoYOiAk=,iW0sWwEK3V1nYjkr0rFuz8X7N7o=
93,-45,lcYgaJ+eW+e3TJL0hFrsKoYOiAk=,iW0sWwEK3V1nYjkr0rFuz8X7N7o=
92,-48,lcYgaJ+eW+e3TJL0hFrsKoYOiAk=,iW0sWwEK3V1nYjkr0rFuz8X7N7o=
92,-47,lcYgaJ+eW+e3TJL0hFrsKoYOiAk=,iW0sWwEK3V1nYjkr0rFuz8X7N7o=
89,-38,lcYgaJ+eW+e3TJL0hFrsKoYOiAk=,iW0sWwEK3V1nYjkr0rFuz8X7N7o=
95,-39,lcYgaJ+eW+e3TJL0hFrsKoYOiAk=,iW0sWwEK3V1nYjkr0rFuz8X7N7o=
91,-39,lcYgaJ+eW+e3TJL0hFrsKoYOiAk=,iW0sWwEK3V1nYjkr0rFuz8X7N7o=
87,-38,lcYgaJ+eW+e3TJL0hFrsKoYOiAk=,iW0sWwEK3V1nYjkr0rFuz8X7N7o=
86,-38,lcYgaJ+eW+e3TJL0hFrsKoYOiAk=,iW0sWwEK3V1nYjkr0rFuz8X7N7o=
88,-38,lcYgaJ+eW+e3TJL0hFrsKoYOiAk=,iW0sWwEK3V1nYjkr0rFuz8X7N7o=
93,-39,lcYgaJ+eW+e3TJL0hFrsKoYOiAk=,iW0sWwEK3V1nYjkr0rFuz8X7N7o=
94,-39,lcYgaJ+eW+e3TJL0hFrsKoYOiAk=,iW0sWwEK3V1nYjkr0rFuz8X7N7o=
92,-39,lcYgaJ+eW+e3TJL0hFrsKoYOiAk=,iW0sWwEK3V1nYjkr0rFuz8X7N7o=
90,-39,lcYgaJ+eW+e3TJL0hFrsKoYOiAk=,iW0sWwEK3V1nYjkr0rFuz8X7N7o=
94,-45,lcYgaJ+eW+e3TJL0hFrsKoYOiAk=,iW0sWwEK3V1nYjkr0rFuz8X7N7o=
85,-38,lcYgaJ+eW+e3TJL0hFrsKoYOiAk=,iW0sWwEK3V1nYjkr0rFuz8X7N7o=
92,-46,lcYgaJ+eW+e3TJL0hFrsKoYOiAk=,iW0sWwEK3V1nYjkr0rFuz8X7N7o=
84,-38,lcYgaJ+eW+e3TJL0hFrsKoYOiAk=,iW0sWwEK3V1nYjkr0rFuz8X7N7o=
82,-38,lcYgaJ+eW+e3TJL0hFrsKoYOiAk=,iW0sWwEK3V1nYjkr0rFuz8X7N7o=
95,-40,lcYgaJ+eW+e3TJL0hFrsKoYOiAk=,iW0sWwEK3V1nYjkr0rFuz8X7N7o=
91,-48,lcYgaJ+eW+e3TJL0hFrsKoYOiAk=,iW0sWwEK3V1nYjkr0rFuz8X7N7o=
83,-38,lcYgaJ+eW+e3TJL0hFrsKoYOiAk=,iW0sWwEK3V1nYjkr0rFuz8X7N7o=
81,-38,lcYgaJ+eW+e3TJL0hFrsKoYOiAk=,iW0sWwEK3V1nYjkr0rFuz8X7N7o=
91,-47,lcYgaJ+eW+e3TJL0hFrsKoYOiAk=,iW0sWwEK3V1nYjkr0rFuz8X7N7o=
80,-38,lcYgaJ+eW+e3TJL0hFrsKoYOiAk=,iW0sWwEK3V1nYjkr0rFuz8X7N7o=
88,-39,lcYgaJ+eW+e3TJL0hFrsKoYOiAk=,iW0sWwEK3V1nYjkr0rFuz8X7N7o=
89,-39,lcYgaJ+eW+e3TJL0hFrsKoYOiAk=,iW0sWwEK3V1nYjkr0rFuz8X7N7o=
95,-45,lcYgaJ+eW+e3TJL0hFrsKoYOiAk=,iW0sWwEK3V1nYjkr0rFuz8X7N7o=
86,-39,lcYgaJ+eW+e3TJL0hFrsKoYOiAk=,iW0sWwEK3V1nYjkr0rFuz8X7N7o=
93,-40,lcYgaJ+eW+e3TJL0hFrsKoYOiAk=,iW0sWwEK3V1nYjkr0rFuz8X7N7o=
87,-39,lcYgaJ+eW+e3TJL0hFrsKoYOiAk=,iW0sWwEK3V1nYjkr0rFuz8X7N7o=
94,-40,lcYgaJ+eW+e3TJL0hFrsKoYOiAk=,iW0sWwEK3V1nYjkr0rFuz8X7N7o=
85,-39,lcYgaJ+eW+e3TJL0hFrsKoYOiAk=,iW0sWwEK3V1nYjkr0rFuz8X7N7o=
92,-40,lcYgaJ+eW+e3TJL0hFrsKoYOiAk=,iW0sWwEK3V1nYjkr0rFuz8X7N7o=
84,-39,lcYgaJ+eW+e3TJL0hFrsKoYOiAk=,iW0sWwEK3V1nYjkr0rFuz8X7N7o=
90,-40,lcYgaJ+eW+e3TJL0hFrsKoYOiAk=,iW0sWwEK3V1nYjkr0rFuz8X7N7o=
91,-46,lcYgaJ+eW+e3TJL0hFrsKoYOiAk=,iW0sWwEK3V1nYjkr0rFuz8X7N7o=
91,-40,lcYgaJ+eW+e3TJL0hFrsKoYOiAk=,iW0sWwEK3V1nYjkr0rFuz8X7N7o=
83,-39,lcYgaJ+eW+e3TJL0hFrsKoYOiAk=,iW0sWwEK3V1nYjkr0rFuz8X7N7o=
86,-47,lcYgaJ+eW+e3TJL0hFrsKoYOiAk=,iW0sWwEK3V1nYjkr0rFuz8X7N7o=
90,-48,lcYgaJ+eW+e3TJL0hFrsKoYOiAk=,iW0sWwEK3V1nYjkr0rFuz8X7N7o=
82,-39,lcYgaJ+eW+e3TJL0hFrsKoYOiAk=,iW0sWwEK3V1nYjkr0rFuz8X7N7o=
90,-47,lcYgaJ+eW+e3TJL0hFrsKoYOiAk=,iW0sWwEK3V1nYjkr0rFuz8X7N7o=
81,-39,lcYgaJ+eW+e3TJL0hFrsKoYOiAk=,iW0sWwEK3V1nYjkr0rFuz8X7N7o=
95,-41,lcYgaJ+eW+e3TJL0hFrsKoYOiAk=,iW0sWwEK3V1nYjkr0rFuz8X7N7o=
89,-41,lcYgaJ+eW+e3TJL0hFrsKoYOiAk=,iW0sWwEK3V1nYjkr0rFuz8X7N7o=
94,-41,lcYgaJ+eW+e3TJL0hFrsKoYOiAk=,iW0sWwEK3V1nYjkr0rFuz8X7N7o=
88,-41,lcYgaJ+eW+e3TJL0hFrsKoYOiAk=,iW0sWwEK3V1nYjkr0rFuz8X7N7o=
80,-39,lcYgaJ+eW+e3TJL0hFrsKoYOiAk=,iW0sWwEK3V1nYjkr0rFuz8X7N7o=
89,-40,lcYgaJ+eW+e3TJL0hFrsKoYOiAk=,iW0sWwEK3V1nYjkr0rFuz8X7N7o=
86,-40,lcYgaJ+eW+e3TJL0hFrsKoYOiAk=,iW0sWwEK3V1nYjkr0rFuz8X7N7o=
93,-41,lcYgaJ+eW+e3TJL0hFrsKoYOiAk=,iW0sWwEK3V1nYjkr0rFuz8X7N7o=
81,-40,lcYgaJ+eW+e3TJL0hFrsKoYOiAk=,iW0sWwEK3V1nYjkr0rFuz8X7N7o=
82,-40,lcYgaJ+eW+e3TJL0hFrsKoYOiAk=,iW0sWwEK3V1nYjkr0rFuz8X7N7o=
91,-41,lcYgaJ+eW+e3TJL0hFrsKoYOiAk=,iW0sWwEK3V1nYjkr0rFuz8X7N7o=
85,-40,lcYgaJ+eW+e3TJL0hFrsKoYOiAk=,iW0sWwEK3V1nYjkr0rFuz8X7N7o=
88,-40,lcYgaJ+eW+e3TJL0hFrsKoYOiAk=,iW0sWwEK3V1nYjkr0rFuz8X7N7o=
87,-41,lcYgaJ+eW+e3TJL0hFrsKoYOiAk=,iW0sWwEK3V1nYjkr0rFuz8X7N7o=
92,-41,lcYgaJ+eW+e3TJL0hFrsKoYOiAk=,iW0sWwEK3V1nYjkr0rFuz8X7N7o=
90,-41,lcYgaJ+eW+e3TJL0hFrsKoYOiAk=,iW0sWwEK3V1nYjkr0rFuz8X7N7o=
84,-40,lcYgaJ+eW+e3TJL0hFrsKoYOiAk=,iW0sWwEK3V1nYjkr0rFuz8X7N7o=
83,-40,lcYgaJ+eW+e3TJL0hFrsKoYOiAk=,iW0sWwEK3V1nYjkr0rFuz8X7N7o=
80,-40,lcYgaJ+eW+e3TJL0hFrsKoYOiAk=,iW0sWwEK3V1nYjkr0rFuz8X7N7o=
90,-42,lcYgaJ+eW+e3TJL0hFrsKoYOiAk=,iW0sWwEK3V1nYjkr0rFuz8X7N7o=
86,-41,lcYgaJ+eW+e3TJL0hFrsKoYOiAk=,iW0sWwEK3V1nYjkr0rFuz8X7N7o=
84,-41,lcYgaJ+eW+e3TJL0hFrsKoYOiAk=,iW0sWwEK3V1nYjkr0rFuz8X7N7o=
85,-41,lcYgaJ+eW+e3TJL0hFrsKoYOiAk=,iW0sWwEK3V1nYjkr0rFuz8X7N7o=
88,-42,lcYgaJ+eW+e3TJL0hFrsKoYOiAk=,iW0sWwEK3V1nYjkr0rFuz8X7N7o=
89,-42,lcYgaJ+eW+e3TJL0hFrsKoYOiAk=,iW0sWwEK3V1nYjkr0rFuz8X7N7o=
87,-40,lcYgaJ+eW+e3TJL0hFrsKoYOiAk=,iW0sWwEK3V1nYjkr0rFuz8X7N7o=
87,-42,lcYgaJ+eW+e3TJL0hFrsKoYOiAk=,iW0sWwEK3V1nYjkr0rFuz8X7N7o=
86,-42,lcYgaJ+eW+e3TJL0hFrsKoYOiAk=,iW0sWwEK3V1nYjkr0rFuz8X7N7o=
95,-43,lcYgaJ+eW+e3TJL0hFrsKoYOiAk=,iW0sWwEK3V1nYjkr0rFuz8X7N7o=
84,-42,lcYgaJ+eW+e3TJL0hFrsKoYOiAk=,iW0sWwEK3V1nYjkr0rFuz8X7N7o=
90,-43,lcYgaJ+eW+e3TJL0hFrsKoYOiAk=,iW0sWwEK3V1nYjkr0rFuz8X7N7o=
85,-42,lcYgaJ+eW+e3TJL0hFrsKoYOiAk=,iW0sWwEK3V1nYjkr0rFuz8X7N7o=
91,-42,lcYgaJ+eW+e3TJL0hFrsKoYOiAk=,iW0sWwEK3V1nYjkr0rFuz8X7N7o=
93,-43,lcYgaJ+eW+e3TJL0hFrsKoYOiAk=,iW0sWwEK3V1nYjkr0rFuz8X7N7o=
92,-43,lcYgaJ+eW+e3TJL0hFrsKoYOiAk=,iW0sWwEK3V1nYjkr0rFuz8X7N7o=
94,-43,lcYgaJ+eW+e3TJL0hFrsKoYOiAk=,iW0sWwEK3V1nYjkr0rFuz8X7N7o=
91,-43,lcYgaJ+eW+e3TJL0hFrsKoYOiAk=,iW0sWwEK3V1nYjkr0rFuz8X7N7o=
83,-42,lcYgaJ+eW+e3TJL0hFrsKoYOiAk=,iW0sWwEK3V1nYjkr0rFuz8X7N7o=
95,-44,lcYgaJ+eW+e3TJL0hFrsKoYOiAk=,iW0sWwEK3V1nYjkr0rFuz8X7N7o=
82,-42,lcYgaJ+eW+e3TJL0hFrsKoYOiAk=,iW0sWwEK3V1nYjkr0rFuz8X7N7o=
94,-44,lcYgaJ+eW+e3TJL0hFrsKoYOiAk=,iW0sWwEK3V1nYjkr0rFuz8X7N7o=
81,-42,lcYgaJ+eW+e3TJL0hFrsKoYOiAk=,iW0sWwEK3V1nYjkr0rFuz8X7N7o=
80,-42,lcYgaJ+eW+e3TJL0hFrsKoYOiAk=,iW0sWwEK3V1nYjkr0rFuz8X7N7o=
89,-46,lcYgaJ+eW+e3TJL0hFrsKoYOiAk=,iW0sWwEK3V1nYjkr0rFuz8X7N7o=
93,-44,lcYgaJ+eW+e3TJL0hFrsKoYOiAk=,iW0sWwEK3V1nYjkr0rFuz8X7N7o=
92,-42,lcYgaJ+eW+e3TJL0hFrsKoYOiAk=,iW0sWwEK3V1nYjkr0rFuz8X7N7o=
90,-44,lcYgaJ+eW+e3TJL0hFrsKoYOiAk=,iW0sWwEK3V1nYjkr0rFuz8X7N7o=
92,-44,lcYgaJ+eW+e3TJL0hFrsKoYOiAk=,iW0sWwEK3V1nYjkr0rFuz8X7N7o=
88,-48,lcYgaJ+eW+e3TJL0hFrsKoYOiAk=,iW0sWwEK3V1nYjkr0rFuz8X7N7o=
88,-47,lcYgaJ+eW+e3TJL0hFrsKoYOiAk=,iW0sWwEK3V1nYjkr0rFuz8X7N7o=
86,-43,lcYgaJ+eW+e3TJL0hFrsKoYOiAk=,iW0sWwEK3V1nYjkr0rFuz8X7N7o=
91,-44,lcYgaJ+eW+e3TJL0hFrsKoYOiAk=,iW0sWwEK3V1nYjkr0rFuz8X7N7o=
89,-43,lcYgaJ+eW+e3TJL0hFrsKoYOiAk=,iW0sWwEK3V1nYjkr0rFuz8X7N7o=
88,-43,lcYgaJ+eW+e3TJL0hFrsKoYOiAk=,iW0sWwEK3V1nYjkr0rFuz8X7N7o=
85,-43,lcYgaJ+eW+e3TJL0hFrsKoYOiAk=,iW0sWwEK3V1nYjkr0rFuz8X7N7o=
84,-43,lcYgaJ+eW+e3TJL0hFrsKoYOiAk=,iW0sWwEK3V1nYjkr0rFuz8X7N7o=
87,-43,lcYgaJ+eW+e3TJL0hFrsKoYOiAk=,iW0sWwEK3V1nYjkr0rFuz8X7N7o=
81,-43,lcYgaJ+eW+e3TJL0hFrsKoYOiAk=,iW0sWwEK3V1nYjkr0rFuz8X7N7o=
83,-43,lcYgaJ+eW+e3TJL0hFrsKoYOiAk=,iW0sWwEK3V1nYjkr0rFuz8X7N7o=
93,-42,lcYgaJ+eW+e3TJL0hFrsKoYOiAk=,iW0sWwEK3V1nYjkr0rFuz8X7N7o=
88,-46,lcYgaJ+eW+e3TJL0hFrsKoYOiAk=,iW0sWwEK3V1nYjkr0rFuz8X7N7o=
80,-43,lcYgaJ+eW+e3TJL0hFrsKoYOiAk=,iW0sWwEK3V1nYjkr0rFuz8X7N7o=
82,-43,lcYgaJ+eW+e3TJL0hFrsKoYOiAk=,iW0sWwEK3V1nYjkr0rFuz8X7N7o=
90,-46,lcYgaJ+eW+e3TJL0hFrsKoYOiAk=,iW0sWwEK3V1nYjkr0rFuz8X7N7o=
94,-42,lcYgaJ+eW+e3TJL0hFrsKoYOiAk=,iW0sWwEK3V1nYjkr0rFuz8X7N7o=
87,-48,lcYgaJ+eW+e3TJL0hFrsKoYOiAk=,iW0sWwEK3V1nYjkr0rFuz8X7N7o=
87,-47,lcYgaJ+eW+e3TJL0hFrsKoYOiAk=,iW0sWwEK3V1nYjkr0rFuz8X7N7o=
95,-42,lcYgaJ+eW+e3TJL0hFrsKoYOiAk=,iW0sWwEK3V1nYjkr0rFuz8X7N7o=
89,-44,lcYgaJ+eW+e3TJL0hFrsKoYOiAk=,iW0sWwEK3V1nYjkr0rFuz8X7N7o=
80,-48,lcYgaJ+eW+e3TJL0hFrsKoYOiAk=,iW0sWwEK3V1nYjkr0rFuz8X7N7o=
88,-44,lcYgaJ+eW+e3TJL0hFrsKoYOiAk=,iW0sWwEK3V1nYjkr0rFuz8X7N7o=
87,-44,lcYgaJ+eW+e3TJL0hFrsKoYOiAk=,iW0sWwEK3V1nYjkr0rFuz8X7N7o=
86,-44,lcYgaJ+eW+e3TJL0hFrsKoYOiAk=,iW0sWwEK3V1nYjkr0rFuz8X7N7o=
83,-41,lcYgaJ+eW+e3TJL0hFrsKoYOiAk=,iW0sWwEK3V1nYjkr0rFuz8X7N7o=
80,-44,lcYgaJ+eW+e3TJL0hFrsKoYOiAk=,iW0sWwEK3V1nYjkr0rFuz8X7N7o=
83,-44,lcYgaJ+eW+e3TJL0hFrsKoYOiAk=,iW0sWwEK3V1nYjkr0rFuz8X7N7o=
85,-44,lcYgaJ+eW+e3TJL0hFrsKoYOiAk=,iW0sWwEK3V1nYjkr0rFuz8X7N7o=
86,-48,lcYgaJ+eW+e3TJL0hFrsKoYOiAk=,iW0sWwEK3V1nYjkr0rFuz8X7N7o=
84,-44,lcYgaJ+eW+e3TJL0hFrsKoYOiAk=,iW0sWwEK3V1nYjkr0rFuz8X7N7o=
82,-44,lcYgaJ+eW+e3TJL0hFrsKoYOiAk=,iW0sWwEK3V1nYjkr0rFuz8X7N7o=
82,-41,lcYgaJ+eW+e3TJL0hFrsKoYOiAk=,iW0sWwEK3V1nYjkr0rFuz8X7N7o=
87,-46,lcYgaJ+eW+e3TJL0hFrsKoYOiAk=,iW0sWwEK3V1nYjkr0rFuz8X7N7o=
81,-41,lcYgaJ+eW+e3TJL0hFrsKoYOiAk=,iW0sWwEK3V1nYjkr0rFuz8X7N7o=
80,-41,lcYgaJ+eW+e3TJL0hFrsKoYOiAk=,iW0sWwEK3V1nYjkr0rFuz8X7N7o=
81,-44,lcYgaJ+eW+e3TJL0hFrsKoYOiAk=,iW0sWwEK3V1nYjkr0rFuz8X7N7o=
89,-48,lcYgaJ+eW+e3TJL0hFrsKoYOiAk=,iW0sWwEK3V1nYjkr0rFuz8X7N7o=
89,-47,lcYgaJ+eW+e3TJL0hFrsKoYOiAk=,iW0sWwEK3V1nYjkr0rFuz8X7N7o=
