-2,-6,3vZwDbhcqdDdeI6g0E4gpkHrJNs=,f7ZwFsba01lailemPc6JAoyW4nI=
-1,-4,3vZwDbhcqdDdeI6g0E4gpkHrJNs=,f7ZwFsba01lailemPc6JAoyW4nI=
-2,-9,3vZwDbhcqdDdeI6g0E4gpkHrJNs=,f7ZwFsba01lailemPc6JAoyW4nI=
-2,-8,3vZwDbhcqdDdeI6g0E4gpkHrJNs=,f7ZwFsba01lailemPc6JAoyW4nI=
-2,-7,3vZwDbhcqdDdeI6g0E4gpkHrJNs=,f7ZwFsba01lailemPc6JAoyW4nI=
-2,-4,3vZwDbhcqdDdeI6g0E4gpkHrJNs=,f7ZwFsba01lailemPc6JAoyW4nI=
-1,-1,3vZwDbhcqdDdeI6g0E4gpkHrJNs=,f7ZwFsba01lailemPc6JAoyW4nI=
-1,-5,3vZwDbhcqdDdeI6g0E4gpkHrJNs=,f7ZwFsba01lailemPc6JAoyW4nI=
-1,-3,3vZwDbhcqdDdeI6g0E4gpkHrJNs=,f7ZwFsba01lailemPc6JAoyW4nI=
-2,-3,3vZwDbhcqdDdeI6g0E4gpkHrJNs=,f7ZwFsba01lailemPc6JAoyW4nI=
-3,-8,3vZwDbhcqdDdeI6g0E4gpkHrJNs=,f7ZwFsba01lailemPc6JAoyW4nI=
-2,-1,3vZwDbhcqdDdeI6g0E4gpkHrJNs=,f7ZwFsba01lailemPc6JAoyW4nI=
-4,-6,3vZwDbhcqdDdeI6g0E4gpkHrJNs=,f7ZwFsba01lailemPc6JAoyW4nI=
-1,-2,3vZwDbhcqdDdeI6g0E4gpkHrJNs=,f7ZwFsba01lailemPc6JAoyW4nI=
-4,-7,3vZwDbhcqdDdeI6g0E4gpkHrJNs=,f7ZwFsba01lailemPc6JAoyW4nI=
-2,-5,3vZwDbhcqdDdeI6g0E4gpkHrJNs=,f7ZwFsba01lailemPc6JAoyW4nI=
-2,-2,3vZwDbhcqdDdeI6g0E4gpkHrJNs=,f7ZwFsba01lailemPc6JAoyW4nI=
-3,-4,3vZwDbhcqdDdeI6g0E4gpkHrJNs=,f7ZwFsba01lailemPc6JAoyW4nI=
-3,-5,3vZwDbhcqdDdeI6g0E4gpkHrJNs=,f7ZwFsba01lailemPc6JAoyW4nI=
-3,-6,3vZwDbhcqdDdeI6g0E4gpkHrJNs=,f7ZwFsba01lailemPc6JAoyW4nI=
-3,-7,MxDoQZkn2CXWVaxa4K+LUU36+aI=,f7ZwFsba01lailemPc6JAoyW4nI=
