-3,0,phWsoTeJKenVXQeQbohc07D+ylQ=,C5ccRcYKybtXbQMZPQ6MhsTJvZ0=
-2,1,phWsoTeJKenVXQeQbohc07D+ylQ=,C5ccRcYKybtXbQMZPQ6MhsTJvZ0=
-3,1,phWsoTeJKenVXQeQbohc07D+ylQ=,C5ccRcYKybtXbQMZPQ6MhsTJvZ0=
-4,1,phWsoTeJKenVXQeQbohc07D+ylQ=,C5ccRcYKybtXbQMZPQ6MhsTJvZ0=
-1,1,qHvRSUJSv69MEXWe5fymGReAhms=,rwNE15lQg9gkEpOmE55sFCNqUU0=
-1,0,qHvRSUJSv69MEXWe5fymGReAhms=,rwNE15lQg9gkEpOmE55sFCNqUU0=
-2,0,1ZBbu0Gkq4j8nnrVItDZMWSfhpo=,C5ccRcYKybtXbQMZPQ6MhsTJvZ0=
-2,6,qHvRSUJSv69MEXWe5fymGReAhms=,rwNE15lQg9gkEpOmE55sFCNqUU0=
-1,2,qHvRSUJSv69MEXWe5fymGReAhms=,rwNE15lQg9gkEpOmE55sFCNqUU0=
-1,7,qHvRSUJSv69MEXWe5fymGReAhms=,rwNE15lQg9gkEpOmE55sFCNqUU0=
-1,6,qHvRSUJSv69MEXWe5fymGReAhms=,rwNE15lQg9gkEpOmE55sFCNqUU0=
-1,4,qHvRSUJSv69MEXWe5fymGReAhms=,rwNE15lQg9gkEpOmE55sFCNqUU0=
-1,3,qHvRSUJSv69MEXWe5fymGReAhms=,rwNE15lQg9gkEpOmE55sFCNqUU0=
-1,5,qHvRSUJSv69MEXWe5fymGReAhms=,rwNE15lQg9gkEpOmE55sFCNqUU0=
