0,0,qHvRSUJSv69MEXWe5fymGReAhms=,IpJ8s6SEozsOGsTyM+XsUvmkN3g=
2,0,1ZBbu0Gkq4j8nnrVItDZMWSfhpo=,ruLI1l5LJr297Dxp3kx+aP9XzYg=
2,1,1ZBbu0Gkq4j8nnrVItDZMWSfhpo=,2572tuXl4sc+VQLX9VwwCsPtjTY=
0,1,AzMaQMpNz+g66J+9c/F5GWTwUo4=,GPfHZaOAxXIx2rFR0SmWpgMh/uE=
1,1,AzMaQMpNz+g66J+9c/F5GWTwUo4=,EahuUKgzTH3Yadb+R/rzns26Qgk=
3,1,1ZBbu0Gkq4j8nnrVItDZMWSfhpo=,jNyp10UNVrFnnS9HGVQif5wNhFE=
5,0,1ZBbu0Gkq4j8nnrVItDZMWSfhpo=,jNyp10UNVrFnnS9HGVQif5wNhFE=
1,0,AzMaQMpNz+g66J+9c/F5GWTwUo4=,J+VarESF0dfJ3FyRFGLDbXyvw94=
4,0,1ZBbu0Gkq4j8nnrVItDZMWSfhpo=,jNyp10UNVrFnnS9HGVQif5wNhFE=
3,0,1ZBbu0Gkq4j8nnrVItDZMWSfhpo=,paniYuEC37msl95ESh0r+Df5uYA=
0,2,AzMaQMpNz+g66J+9c/F5GWTwUo4=,qPU0s/HoqC5BVqLrS6j606CRNp4=
1,2,qHvRSUJSv69MEXWe5fymGReAhms=,YnLlJTO7TX1drV+AgIEz60J6qeo=
1,5,qHvRSUJSv69MEXWe5fymGReAhms=,90bs6en62Z+YpSU1686ISQ95QvY=
0,6,qHvRSUJSv69MEXWe5fymGReAhms=,YcGr6cwLQES2BKSdsIUc5fiQsrI=
0,3,qHvRSUJSv69MEXWe5fymGReAhms=,YnLlJTO7TX1drV+AgIEz60J6qeo=
0,7,qHvRSUJSv69MEXWe5fymGReAhms=,GPfHZaOAxXIx2rFR0SmWpgMh/uE=
0,4,qHvRSUJSv69MEXWe5fymGReAhms=,481JMJIWSKGRssSvs+6B35jkVRs=
0,5,qHvRSUJSv69MEXWe5fymGReAhms=,FN7MC8MVkVuJMSsLcEieM16Duwk=
